txn_id,date,direction,amount,category,description,counterparty
UPI20260601198246,2026-06-01,CREDIT,38.4,CUSTOMER_RECEIPT,UPI-QR Payment received gpay@okaxis,Customer_338
UPI20260601207473,2026-06-01,CREDIT,298.05,CUSTOMER_RECEIPT,UPI-QR Payment received paytm@upi,Customer_704
UPI20260601334053,2026-06-01,CREDIT,681.36,CUSTOMER_RECEIPT,UPI-QR Payment received gpay@okaxis,Customer_854
UPI20260601542417,2026-06-01,CREDIT,206.65,CUSTOMER_RECEIPT,UPI-QR Payment received paytm@upi,Customer_130
UPI20260601629903,2026-06-01,CREDIT,38.39,CUSTOMER_RECEIPT,UPI-QR Payment received paytm@upi,Customer_674
UPI20260601835392,2026-06-01,DEBIT,1802.43,BUSINESS_EXPENSE,"Inventory purchase (Tea, milk, spices, packaging)",subzi_mandi@axis
UPI20260601877572,2026-06-01,CREDIT,106.22,CUSTOMER_RECEIPT,UPI-QR Payment received phonepe@ybl,Customer_350
UPI20260602106814,2026-06-02,CREDIT,199.39,CUSTOMER_RECEIPT,UPI-QR Payment received gpay@okaxis,Customer_814
UPI20260602182627,2026-06-02,CREDIT,20.09,CUSTOMER_RECEIPT,UPI-QR Payment received phonepe@ybl,Customer_949
UPI20260602263032,2026-06-02,CREDIT,122.06,CUSTOMER_RECEIPT,UPI-QR Payment received gpay@okaxis,Customer_881
UPI20260602301629,2026-06-02,CREDIT,73.75,CUSTOMER_RECEIPT,UPI-QR Payment received paytm@upi,Customer_146
UPI20260602377370,2026-06-02,CREDIT,23.66,CUSTOMER_RECEIPT,UPI-QR Payment received paytm@upi,Customer_847
UPI20260602452944,2026-06-02,CREDIT,10.0,CUSTOMER_RECEIPT,UPI-QR Payment received paytm@upi,Customer_194
UPI20260602498382,2026-06-02,CREDIT,347.33,CUSTOMER_RECEIPT,UPI-QR Payment received paytm@upi,Customer_467
UPI20260602543143,2026-06-02,CREDIT,91.12,CUSTOMER_RECEIPT,UPI-QR Payment received phonepe@ybl,Customer_384
UPI20260602581741,2026-06-02,CREDIT,19.89,CUSTOMER_RECEIPT,UPI-QR Payment received paytm@upi,Customer_487
UPI20260602717889,2026-06-02,CREDIT,10.0,CUSTOMER_RECEIPT,UPI-QR Payment received phonepe@ybl,Customer_928
UPI20260602759176,2026-06-02,CREDIT,35.96,CUSTOMER_RECEIPT,UPI-QR Payment received phonepe@ybl,Customer_691
UPI20260602793384,2026-06-02,CREDIT,56.07,CUSTOMER_RECEIPT,UPI-QR Payment received gpay@okaxis,Customer_891
UPI20260602988662,2026-06-02,CREDIT,177.1,CUSTOMER_RECEIPT,UPI-QR Payment received phonepe@ybl,Customer_718
UPI20260603205907,2026-06-03,CREDIT,56.12,CUSTOMER_RECEIPT,UPI-QR Payment received bharatpe@icici,Customer_384
UPI20260603488162,2026-06-03,CREDIT,24.49,CUSTOMER_RECEIPT,UPI-QR Payment received phonepe@ybl,Customer_314
UPI20260603575435,2026-06-03,CREDIT,154.28,CUSTOMER_RECEIPT,UPI-QR Payment received phonepe@ybl,Customer_266
UPI20260603584714,2026-06-03,CREDIT,36.31,CUSTOMER_RECEIPT,UPI-QR Payment received bharatpe@icici,Customer_376
UPI20260603765822,2026-06-03,CREDIT,99.27,CUSTOMER_RECEIPT,UPI-QR Payment received gpay@okaxis,Customer_646
UPI20260603771088,2026-06-03,CREDIT,117.71,CUSTOMER_RECEIPT,UPI-QR Payment received gpay@okaxis,Customer_801
UPI20260603802729,2026-06-03,CREDIT,56.33,CUSTOMER_RECEIPT,UPI-QR Payment received phonepe@ybl,Customer_818
UPI20260603816751,2026-06-03,CREDIT,74.38,CUSTOMER_RECEIPT,UPI-QR Payment received paytm@upi,Customer_723
UPI20260603864544,2026-06-03,CREDIT,250.72,CUSTOMER_RECEIPT,UPI-QR Payment received gpay@okaxis,Customer_267
UPI20260604169403,2026-06-04,CREDIT,221.72,CUSTOMER_RECEIPT,UPI-QR Payment received gpay@okaxis,Customer_680
UPI20260604340174,2026-06-04,CREDIT,212.75,CUSTOMER_RECEIPT,UPI-QR Payment received paytm@upi,Customer_924
UPI20260604430776,2026-06-04,CREDIT,11.28,CUSTOMER_RECEIPT,UPI-QR Payment received bharatpe@icici,Customer_374
UPI20260604774079,2026-06-04,CREDIT,704.91,CUSTOMER_RECEIPT,UPI-QR Payment received bharatpe@icici,Customer_246
UPI20260604787277,2026-06-04,CREDIT,15.94,CUSTOMER_RECEIPT,UPI-QR Payment received bharatpe@icici,Customer_505
UPI20260604852787,2026-06-04,CREDIT,44.32,CUSTOMER_RECEIPT,UPI-QR Payment received phonepe@ybl,Customer_317
UPI20260604881177,2026-06-04,DEBIT,995.48,BUSINESS_EXPENSE,"Inventory purchase (Tea, milk, spices, packaging)",subzi_mandi@axis
ACH20260605412942,2026-06-05,DEBIT,3200.0,EMI_DEBT,Equipment Micro-Loan Auto-Debit EMI,MFI_Lending_NBFC
UPI20260605149405,2026-06-05,CREDIT,10.0,CUSTOMER_RECEIPT,UPI-QR Payment received paytm@upi,Customer_256
UPI20260605166613,2026-06-05,CREDIT,11.51,CUSTOMER_RECEIPT,UPI-QR Payment received bharatpe@icici,Customer_490
UPI20260605211579,2026-06-05,DEBIT,1510.75,BUSINESS_EXPENSE,"Inventory purchase (Tea, milk, spices, packaging)",subzi_mandi@axis
UPI20260605329974,2026-06-05,CREDIT,146.12,CUSTOMER_RECEIPT,UPI-QR Payment received gpay@okaxis,Customer_621
UPI20260605363626,2026-06-05,CREDIT,10.0,CUSTOMER_RECEIPT,UPI-QR Payment received paytm@upi,Customer_796
UPI20260605407757,2026-06-05,CREDIT,33.03,CUSTOMER_RECEIPT,UPI-QR Payment received bharatpe@icici,Customer_261
UPI20260605549245,2026-06-05,CREDIT,298.07,CUSTOMER_RECEIPT,UPI-QR Payment received bharatpe@icici,Customer_470
UPI20260605575763,2026-06-05,CREDIT,64.92,CUSTOMER_RECEIPT,UPI-QR Payment received paytm@upi,Customer_839
UPI20260605617488,2026-06-05,CREDIT,32.13,CUSTOMER_RECEIPT,UPI-QR Payment received paytm@upi,Customer_873
UPI20260605663054,2026-06-05,CREDIT,26.48,CUSTOMER_RECEIPT,UPI-QR Payment received phonepe@ybl,Customer_887
UPI20260605724834,2026-06-05,CREDIT,60.45,CUSTOMER_RECEIPT,UPI-QR Payment received bharatpe@icici,Customer_641
UPI20260605757924,2026-06-05,CREDIT,101.94,CUSTOMER_RECEIPT,UPI-QR Payment received gpay@okaxis,Customer_911
UPI20260605772097,2026-06-05,CREDIT,96.06,CUSTOMER_RECEIPT,UPI-QR Payment received phonepe@ybl,Customer_214
UPI20260605813536,2026-06-05,CREDIT,51.3,CUSTOMER_RECEIPT,UPI-QR Payment received bharatpe@icici,Customer_710
UPI20260605854639,2026-06-05,CREDIT,69.97,CUSTOMER_RECEIPT,UPI-QR Payment received phonepe@ybl,Customer_612
UPI20260605855731,2026-06-05,CREDIT,212.27,CUSTOMER_RECEIPT,UPI-QR Payment received paytm@upi,Customer_798
UPI20260606160738,2026-06-06,CREDIT,340.71,CUSTOMER_RECEIPT,UPI-QR Payment received gpay@okaxis,Customer_999
UPI20260606172574,2026-06-06,CREDIT,10.0,CUSTOMER_RECEIPT,UPI-QR Payment received gpay@okaxis,Customer_231
UPI20260606217301,2026-06-06,CREDIT,300.98,CUSTOMER_RECEIPT,UPI-QR Payment received phonepe@ybl,Customer_999
UPI20260606273148,2026-06-06,CREDIT,65.77,CUSTOMER_RECEIPT,UPI-QR Payment received phonepe@ybl,Customer_640
UPI20260606439902,2026-06-06,CREDIT,374.87,CUSTOMER_RECEIPT,UPI-QR Payment received bharatpe@icici,Customer_119
UPI20260606492077,2026-06-06,CREDIT,466.78,CUSTOMER_RECEIPT,UPI-QR Payment received gpay@okaxis,Customer_652
UPI20260606665492,2026-06-06,CREDIT,235.82,CUSTOMER_RECEIPT,UPI-QR Payment received gpay@okaxis,Customer_830
UPI20260606694916,2026-06-06,CREDIT,12.38,CUSTOMER_RECEIPT,UPI-QR Payment received paytm@upi,Customer_187
UPI20260606736059,2026-06-06,CREDIT,42.31,CUSTOMER_RECEIPT,UPI-QR Payment received bharatpe@icici,Customer_316
UPI20260606738551,2026-06-06,CREDIT,27.31,CUSTOMER_RECEIPT,UPI-QR Payment received gpay@okaxis,Customer_256
UPI20260606791798,2026-06-06,CREDIT,52.59,CUSTOMER_RECEIPT,UPI-QR Payment received bharatpe@icici,Customer_662
UPI20260606867460,2026-06-06,CREDIT,29.15,CUSTOMER_RECEIPT,UPI-QR Payment received bharatpe@icici,Customer_935
UPI20260606916449,2026-06-06,CREDIT,199.42,CUSTOMER_RECEIPT,UPI-QR Payment received paytm@upi,Customer_713
UPI20260606972064,2026-06-06,CREDIT,121.75,CUSTOMER_RECEIPT,UPI-QR Payment received phonepe@ybl,Customer_345
UPI20260607170674,2026-06-07,CREDIT,156.02,CUSTOMER_RECEIPT,UPI-QR Payment received paytm@upi,Customer_980
UPI20260607201639,2026-06-07,CREDIT,10.0,CUSTOMER_RECEIPT,UPI-QR Payment received bharatpe@icici,Customer_462
UPI20260607238739,2026-06-07,CREDIT,129.4,CUSTOMER_RECEIPT,UPI-QR Payment received bharatpe@icici,Customer_348
UPI20260607330914,2026-06-07,CREDIT,10.0,CUSTOMER_RECEIPT,UPI-QR Payment received paytm@upi,Customer_172
UPI20260607349565,2026-06-07,CREDIT,10.0,CUSTOMER_RECEIPT,UPI-QR Payment received phonepe@ybl,Customer_785
UPI20260607359947,2026-06-07,CREDIT,82.51,CUSTOMER_RECEIPT,UPI-QR Payment received gpay@okaxis,Customer_165
UPI20260607446479,2026-06-07,CREDIT,23.36,CUSTOMER_RECEIPT,UPI-QR Payment received paytm@upi,Customer_626
UPI20260607454508,2026-06-07,CREDIT,16.02,CUSTOMER_RECEIPT,UPI-QR Payment received paytm@upi,Customer_702
UPI20260607526833,2026-06-07,CREDIT,155.57,CUSTOMER_RECEIPT,UPI-QR Payment received gpay@okaxis,Customer_196
UPI20260607544154,2026-06-07,CREDIT,46.81,CUSTOMER_RECEIPT,UPI-QR Payment received bharatpe@icici,Customer_578
UPI20260607608993,2026-06-07,CREDIT,178.2,CUSTOMER_RECEIPT,UPI-QR Payment received gpay@okaxis,Customer_652
UPI20260607642717,2026-06-07,CREDIT,34.78,CUSTOMER_RECEIPT,UPI-QR Payment received bharatpe@icici,Customer_223
UPI20260607680828,2026-06-07,CREDIT,170.88,CUSTOMER_RECEIPT,UPI-QR Payment received gpay@okaxis,Customer_702
UPI20260607777568,2026-06-07,DEBIT,1742.71,BUSINESS_EXPENSE,"Inventory purchase (Tea, milk, spices, packaging)",kirana_supplier@upi
UPI20260607781446,2026-06-07,CREDIT,46.53,CUSTOMER_RECEIPT,UPI-QR Payment received phonepe@ybl,Customer_548
UPI20260607842225,2026-06-07,CREDIT,457.05,CUSTOMER_RECEIPT,UPI-QR Payment received paytm@upi,Customer_334
UPI20260607922733,2026-06-07,CREDIT,137.69,CUSTOMER_RECEIPT,UPI-QR Payment received bharatpe@icici,Customer_926
UPI20260608272634,2026-06-08,CREDIT,68.3,CUSTOMER_RECEIPT,UPI-QR Payment received bharatpe@icici,Customer_102
UPI20260608292401,2026-06-08,CREDIT,42.94,CUSTOMER_RECEIPT,UPI-QR Payment received phonepe@ybl,Customer_573
UPI20260608300896,2026-06-08,CREDIT,212.52,CUSTOMER_RECEIPT,UPI-QR Payment received gpay@okaxis,Customer_649
UPI20260608324130,2026-06-08,CREDIT,233.22,CUSTOMER_RECEIPT,UPI-QR Payment received bharatpe@icici,Customer_160
UPI20260608361941,2026-06-08,CREDIT,10.0,CUSTOMER_RECEIPT,UPI-QR Payment received paytm@upi,Customer_553
UPI20260608526156,2026-06-08,CREDIT,108.46,CUSTOMER_RECEIPT,UPI-QR Payment received bharatpe@icici,Customer_592
UPI20260608570405,2026-06-08,CREDIT,104.34,CUSTOMER_RECEIPT,UPI-QR Payment received gpay@okaxis,Customer_532
UPI20260608783823,2026-06-08,CREDIT,42.03,CUSTOMER_RECEIPT,UPI-QR Payment received paytm@upi,Customer_195
UPI20260608890170,2026-06-08,CREDIT,139.77,CUSTOMER_RECEIPT,UPI-QR Payment received gpay@okaxis,Customer_270
UPI20260608939482,2026-06-08,CREDIT,13.16,CUSTOMER_RECEIPT,UPI-QR Payment received paytm@upi,Customer_354
UPI20260608947272,2026-06-08,CREDIT,39.81,CUSTOMER_RECEIPT,UPI-QR Payment received paytm@upi,Customer_151
UPI20260609161324,2026-06-09,CREDIT,78.59,CUSTOMER_RECEIPT,UPI-QR Payment received paytm@upi,Customer_865
UPI20260609171262,2026-06-09,CREDIT,10.89,CUSTOMER_RECEIPT,UPI-QR Payment received gpay@okaxis,Customer_513
UPI20260609185965,2026-06-09,CREDIT,36.0,CUSTOMER_RECEIPT,UPI-QR Payment received bharatpe@icici,Customer_773
UPI20260609225710,2026-06-09,CREDIT,10.0,CUSTOMER_RECEIPT,UPI-QR Payment received gpay@okaxis,Customer_692
UPI20260609294851,2026-06-09,CREDIT,10.0,CUSTOMER_RECEIPT,UPI-QR Payment received paytm@upi,Customer_709
UPI20260609299122,2026-06-09,CREDIT,136.45,CUSTOMER_RECEIPT,UPI-QR Payment received phonepe@ybl,Customer_322
UPI20260609399105,2026-06-09,CREDIT,12.15,CUSTOMER_RECEIPT,UPI-QR Payment received bharatpe@icici,Customer_813
UPI20260609428838,2026-06-09,CREDIT,140.6,CUSTOMER_RECEIPT,UPI-QR Payment received paytm@upi,Customer_151
UPI20260609632496,2026-06-09,CREDIT,53.21,CUSTOMER_RECEIPT,UPI-QR Payment received paytm@upi,Customer_971
UPI20260609712554,2026-06-09,CREDIT,64.95,CUSTOMER_RECEIPT,UPI-QR Payment received bharatpe@icici,Customer_614
UPI20260609723398,2026-06-09,CREDIT,96.51,CUSTOMER_RECEIPT,UPI-QR Payment received paytm@upi,Customer_734
UPI20260609865990,2026-06-09,CREDIT,119.16,CUSTOMER_RECEIPT,UPI-QR Payment received bharatpe@icici,Customer_258
UPI20260609994141,2026-06-09,CREDIT,70.56,CUSTOMER_RECEIPT,UPI-QR Payment received gpay@okaxis,Customer_158
UPI20260610172132,2026-06-10,CREDIT,55.17,CUSTOMER_RECEIPT,UPI-QR Payment received gpay@okaxis,Customer_478
UPI20260610378082,2026-06-10,CREDIT,12.92,CUSTOMER_RECEIPT,UPI-QR Payment received gpay@okaxis,Customer_457
UPI20260610378517,2026-06-10,CREDIT,383.99,CUSTOMER_RECEIPT,UPI-QR Payment received bharatpe@icici,Customer_234
UPI20260610398830,2026-06-10,CREDIT,28.35,CUSTOMER_RECEIPT,UPI-QR Payment received gpay@okaxis,Customer_548
UPI20260610431535,2026-06-10,CREDIT,85.19,CUSTOMER_RECEIPT,UPI-QR Payment received paytm@upi,Customer_109
UPI20260610580547,2026-06-10,CREDIT,227.16,CUSTOMER_RECEIPT,UPI-QR Payment received paytm@upi,Customer_175
UPI20260610654634,2026-06-10,DEBIT,2511.73,BUSINESS_EXPENSE,Monthly Stall Fee & Electricity Bill,Municipal_Stall_Board
UPI20260610663750,2026-06-10,CREDIT,41.89,CUSTOMER_RECEIPT,UPI-QR Payment received gpay@okaxis,Customer_618
UPI20260610802258,2026-06-10,CREDIT,114.56,CUSTOMER_RECEIPT,UPI-QR Payment received phonepe@ybl,Customer_344
UPI20260610804318,2026-06-10,CREDIT,46.24,CUSTOMER_RECEIPT,UPI-QR Payment received phonepe@ybl,Customer_568
UPI20260610946305,2026-06-10,DEBIT,1656.35,BUSINESS_EXPENSE,"Inventory purchase (Tea, milk, spices, packaging)",subzi_mandi@axis
UPI20260611103717,2026-06-11,CREDIT,320.2,CUSTOMER_RECEIPT,UPI-QR Payment received phonepe@ybl,Customer_889
UPI20260611153266,2026-06-11,CREDIT,109.61,CUSTOMER_RECEIPT,UPI-QR Payment received paytm@upi,Customer_749
UPI20260611212235,2026-06-11,CREDIT,141.91,CUSTOMER_RECEIPT,UPI-QR Payment received gpay@okaxis,Customer_378
UPI20260611240814,2026-06-11,CREDIT,233.47,CUSTOMER_RECEIPT,UPI-QR Payment received phonepe@ybl,Customer_218
UPI20260611374680,2026-06-11,DEBIT,1691.96,BUSINESS_EXPENSE,"Inventory purchase (Tea, milk, spices, packaging)",kirana_supplier@upi
UPI20260611395442,2026-06-11,CREDIT,290.12,CUSTOMER_RECEIPT,UPI-QR Payment received gpay@okaxis,Customer_834
UPI20260611459536,2026-06-11,CREDIT,230.22,CUSTOMER_RECEIPT,UPI-QR Payment received gpay@okaxis,Customer_803
UPI20260611544151,2026-06-11,CREDIT,232.96,CUSTOMER_RECEIPT,UPI-QR Payment received phonepe@ybl,Customer_145
UPI20260611612262,2026-06-11,CREDIT,315.48,CUSTOMER_RECEIPT,UPI-QR Payment received phonepe@ybl,Customer_966
UPI20260611765046,2026-06-11,CREDIT,29.2,CUSTOMER_RECEIPT,UPI-QR Payment received phonepe@ybl,Customer_617
UPI20260611795613,2026-06-11,CREDIT,375.46,CUSTOMER_RECEIPT,UPI-QR Payment received paytm@upi,Customer_999
UPI20260612110139,2026-06-12,CREDIT,11.58,CUSTOMER_RECEIPT,UPI-QR Payment received paytm@upi,Customer_177
UPI20260612125990,2026-06-12,CREDIT,284.32,CUSTOMER_RECEIPT,UPI-QR Payment received gpay@okaxis,Customer_854
UPI20260612137778,2026-06-12,CREDIT,55.32,CUSTOMER_RECEIPT,UPI-QR Payment received phonepe@ybl,Customer_696
UPI20260612207786,2026-06-12,CREDIT,53.65,CUSTOMER_RECEIPT,UPI-QR Payment received phonepe@ybl,Customer_898
UPI20260612233636,2026-06-12,CREDIT,195.76,CUSTOMER_RECEIPT,UPI-QR Payment received paytm@upi,Customer_415
UPI20260612270395,2026-06-12,CREDIT,40.9,CUSTOMER_RECEIPT,UPI-QR Payment received gpay@okaxis,Customer_522
UPI20260612320281,2026-06-12,CREDIT,70.99,CUSTOMER_RECEIPT,UPI-QR Payment received gpay@okaxis,Customer_782
UPI20260612448321,2026-06-12,CREDIT,38.77,CUSTOMER_RECEIPT,UPI-QR Payment received bharatpe@icici,Customer_921
UPI20260612482364,2026-06-12,CREDIT,10.0,CUSTOMER_RECEIPT,UPI-QR Payment received paytm@upi,Customer_466
UPI20260612679364,2026-06-12,CREDIT,169.2,CUSTOMER_RECEIPT,UPI-QR Payment received gpay@okaxis,Customer_540
UPI20260612687080,2026-06-12,CREDIT,24.94,CUSTOMER_RECEIPT,UPI-QR Payment received bharatpe@icici,Customer_735
UPI20260612824586,2026-06-12,CREDIT,25.69,CUSTOMER_RECEIPT,UPI-QR Payment received gpay@okaxis,Customer_658
UPI20260612839945,2026-06-12,CREDIT,38.01,CUSTOMER_RECEIPT,UPI-QR Payment received bharatpe@icici,Customer_674
UPI20260612885884,2026-06-12,CREDIT,12.68,CUSTOMER_RECEIPT,UPI-QR Payment received gpay@okaxis,Customer_342
UPI20260613124813,2026-06-13,CREDIT,765.36,CUSTOMER_RECEIPT,UPI-QR Payment received gpay@okaxis,Customer_508
UPI20260613172792,2026-06-13,CREDIT,160.36,CUSTOMER_RECEIPT,UPI-QR Payment received phonepe@ybl,Customer_459
UPI20260613420015,2026-06-13,CREDIT,832.01,CUSTOMER_RECEIPT,UPI-QR Payment received gpay@okaxis,Customer_328
UPI20260613444207,2026-06-13,CREDIT,67.64,CUSTOMER_RECEIPT,UPI-QR Payment received phonepe@ybl,Customer_985
UPI20260613501124,2026-06-13,CREDIT,170.57,CUSTOMER_RECEIPT,UPI-QR Payment received paytm@upi,Customer_979
UPI20260613593554,2026-06-13,CREDIT,283.12,CUSTOMER_RECEIPT,UPI-QR Payment received gpay@okaxis,Customer_304
UPI20260613956253,2026-06-13,CREDIT,105.4,CUSTOMER_RECEIPT,UPI-QR Payment received bharatpe@icici,Customer_458
UPI20260613984642,2026-06-13,DEBIT,1751.33,BUSINESS_EXPENSE,"Inventory purchase (Tea, milk, spices, packaging)",subzi_mandi@axis
UPI20260614213668,2026-06-14,CREDIT,10.39,CUSTOMER_RECEIPT,UPI-QR Payment received bharatpe@icici,Customer_453
UPI20260614220944,2026-06-14,CREDIT,98.97,CUSTOMER_RECEIPT,UPI-QR Payment received phonepe@ybl,Customer_282
UPI20260614704596,2026-06-14,CREDIT,14.61,CUSTOMER_RECEIPT,UPI-QR Payment received gpay@okaxis,Customer_360
UPI20260614708792,2026-06-14,CREDIT,92.7,CUSTOMER_RECEIPT,UPI-QR Payment received phonepe@ybl,Customer_139
UPI20260614735656,2026-06-14,CREDIT,193.15,CUSTOMER_RECEIPT,UPI-QR Payment received paytm@upi,Customer_494
UPI20260614863934,2026-06-14,CREDIT,260.06,CUSTOMER_RECEIPT,UPI-QR Payment received phonepe@ybl,Customer_546
UPI20260615414910,2026-06-15,CREDIT,154.62,CUSTOMER_RECEIPT,UPI-QR Payment received phonepe@ybl,Customer_782
UPI20260615446239,2026-06-15,CREDIT,62.99,CUSTOMER_RECEIPT,UPI-QR Payment received phonepe@ybl,Customer_779
UPI20260615528231,2026-06-15,CREDIT,976.14,CUSTOMER_RECEIPT,UPI-QR Payment received phonepe@ybl,Customer_512
UPI20260615552248,2026-06-15,CREDIT,549.45,CUSTOMER_RECEIPT,UPI-QR Payment received paytm@upi,Customer_780
UPI20260615645175,2026-06-15,CREDIT,75.12,CUSTOMER_RECEIPT,UPI-QR Payment received gpay@okaxis,Customer_472
UPI20260615989208,2026-06-15,CREDIT,36.0,CUSTOMER_RECEIPT,UPI-QR Payment received paytm@upi,Customer_837
UPI20260616324082,2026-06-16,CREDIT,148.49,CUSTOMER_RECEIPT,UPI-QR Payment received bharatpe@icici,Customer_912
UPI20260616400850,2026-06-16,CREDIT,192.71,CUSTOMER_RECEIPT,UPI-QR Payment received gpay@okaxis,Customer_540
UPI20260616540869,2026-06-16,CREDIT,41.0,CUSTOMER_RECEIPT,UPI-QR Payment received bharatpe@icici,Customer_793
UPI20260616563246,2026-06-16,CREDIT,148.0,CUSTOMER_RECEIPT,UPI-QR Payment received bharatpe@icici,Customer_791
UPI20260616674553,2026-06-16,CREDIT,40.14,CUSTOMER_RECEIPT,UPI-QR Payment received paytm@upi,Customer_411
UPI20260616696750,2026-06-16,CREDIT,212.11,CUSTOMER_RECEIPT,UPI-QR Payment received phonepe@ybl,Customer_515
UPI20260616884475,2026-06-16,CREDIT,164.96,CUSTOMER_RECEIPT,UPI-QR Payment received gpay@okaxis,Customer_730
UPI20260616923927,2026-06-16,CREDIT,67.83,CUSTOMER_RECEIPT,UPI-QR Payment received phonepe@ybl,Customer_576
UPI20260616934692,2026-06-16,CREDIT,113.52,CUSTOMER_RECEIPT,UPI-QR Payment received gpay@okaxis,Customer_774
UPI20260617148458,2026-06-17,CREDIT,10.0,CUSTOMER_RECEIPT,UPI-QR Payment received gpay@okaxis,Customer_586
UPI20260617227253,2026-06-17,CREDIT,214.96,CUSTOMER_RECEIPT,UPI-QR Payment received bharatpe@icici,Customer_236
UPI20260617308802,2026-06-17,CREDIT,16.08,CUSTOMER_RECEIPT,UPI-QR Payment received gpay@okaxis,Customer_125
UPI20260617425498,2026-06-17,CREDIT,30.12,CUSTOMER_RECEIPT,UPI-QR Payment received gpay@okaxis,Customer_925
UPI20260617519066,2026-06-17,CREDIT,55.88,CUSTOMER_RECEIPT,UPI-QR Payment received gpay@okaxis,Customer_251
UPI20260617534572,2026-06-17,CREDIT,88.14,CUSTOMER_RECEIPT,UPI-QR Payment received gpay@okaxis,Customer_835
UPI20260617545798,2026-06-17,CREDIT,14.92,CUSTOMER_RECEIPT,UPI-QR Payment received gpay@okaxis,Customer_280
UPI20260617684482,2026-06-17,CREDIT,38.08,CUSTOMER_RECEIPT,UPI-QR Payment received gpay@okaxis,Customer_968
UPI20260617740967,2026-06-17,CREDIT,69.6,CUSTOMER_RECEIPT,UPI-QR Payment received paytm@upi,Customer_566
UPI20260617763686,2026-06-17,CREDIT,10.0,CUSTOMER_RECEIPT,UPI-QR Payment received phonepe@ybl,Customer_195
UPI20260617787926,2026-06-17,CREDIT,20.0,CUSTOMER_RECEIPT,UPI-QR Payment received paytm@upi,Customer_868
UPI20260617830180,2026-06-17,CREDIT,10.0,CUSTOMER_RECEIPT,UPI-QR Payment received bharatpe@icici,Customer_606
UPI20260617907451,2026-06-17,CREDIT,80.69,CUSTOMER_RECEIPT,UPI-QR Payment received paytm@upi,Customer_897
UPI20260617940346,2026-06-17,CREDIT,11.52,CUSTOMER_RECEIPT,UPI-QR Payment received bharatpe@icici,Customer_783
UPI20260617943170,2026-06-17,CREDIT,91.44,CUSTOMER_RECEIPT,UPI-QR Payment received bharatpe@icici,Customer_151
UPI20260617958179,2026-06-17,CREDIT,140.46,CUSTOMER_RECEIPT,UPI-QR Payment received gpay@okaxis,Customer_788
UPI20260618181247,2026-06-18,CREDIT,90.74,CUSTOMER_RECEIPT,UPI-QR Payment received phonepe@ybl,Customer_340
UPI20260618258157,2026-06-18,CREDIT,10.95,CUSTOMER_RECEIPT,UPI-QR Payment received gpay@okaxis,Customer_492
UPI20260618324345,2026-06-18,CREDIT,258.38,CUSTOMER_RECEIPT,UPI-QR Payment received paytm@upi,Customer_524
UPI20260618350867,2026-06-18,CREDIT,190.36,CUSTOMER_RECEIPT,UPI-QR Payment received phonepe@ybl,Customer_550
UPI20260618371782,2026-06-18,CREDIT,235.03,CUSTOMER_RECEIPT,UPI-QR Payment received gpay@okaxis,Customer_960
UPI20260618384913,2026-06-18,CREDIT,84.49,CUSTOMER_RECEIPT,UPI-QR Payment received phonepe@ybl,Customer_427
UPI20260618666390,2026-06-18,CREDIT,31.01,CUSTOMER_RECEIPT,UPI-QR Payment received paytm@upi,Customer_241
UPI20260618674485,2026-06-18,CREDIT,13.49,CUSTOMER_RECEIPT,UPI-QR Payment received bharatpe@icici,Customer_262
UPI20260618742412,2026-06-18,CREDIT,46.72,CUSTOMER_RECEIPT,UPI-QR Payment received bharatpe@icici,Customer_950
UPI20260618768636,2026-06-18,CREDIT,33.42,CUSTOMER_RECEIPT,UPI-QR Payment received phonepe@ybl,Customer_884
UPI20260618827659,2026-06-18,CREDIT,254.83,CUSTOMER_RECEIPT,UPI-QR Payment received gpay@okaxis,Customer_823
UPI20260618879779,2026-06-18,CREDIT,289.68,CUSTOMER_RECEIPT,UPI-QR Payment received bharatpe@icici,Customer_560
UPI20260618915451,2026-06-18,CREDIT,120.83,CUSTOMER_RECEIPT,UPI-QR Payment received bharatpe@icici,Customer_741
UPI20260619106182,2026-06-19,CREDIT,220.56,CUSTOMER_RECEIPT,UPI-QR Payment received phonepe@ybl,Customer_405
UPI20260619273061,2026-06-19,CREDIT,90.44,CUSTOMER_RECEIPT,UPI-QR Payment received bharatpe@icici,Customer_230
UPI20260619330080,2026-06-19,CREDIT,10.0,CUSTOMER_RECEIPT,UPI-QR Payment received phonepe@ybl,Customer_546
UPI20260619452457,2026-06-19,CREDIT,221.93,CUSTOMER_RECEIPT,UPI-QR Payment received bharatpe@icici,Customer_841
UPI20260619535970,2026-06-19,CREDIT,97.25,CUSTOMER_RECEIPT,UPI-QR Payment received paytm@upi,Customer_311
UPI20260619549433,2026-06-19,DEBIT,917.53,BUSINESS_EXPENSE,"Inventory purchase (Tea, milk, spices, packaging)",kirana_supplier@upi
UPI20260619609232,2026-06-19,CREDIT,17.1,CUSTOMER_RECEIPT,UPI-QR Payment received paytm@upi,Customer_498
UPI20260619752483,2026-06-19,CREDIT,10.0,CUSTOMER_RECEIPT,UPI-QR Payment received paytm@upi,Customer_503
UPI20260619883826,2026-06-19,CREDIT,99.64,CUSTOMER_RECEIPT,UPI-QR Payment received gpay@okaxis,Customer_599
UPI20260619890075,2026-06-19,CREDIT,211.54,CUSTOMER_RECEIPT,UPI-QR Payment received bharatpe@icici,Customer_973
UPI20260619902784,2026-06-19,CREDIT,125.55,CUSTOMER_RECEIPT,UPI-QR Payment received bharatpe@icici,Customer_588
UPI20260619907189,2026-06-19,CREDIT,41.66,CUSTOMER_RECEIPT,UPI-QR Payment received paytm@upi,Customer_977
UPI20260619973349,2026-06-19,CREDIT,40.16,CUSTOMER_RECEIPT,UPI-QR Payment received bharatpe@icici,Customer_498
UPI20260619976325,2026-06-19,CREDIT,146.8,CUSTOMER_RECEIPT,UPI-QR Payment received bharatpe@icici,Customer_651
UPI20260620120324,2026-06-20,CREDIT,248.21,CUSTOMER_RECEIPT,UPI-QR Payment received paytm@upi,Customer_458
UPI20260620152727,2026-06-20,CREDIT,25.16,CUSTOMER_RECEIPT,UPI-QR Payment received phonepe@ybl,Customer_488
UPI20260620335113,2026-06-20,CREDIT,59.72,CUSTOMER_RECEIPT,UPI-QR Payment received paytm@upi,Customer_899
UPI20260620442722,2026-06-20,CREDIT,10.0,CUSTOMER_RECEIPT,UPI-QR Payment received phonepe@ybl,Customer_879
UPI20260620443254,2026-06-20,CREDIT,256.15,CUSTOMER_RECEIPT,UPI-QR Payment received gpay@okaxis,Customer_565
UPI20260620497542,2026-06-20,CREDIT,41.23,CUSTOMER_RECEIPT,UPI-QR Payment received phonepe@ybl,Customer_870
UPI20260620972335,2026-06-20,CREDIT,187.13,CUSTOMER_RECEIPT,UPI-QR Payment received bharatpe@icici,Customer_358
UPI20260620975467,2026-06-20,CREDIT,276.88,CUSTOMER_RECEIPT,UPI-QR Payment received paytm@upi,Customer_581
UPI20260621213349,2026-06-21,CREDIT,171.25,CUSTOMER_RECEIPT,UPI-QR Payment received paytm@upi,Customer_419
UPI20260621259784,2026-06-21,CREDIT,55.21,CUSTOMER_RECEIPT,UPI-QR Payment received gpay@okaxis,Customer_229
UPI20260621309044,2026-06-21,CREDIT,253.88,CUSTOMER_RECEIPT,UPI-QR Payment received paytm@upi,Customer_736
UPI20260621328552,2026-06-21,CREDIT,279.76,CUSTOMER_RECEIPT,UPI-QR Payment received bharatpe@icici,Customer_816
UPI20260621368690,2026-06-21,CREDIT,213.8,CUSTOMER_RECEIPT,UPI-QR Payment received phonepe@ybl,Customer_271
UPI20260621596564,2026-06-21,CREDIT,80.24,CUSTOMER_RECEIPT,UPI-QR Payment received paytm@upi,Customer_677
UPI20260621703766,2026-06-21,CREDIT,20.05,CUSTOMER_RECEIPT,UPI-QR Payment received bharatpe@icici,Customer_506
UPI20260621735324,2026-06-21,CREDIT,385.68,CUSTOMER_RECEIPT,UPI-QR Payment received paytm@upi,Customer_896
UPI20260621824161,2026-06-21,DEBIT,906.4,BUSINESS_EXPENSE,"Inventory purchase (Tea, milk, spices, packaging)",subzi_mandi@axis
UPI20260621959099,2026-06-21,CREDIT,218.49,CUSTOMER_RECEIPT,UPI-QR Payment received gpay@okaxis,Customer_418
UPI20260622260422,2026-06-22,CREDIT,86.12,CUSTOMER_RECEIPT,UPI-QR Payment received bharatpe@icici,Customer_280
UPI20260622479781,2026-06-22,CREDIT,195.3,CUSTOMER_RECEIPT,UPI-QR Payment received bharatpe@icici,Customer_824
UPI20260622488571,2026-06-22,CREDIT,445.42,CUSTOMER_RECEIPT,UPI-QR Payment received paytm@upi,Customer_618
UPI20260622614013,2026-06-22,CREDIT,122.98,CUSTOMER_RECEIPT,UPI-QR Payment received paytm@upi,Customer_543
UPI20260622658623,2026-06-22,CREDIT,34.49,CUSTOMER_RECEIPT,UPI-QR Payment received bharatpe@icici,Customer_777
UPI20260622693423,2026-06-22,CREDIT,38.0,CUSTOMER_RECEIPT,UPI-QR Payment received paytm@upi,Customer_455
UPI20260622778998,2026-06-22,CREDIT,61.58,CUSTOMER_RECEIPT,UPI-QR Payment received phonepe@ybl,Customer_112
UPI20260622869440,2026-06-22,CREDIT,106.06,CUSTOMER_RECEIPT,UPI-QR Payment received phonepe@ybl,Customer_730
UPI20260622965845,2026-06-22,DEBIT,1450.82,BUSINESS_EXPENSE,"Inventory purchase (Tea, milk, spices, packaging)",subzi_mandi@axis
UPI20260622990844,2026-06-22,CREDIT,274.49,CUSTOMER_RECEIPT,UPI-QR Payment received bharatpe@icici,Customer_942
UPI20260622991597,2026-06-22,CREDIT,56.53,CUSTOMER_RECEIPT,UPI-QR Payment received paytm@upi,Customer_915
UPI20260623110644,2026-06-23,CREDIT,300.85,CUSTOMER_RECEIPT,UPI-QR Payment received gpay@okaxis,Customer_187
UPI20260623130094,2026-06-23,CREDIT,10.0,CUSTOMER_RECEIPT,UPI-QR Payment received bharatpe@icici,Customer_971
UPI20260623190872,2026-06-23,CREDIT,26.53,CUSTOMER_RECEIPT,UPI-QR Payment received phonepe@ybl,Customer_561
UPI20260623322423,2026-06-23,CREDIT,23.81,CUSTOMER_RECEIPT,UPI-QR Payment received phonepe@ybl,Customer_916
UPI20260623353080,2026-06-23,CREDIT,56.46,CUSTOMER_RECEIPT,UPI-QR Payment received bharatpe@icici,Customer_600
UPI20260623355709,2026-06-23,CREDIT,156.53,CUSTOMER_RECEIPT,UPI-QR Payment received bharatpe@icici,Customer_683
UPI20260623370902,2026-06-23,CREDIT,344.51,CUSTOMER_RECEIPT,UPI-QR Payment received phonepe@ybl,Customer_386
UPI20260623440802,2026-06-23,CREDIT,126.64,CUSTOMER_RECEIPT,UPI-QR Payment received gpay@okaxis,Customer_599
UPI20260623725113,2026-06-23,CREDIT,375.84,CUSTOMER_RECEIPT,UPI-QR Payment received phonepe@ybl,Customer_669
UPI20260623739979,2026-06-23,CREDIT,40.25,CUSTOMER_RECEIPT,UPI-QR Payment received bharatpe@icici,Customer_444
UPI20260623777278,2026-06-23,DEBIT,1766.85,BUSINESS_EXPENSE,"Inventory purchase (Tea, milk, spices, packaging)",subzi_mandi@axis
UPI20260623993085,2026-06-23,CREDIT,82.83,CUSTOMER_RECEIPT,UPI-QR Payment received gpay@okaxis,Customer_950
UPI20260624197573,2026-06-24,CREDIT,10.0,CUSTOMER_RECEIPT,UPI-QR Payment received phonepe@ybl,Customer_326
UPI20260624524045,2026-06-24,CREDIT,575.98,CUSTOMER_RECEIPT,UPI-QR Payment received gpay@okaxis,Customer_413
UPI20260624680358,2026-06-24,CREDIT,743.24,CUSTOMER_RECEIPT,UPI-QR Payment received phonepe@ybl,Customer_535
UPI20260624796212,2026-06-24,CREDIT,122.15,CUSTOMER_RECEIPT,UPI-QR Payment received phonepe@ybl,Customer_584
UPI20260624836996,2026-06-24,CREDIT,419.04,CUSTOMER_RECEIPT,UPI-QR Payment received bharatpe@icici,Customer_377
UPI20260624882169,2026-06-24,CREDIT,724.2,CUSTOMER_RECEIPT,UPI-QR Payment received phonepe@ybl,Customer_460
UPI20260625157174,2026-06-25,DEBIT,1184.04,BUSINESS_EXPENSE,"Inventory purchase (Tea, milk, spices, packaging)",subzi_mandi@axis
UPI20260625225362,2026-06-25,CREDIT,85.85,CUSTOMER_RECEIPT,UPI-QR Payment received gpay@okaxis,Customer_296
UPI20260625326895,2026-06-25,CREDIT,336.25,CUSTOMER_RECEIPT,UPI-QR Payment received bharatpe@icici,Customer_383
UPI20260625338533,2026-06-25,CREDIT,143.65,CUSTOMER_RECEIPT,UPI-QR Payment received phonepe@ybl,Customer_283
UPI20260625416950,2026-06-25,CREDIT,485.71,CUSTOMER_RECEIPT,UPI-QR Payment received paytm@upi,Customer_825
UPI20260625856321,2026-06-25,CREDIT,61.57,CUSTOMER_RECEIPT,UPI-QR Payment received gpay@okaxis,Customer_423
UPI20260625859782,2026-06-25,CREDIT,67.29,CUSTOMER_RECEIPT,UPI-QR Payment received phonepe@ybl,Customer_202
UPI20260625973074,2026-06-25,CREDIT,32.79,CUSTOMER_RECEIPT,UPI-QR Payment received gpay@okaxis,Customer_403
UPI20260626112861,2026-06-26,CREDIT,131.75,CUSTOMER_RECEIPT,UPI-QR Payment received phonepe@ybl,Customer_580
UPI20260626168517,2026-06-26,CREDIT,23.56,CUSTOMER_RECEIPT,UPI-QR Payment received bharatpe@icici,Customer_603
UPI20260626177680,2026-06-26,CREDIT,114.01,CUSTOMER_RECEIPT,UPI-QR Payment received paytm@upi,Customer_255
UPI20260626256445,2026-06-26,CREDIT,327.54,CUSTOMER_RECEIPT,UPI-QR Payment received phonepe@ybl,Customer_187
UPI20260626293319,2026-06-26,CREDIT,148.98,CUSTOMER_RECEIPT,UPI-QR Payment received paytm@upi,Customer_358
UPI20260626600935,2026-06-26,CREDIT,719.6,CUSTOMER_RECEIPT,UPI-QR Payment received paytm@upi,Customer_941
UPI20260626601968,2026-06-26,CREDIT,15.96,CUSTOMER_RECEIPT,UPI-QR Payment received bharatpe@icici,Customer_448
UPI20260626768854,2026-06-26,CREDIT,185.86,CUSTOMER_RECEIPT,UPI-QR Payment received bharatpe@icici,Customer_205
UPI20260627178711,2026-06-27,CREDIT,93.74,CUSTOMER_RECEIPT,UPI-QR Payment received gpay@okaxis,Customer_102
UPI20260627317881,2026-06-27,CREDIT,217.47,CUSTOMER_RECEIPT,UPI-QR Payment received gpay@okaxis,Customer_370
UPI20260627351516,2026-06-27,CREDIT,320.01,CUSTOMER_RECEIPT,UPI-QR Payment received gpay@okaxis,Customer_665
UPI20260627528361,2026-06-27,CREDIT,91.13,CUSTOMER_RECEIPT,UPI-QR Payment received bharatpe@icici,Customer_805
UPI20260627564226,2026-06-27,CREDIT,158.69,CUSTOMER_RECEIPT,UPI-QR Payment received phonepe@ybl,Customer_980
UPI20260627647957,2026-06-27,CREDIT,156.31,CUSTOMER_RECEIPT,UPI-QR Payment received bharatpe@icici,Customer_561
UPI20260627696251,2026-06-27,CREDIT,45.5,CUSTOMER_RECEIPT,UPI-QR Payment received paytm@upi,Customer_724
UPI20260627717113,2026-06-27,CREDIT,58.32,CUSTOMER_RECEIPT,UPI-QR Payment received bharatpe@icici,Customer_412
UPI20260627722656,2026-06-27,CREDIT,209.57,CUSTOMER_RECEIPT,UPI-QR Payment received bharatpe@icici,Customer_398
UPI20260627735770,2026-06-27,CREDIT,176.72,CUSTOMER_RECEIPT,UPI-QR Payment received gpay@okaxis,Customer_894
UPI20260627792509,2026-06-27,CREDIT,264.15,CUSTOMER_RECEIPT,UPI-QR Payment received paytm@upi,Customer_260
UPI20260627841296,2026-06-27,DEBIT,1124.07,BUSINESS_EXPENSE,"Inventory purchase (Tea, milk, spices, packaging)",dairy_distributor@icici
UPI20260627876039,2026-06-27,CREDIT,216.95,CUSTOMER_RECEIPT,UPI-QR Payment received paytm@upi,Customer_881
UPI20260628174637,2026-06-28,CREDIT,146.43,CUSTOMER_RECEIPT,UPI-QR Payment received gpay@okaxis,Customer_370
UPI20260628184349,2026-06-28,CREDIT,109.12,CUSTOMER_RECEIPT,UPI-QR Payment received paytm@upi,Customer_542
UPI20260628220351,2026-06-28,CREDIT,221.6,CUSTOMER_RECEIPT,UPI-QR Payment received gpay@okaxis,Customer_763
UPI20260628230394,2026-06-28,CREDIT,120.44,CUSTOMER_RECEIPT,UPI-QR Payment received bharatpe@icici,Customer_805
UPI20260628249145,2026-06-28,CREDIT,57.54,CUSTOMER_RECEIPT,UPI-QR Payment received paytm@upi,Customer_161
UPI20260628256226,2026-06-28,CREDIT,307.91,CUSTOMER_RECEIPT,UPI-QR Payment received phonepe@ybl,Customer_946
UPI20260628273982,2026-06-28,CREDIT,65.69,CUSTOMER_RECEIPT,UPI-QR Payment received phonepe@ybl,Customer_709
UPI20260628362529,2026-06-28,CREDIT,124.66,CUSTOMER_RECEIPT,UPI-QR Payment received paytm@upi,Customer_193
UPI20260628418862,2026-06-28,CREDIT,10.0,CUSTOMER_RECEIPT,UPI-QR Payment received bharatpe@icici,Customer_378
UPI20260628624783,2026-06-28,CREDIT,87.41,CUSTOMER_RECEIPT,UPI-QR Payment received bharatpe@icici,Customer_548
UPI20260628870214,2026-06-28,CREDIT,47.1,CUSTOMER_RECEIPT,UPI-QR Payment received phonepe@ybl,Customer_718
UPI20260628885339,2026-06-28,CREDIT,13.77,CUSTOMER_RECEIPT,UPI-QR Payment received phonepe@ybl,Customer_549
UPI20260628926097,2026-06-28,CREDIT,168.86,CUSTOMER_RECEIPT,UPI-QR Payment received gpay@okaxis,Customer_535
UPI20260629142185,2026-06-29,CREDIT,168.31,CUSTOMER_RECEIPT,UPI-QR Payment received gpay@okaxis,Customer_581
UPI20260629192337,2026-06-29,CREDIT,75.71,CUSTOMER_RECEIPT,UPI-QR Payment received phonepe@ybl,Customer_358
UPI20260629209680,2026-06-29,CREDIT,94.91,CUSTOMER_RECEIPT,UPI-QR Payment received gpay@okaxis,Customer_437
UPI20260629290305,2026-06-29,CREDIT,13.23,CUSTOMER_RECEIPT,UPI-QR Payment received bharatpe@icici,Customer_750
UPI20260629438977,2026-06-29,CREDIT,98.74,CUSTOMER_RECEIPT,UPI-QR Payment received paytm@upi,Customer_891
UPI20260629449499,2026-06-29,CREDIT,23.66,CUSTOMER_RECEIPT,UPI-QR Payment received phonepe@ybl,Customer_786
UPI20260629523808,2026-06-29,CREDIT,126.03,CUSTOMER_RECEIPT,UPI-QR Payment received paytm@upi,Customer_773
UPI20260629531641,2026-06-29,CREDIT,10.0,CUSTOMER_RECEIPT,UPI-QR Payment received bharatpe@icici,Customer_395
UPI20260629592841,2026-06-29,CREDIT,143.03,CUSTOMER_RECEIPT,UPI-QR Payment received phonepe@ybl,Customer_518
UPI20260629644173,2026-06-29,CREDIT,43.46,CUSTOMER_RECEIPT,UPI-QR Payment received bharatpe@icici,Customer_384
UPI20260629715643,2026-06-29,CREDIT,10.0,CUSTOMER_RECEIPT,UPI-QR Payment received paytm@upi,Customer_883
UPI20260629794769,2026-06-29,CREDIT,10.0,CUSTOMER_RECEIPT,UPI-QR Payment received bharatpe@icici,Customer_933
UPI20260629804938,2026-06-29,CREDIT,10.0,CUSTOMER_RECEIPT,UPI-QR Payment received phonepe@ybl,Customer_690
UPI20260629897441,2026-06-29,CREDIT,73.76,CUSTOMER_RECEIPT,UPI-QR Payment received paytm@upi,Customer_565
UPI20260629953797,2026-06-29,CREDIT,71.89,CUSTOMER_RECEIPT,UPI-QR Payment received bharatpe@icici,Customer_193
UPI20260630114338,2026-06-30,CREDIT,10.0,CUSTOMER_RECEIPT,UPI-QR Payment received bharatpe@icici,Customer_195
UPI20260630130271,2026-06-30,CREDIT,82.64,CUSTOMER_RECEIPT,UPI-QR Payment received gpay@okaxis,Customer_826
UPI20260630266071,2026-06-30,CREDIT,11.68,CUSTOMER_RECEIPT,UPI-QR Payment received phonepe@ybl,Customer_664
UPI20260630335615,2026-06-30,CREDIT,470.02,CUSTOMER_RECEIPT,UPI-QR Payment received paytm@upi,Customer_572
UPI20260630380028,2026-06-30,CREDIT,226.71,CUSTOMER_RECEIPT,UPI-QR Payment received gpay@okaxis,Customer_394
UPI20260630559398,2026-06-30,CREDIT,45.16,CUSTOMER_RECEIPT,UPI-QR Payment received bharatpe@icici,Customer_224
UPI20260630563513,2026-06-30,CREDIT,55.76,CUSTOMER_RECEIPT,UPI-QR Payment received paytm@upi,Customer_308
UPI20260630643623,2026-06-30,CREDIT,532.39,CUSTOMER_RECEIPT,UPI-QR Payment received phonepe@ybl,Customer_737
UPI20260630893188,2026-06-30,CREDIT,103.84,CUSTOMER_RECEIPT,UPI-QR Payment received bharatpe@icici,Customer_740
UPI20260701173201,2026-07-01,CREDIT,135.53,CUSTOMER_RECEIPT,UPI-QR Payment received phonepe@ybl,Customer_891
UPI20260701251668,2026-07-01,CREDIT,28.94,CUSTOMER_RECEIPT,UPI-QR Payment received bharatpe@icici,Customer_295
UPI20260701355570,2026-07-01,CREDIT,32.37,CUSTOMER_RECEIPT,UPI-QR Payment received bharatpe@icici,Customer_664
UPI20260701396578,2026-07-01,DEBIT,1948.77,BUSINESS_EXPENSE,"Inventory purchase (Tea, milk, spices, packaging)",subzi_mandi@axis
UPI20260701622584,2026-07-01,CREDIT,307.49,CUSTOMER_RECEIPT,UPI-QR Payment received phonepe@ybl,Customer_621
UPI20260701728492,2026-07-01,CREDIT,48.99,CUSTOMER_RECEIPT,UPI-QR Payment received gpay@okaxis,Customer_984
UPI20260701839677,2026-07-01,CREDIT,202.52,CUSTOMER_RECEIPT,UPI-QR Payment received phonepe@ybl,Customer_525
UPI20260701928381,2026-07-01,CREDIT,213.27,CUSTOMER_RECEIPT,UPI-QR Payment received bharatpe@icici,Customer_448
UPI20260701975271,2026-07-01,CREDIT,89.45,CUSTOMER_RECEIPT,UPI-QR Payment received bharatpe@icici,Customer_583
UPI20260702138817,2026-07-02,CREDIT,10.0,CUSTOMER_RECEIPT,UPI-QR Payment received gpay@okaxis,Customer_614
UPI20260702205239,2026-07-02,CREDIT,10.0,CUSTOMER_RECEIPT,UPI-QR Payment received bharatpe@icici,Customer_202
UPI20260702255813,2026-07-02,CREDIT,27.38,CUSTOMER_RECEIPT,UPI-QR Payment received bharatpe@icici,Customer_651
UPI20260702350405,2026-07-02,CREDIT,78.88,CUSTOMER_RECEIPT,UPI-QR Payment received bharatpe@icici,Customer_339
UPI20260702433632,2026-07-02,CREDIT,23.73,CUSTOMER_RECEIPT,UPI-QR Payment received bharatpe@icici,Customer_822
UPI20260702437408,2026-07-02,CREDIT,67.39,CUSTOMER_RECEIPT,UPI-QR Payment received gpay@okaxis,Customer_814
UPI20260702607868,2026-07-02,CREDIT,258.31,CUSTOMER_RECEIPT,UPI-QR Payment received phonepe@ybl,Customer_440
UPI20260702651499,2026-07-02,CREDIT,10.0,CUSTOMER_RECEIPT,UPI-QR Payment received bharatpe@icici,Customer_115
UPI20260702678727,2026-07-02,CREDIT,111.64,CUSTOMER_RECEIPT,UPI-QR Payment received bharatpe@icici,Customer_566
UPI20260702708093,2026-07-02,CREDIT,89.99,CUSTOMER_RECEIPT,UPI-QR Payment received bharatpe@icici,Customer_986
UPI20260702718849,2026-07-02,CREDIT,10.29,CUSTOMER_RECEIPT,UPI-QR Payment received phonepe@ybl,Customer_990
UPI20260702795928,2026-07-02,CREDIT,118.24,CUSTOMER_RECEIPT,UPI-QR Payment received gpay@okaxis,Customer_607
UPI20260702857537,2026-07-02,CREDIT,161.26,CUSTOMER_RECEIPT,UPI-QR Payment received gpay@okaxis,Customer_519
UPI20260702950823,2026-07-02,CREDIT,36.69,CUSTOMER_RECEIPT,UPI-QR Payment received bharatpe@icici,Customer_495
UPI20260702997594,2026-07-02,CREDIT,45.36,CUSTOMER_RECEIPT,UPI-QR Payment received bharatpe@icici,Customer_144
UPI20260703158845,2026-07-03,DEBIT,1254.12,BUSINESS_EXPENSE,"Inventory purchase (Tea, milk, spices, packaging)",dairy_distributor@icici
UPI20260703171744,2026-07-03,CREDIT,22.44,CUSTOMER_RECEIPT,UPI-QR Payment received gpay@okaxis,Customer_746
UPI20260703184216,2026-07-03,CREDIT,75.85,CUSTOMER_RECEIPT,UPI-QR Payment received phonepe@ybl,Customer_972
UPI20260703203225,2026-07-03,CREDIT,112.9,CUSTOMER_RECEIPT,UPI-QR Payment received paytm@upi,Customer_554
UPI20260703274446,2026-07-03,CREDIT,118.96,CUSTOMER_RECEIPT,UPI-QR Payment received phonepe@ybl,Customer_129
UPI20260703455007,2026-07-03,CREDIT,143.52,CUSTOMER_RECEIPT,UPI-QR Payment received bharatpe@icici,Customer_765
UPI20260703667296,2026-07-03,CREDIT,75.7,CUSTOMER_RECEIPT,UPI-QR Payment received paytm@upi,Customer_732
UPI20260703757246,2026-07-03,CREDIT,79.83,CUSTOMER_RECEIPT,UPI-QR Payment received bharatpe@icici,Customer_993
UPI20260703807115,2026-07-03,CREDIT,12.15,CUSTOMER_RECEIPT,UPI-QR Payment received bharatpe@icici,Customer_424
UPI20260703817644,2026-07-03,CREDIT,67.13,CUSTOMER_RECEIPT,UPI-QR Payment received phonepe@ybl,Customer_332
UPI20260703883041,2026-07-03,CREDIT,59.99,CUSTOMER_RECEIPT,UPI-QR Payment received paytm@upi,Customer_544
UPI20260704252640,2026-07-04,CREDIT,10.0,CUSTOMER_RECEIPT,UPI-QR Payment received gpay@okaxis,Customer_643
UPI20260704283573,2026-07-04,CREDIT,136.85,CUSTOMER_RECEIPT,UPI-QR Payment received paytm@upi,Customer_724
UPI20260704362246,2026-07-04,CREDIT,392.17,CUSTOMER_RECEIPT,UPI-QR Payment received bharatpe@icici,Customer_965
UPI20260704367729,2026-07-04,CREDIT,24.76,CUSTOMER_RECEIPT,UPI-QR Payment received paytm@upi,Customer_923
UPI20260704413685,2026-07-04,CREDIT,122.69,CUSTOMER_RECEIPT,UPI-QR Payment received bharatpe@icici,Customer_806
UPI20260704501126,2026-07-04,CREDIT,97.36,CUSTOMER_RECEIPT,UPI-QR Payment received gpay@okaxis,Customer_609
UPI20260704503380,2026-07-04,DEBIT,1078.9,BUSINESS_EXPENSE,"Inventory purchase (Tea, milk, spices, packaging)",dairy_distributor@icici
UPI20260704532067,2026-07-04,CREDIT,65.34,CUSTOMER_RECEIPT,UPI-QR Payment received gpay@okaxis,Customer_274
UPI20260704563187,2026-07-04,CREDIT,10.0,CUSTOMER_RECEIPT,UPI-QR Payment received phonepe@ybl,Customer_701
UPI20260704583550,2026-07-04,CREDIT,149.64,CUSTOMER_RECEIPT,UPI-QR Payment received phonepe@ybl,Customer_570
UPI20260704587853,2026-07-04,CREDIT,10.19,CUSTOMER_RECEIPT,UPI-QR Payment received phonepe@ybl,Customer_793
UPI20260704673149,2026-07-04,CREDIT,143.15,CUSTOMER_RECEIPT,UPI-QR Payment received gpay@okaxis,Customer_175
UPI20260704711484,2026-07-04,CREDIT,270.24,CUSTOMER_RECEIPT,UPI-QR Payment received gpay@okaxis,Customer_337
ACH20260705883790,2026-07-05,DEBIT,3200.0,EMI_DEBT,Equipment Micro-Loan Auto-Debit EMI,MFI_Lending_NBFC
UPI20260705108491,2026-07-05,CREDIT,79.99,CUSTOMER_RECEIPT,UPI-QR Payment received paytm@upi,Customer_720
UPI20260705201883,2026-07-05,CREDIT,28.43,CUSTOMER_RECEIPT,UPI-QR Payment received paytm@upi,Customer_416
UPI20260705362801,2026-07-05,CREDIT,307.65,CUSTOMER_RECEIPT,UPI-QR Payment received gpay@okaxis,Customer_743
UPI20260705400096,2026-07-05,CREDIT,370.36,CUSTOMER_RECEIPT,UPI-QR Payment received gpay@okaxis,Customer_721
UPI20260705409445,2026-07-05,DEBIT,926.19,BUSINESS_EXPENSE,"Inventory purchase (Tea, milk, spices, packaging)",dairy_distributor@icici
UPI20260705410244,2026-07-05,CREDIT,64.11,CUSTOMER_RECEIPT,UPI-QR Payment received phonepe@ybl,Customer_122
UPI20260705699704,2026-07-05,CREDIT,111.8,CUSTOMER_RECEIPT,UPI-QR Payment received phonepe@ybl,Customer_688
UPI20260705707727,2026-07-05,CREDIT,13.86,CUSTOMER_RECEIPT,UPI-QR Payment received phonepe@ybl,Customer_849
UPI20260705767542,2026-07-05,CREDIT,423.99,CUSTOMER_RECEIPT,UPI-QR Payment received gpay@okaxis,Customer_735
UPI20260705881369,2026-07-05,CREDIT,102.94,CUSTOMER_RECEIPT,UPI-QR Payment received bharatpe@icici,Customer_952
UPI20260705926918,2026-07-05,CREDIT,10.0,CUSTOMER_RECEIPT,UPI-QR Payment received bharatpe@icici,Customer_134
UPI20260705940886,2026-07-05,CREDIT,63.67,CUSTOMER_RECEIPT,UPI-QR Payment received phonepe@ybl,Customer_324
UPI20260705970357,2026-07-05,CREDIT,134.52,CUSTOMER_RECEIPT,UPI-QR Payment received bharatpe@icici,Customer_381
UPI20260706178957,2026-07-06,CREDIT,266.59,CUSTOMER_RECEIPT,UPI-QR Payment received gpay@okaxis,Customer_872
UPI20260706238579,2026-07-06,CREDIT,10.0,CUSTOMER_RECEIPT,UPI-QR Payment received phonepe@ybl,Customer_643
UPI20260706272537,2026-07-06,CREDIT,164.36,CUSTOMER_RECEIPT,UPI-QR Payment received phonepe@ybl,Customer_944
UPI20260706336574,2026-07-06,CREDIT,10.0,CUSTOMER_RECEIPT,UPI-QR Payment received bharatpe@icici,Customer_966
UPI20260706455168,2026-07-06,CREDIT,54.96,CUSTOMER_RECEIPT,UPI-QR Payment received paytm@upi,Customer_579
UPI20260706605254,2026-07-06,CREDIT,10.56,CUSTOMER_RECEIPT,UPI-QR Payment received phonepe@ybl,Customer_864
UPI20260706626169,2026-07-06,CREDIT,14.19,CUSTOMER_RECEIPT,UPI-QR Payment received phonepe@ybl,Customer_950
UPI20260706929090,2026-07-06,CREDIT,47.36,CUSTOMER_RECEIPT,UPI-QR Payment received bharatpe@icici,Customer_114
UPI20260706943671,2026-07-06,CREDIT,240.98,CUSTOMER_RECEIPT,UPI-QR Payment received phonepe@ybl,Customer_192
UPI20260707126240,2026-07-07,CREDIT,214.09,CUSTOMER_RECEIPT,UPI-QR Payment received phonepe@ybl,Customer_724
UPI20260707201913,2026-07-07,CREDIT,167.67,CUSTOMER_RECEIPT,UPI-QR Payment received gpay@okaxis,Customer_650
UPI20260707242254,2026-07-07,CREDIT,474.91,CUSTOMER_RECEIPT,UPI-QR Payment received bharatpe@icici,Customer_564
UPI20260707246566,2026-07-07,CREDIT,19.92,CUSTOMER_RECEIPT,UPI-QR Payment received paytm@upi,Customer_138
UPI20260707332120,2026-07-07,CREDIT,135.46,CUSTOMER_RECEIPT,UPI-QR Payment received paytm@upi,Customer_750
UPI20260707416869,2026-07-07,CREDIT,33.79,CUSTOMER_RECEIPT,UPI-QR Payment received bharatpe@icici,Customer_219
UPI20260707419149,2026-07-07,CREDIT,141.62,CUSTOMER_RECEIPT,UPI-QR Payment received bharatpe@icici,Customer_218
UPI20260707486490,2026-07-07,CREDIT,12.82,CUSTOMER_RECEIPT,UPI-QR Payment received phonepe@ybl,Customer_698
UPI20260707489033,2026-07-07,CREDIT,54.26,CUSTOMER_RECEIPT,UPI-QR Payment received bharatpe@icici,Customer_701
UPI20260707499534,2026-07-07,CREDIT,121.67,CUSTOMER_RECEIPT,UPI-QR Payment received phonepe@ybl,Customer_210
UPI20260707745558,2026-07-07,DEBIT,1967.17,BUSINESS_EXPENSE,"Inventory purchase (Tea, milk, spices, packaging)",dairy_distributor@icici
UPI20260707807617,2026-07-07,CREDIT,101.1,CUSTOMER_RECEIPT,UPI-QR Payment received gpay@okaxis,Customer_582
UPI20260707878325,2026-07-07,CREDIT,47.44,CUSTOMER_RECEIPT,UPI-QR Payment received gpay@okaxis,Customer_524
UPI20260707963874,2026-07-07,CREDIT,165.92,CUSTOMER_RECEIPT,UPI-QR Payment received bharatpe@icici,Customer_817
UPI20260708134305,2026-07-08,CREDIT,217.6,CUSTOMER_RECEIPT,UPI-QR Payment received phonepe@ybl,Customer_322
UPI20260708228093,2026-07-08,CREDIT,204.04,CUSTOMER_RECEIPT,UPI-QR Payment received bharatpe@icici,Customer_193
UPI20260708517479,2026-07-08,CREDIT,201.89,CUSTOMER_RECEIPT,UPI-QR Payment received phonepe@ybl,Customer_294
UPI20260708564920,2026-07-08,CREDIT,60.54,CUSTOMER_RECEIPT,UPI-QR Payment received bharatpe@icici,Customer_341
UPI20260708770556,2026-07-08,CREDIT,338.24,CUSTOMER_RECEIPT,UPI-QR Payment received paytm@upi,Customer_151
UPI20260708776149,2026-07-08,CREDIT,81.4,CUSTOMER_RECEIPT,UPI-QR Payment received phonepe@ybl,Customer_162
UPI20260708794963,2026-07-08,CREDIT,15.81,CUSTOMER_RECEIPT,UPI-QR Payment received gpay@okaxis,Customer_757
UPI20260708818987,2026-07-08,CREDIT,283.97,CUSTOMER_RECEIPT,UPI-QR Payment received phonepe@ybl,Customer_657
UPI20260708925013,2026-07-08,CREDIT,102.22,CUSTOMER_RECEIPT,UPI-QR Payment received phonepe@ybl,Customer_349
UPI20260708997004,2026-07-08,CREDIT,387.88,CUSTOMER_RECEIPT,UPI-QR Payment received phonepe@ybl,Customer_201
UPI20260709115582,2026-07-09,CREDIT,60.04,CUSTOMER_RECEIPT,UPI-QR Payment received phonepe@ybl,Customer_908
UPI20260709171942,2026-07-09,CREDIT,273.34,CUSTOMER_RECEIPT,UPI-QR Payment received gpay@okaxis,Customer_700
UPI20260709251716,2026-07-09,CREDIT,10.0,CUSTOMER_RECEIPT,UPI-QR Payment received gpay@okaxis,Customer_653
UPI20260709326441,2026-07-09,CREDIT,60.2,CUSTOMER_RECEIPT,UPI-QR Payment received gpay@okaxis,Customer_436
UPI20260709362829,2026-07-09,CREDIT,368.01,CUSTOMER_RECEIPT,UPI-QR Payment received gpay@okaxis,Customer_212
UPI20260709724932,2026-07-09,CREDIT,76.94,CUSTOMER_RECEIPT,UPI-QR Payment received paytm@upi,Customer_383
UPI20260709793169,2026-07-09,CREDIT,14.94,CUSTOMER_RECEIPT,UPI-QR Payment received paytm@upi,Customer_234
UPI20260709911984,2026-07-09,CREDIT,352.54,CUSTOMER_RECEIPT,UPI-QR Payment received gpay@okaxis,Customer_907
UPI20260709926730,2026-07-09,CREDIT,467.75,CUSTOMER_RECEIPT,UPI-QR Payment received gpay@okaxis,Customer_702
UPI20260710145471,2026-07-10,CREDIT,129.65,CUSTOMER_RECEIPT,UPI-QR Payment received phonepe@ybl,Customer_569
UPI20260710154944,2026-07-10,CREDIT,349.36,CUSTOMER_RECEIPT,UPI-QR Payment received gpay@okaxis,Customer_859
UPI20260710166645,2026-07-10,CREDIT,116.05,CUSTOMER_RECEIPT,UPI-QR Payment received bharatpe@icici,Customer_559
UPI20260710184714,2026-07-10,DEBIT,902.89,BUSINESS_EXPENSE,"Inventory purchase (Tea, milk, spices, packaging)",dairy_distributor@icici
UPI20260710541409,2026-07-10,CREDIT,98.95,CUSTOMER_RECEIPT,UPI-QR Payment received paytm@upi,Customer_863
UPI20260710602248,2026-07-10,CREDIT,182.14,CUSTOMER_RECEIPT,UPI-QR Payment received bharatpe@icici,Customer_536
UPI20260710628313,2026-07-10,CREDIT,46.28,CUSTOMER_RECEIPT,UPI-QR Payment received gpay@okaxis,Customer_729
UPI20260710722503,2026-07-10,CREDIT,40.3,CUSTOMER_RECEIPT,UPI-QR Payment received paytm@upi,Customer_562
UPI20260710737846,2026-07-10,DEBIT,2722.5,BUSINESS_EXPENSE,Monthly Stall Fee & Electricity Bill,Municipal_Stall_Board
UPI20260710774591,2026-07-10,CREDIT,162.12,CUSTOMER_RECEIPT,UPI-QR Payment received paytm@upi,Customer_162
UPI20260710819425,2026-07-10,CREDIT,181.05,CUSTOMER_RECEIPT,UPI-QR Payment received paytm@upi,Customer_602
UPI20260710915809,2026-07-10,CREDIT,69.11,CUSTOMER_RECEIPT,UPI-QR Payment received phonepe@ybl,Customer_625
UPI20260711195656,2026-07-11,CREDIT,11.19,CUSTOMER_RECEIPT,UPI-QR Payment received paytm@upi,Customer_195
UPI20260711236435,2026-07-11,CREDIT,10.0,CUSTOMER_RECEIPT,UPI-QR Payment received paytm@upi,Customer_700
UPI20260711367271,2026-07-11,CREDIT,150.42,CUSTOMER_RECEIPT,UPI-QR Payment received phonepe@ybl,Customer_256
UPI20260711455395,2026-07-11,CREDIT,45.35,CUSTOMER_RECEIPT,UPI-QR Payment received bharatpe@icici,Customer_508
UPI20260711536196,2026-07-11,CREDIT,13.07,CUSTOMER_RECEIPT,UPI-QR Payment received paytm@upi,Customer_420
UPI20260711547494,2026-07-11,CREDIT,16.19,CUSTOMER_RECEIPT,UPI-QR Payment received phonepe@ybl,Customer_781
UPI20260711552855,2026-07-11,CREDIT,10.0,CUSTOMER_RECEIPT,UPI-QR Payment received paytm@upi,Customer_862
UPI20260711573489,2026-07-11,CREDIT,229.45,CUSTOMER_RECEIPT,UPI-QR Payment received gpay@okaxis,Customer_523
UPI20260711630108,2026-07-11,CREDIT,10.0,CUSTOMER_RECEIPT,UPI-QR Payment received bharatpe@icici,Customer_201
UPI20260711726410,2026-07-11,CREDIT,71.57,CUSTOMER_RECEIPT,UPI-QR Payment received phonepe@ybl,Customer_564
UPI20260711763829,2026-07-11,CREDIT,10.04,CUSTOMER_RECEIPT,UPI-QR Payment received phonepe@ybl,Customer_490
UPI20260711786516,2026-07-11,CREDIT,61.13,CUSTOMER_RECEIPT,UPI-QR Payment received gpay@okaxis,Customer_540
UPI20260711820184,2026-07-11,CREDIT,101.04,CUSTOMER_RECEIPT,UPI-QR Payment received bharatpe@icici,Customer_168
UPI20260711874683,2026-07-11,CREDIT,126.68,CUSTOMER_RECEIPT,UPI-QR Payment received phonepe@ybl,Customer_931
UPI20260711931621,2026-07-11,CREDIT,83.68,CUSTOMER_RECEIPT,UPI-QR Payment received paytm@upi,Customer_973
UPI20260712208633,2026-07-12,CREDIT,13.3,CUSTOMER_RECEIPT,UPI-QR Payment received gpay@okaxis,Customer_258
UPI20260712289179,2026-07-12,CREDIT,70.79,CUSTOMER_RECEIPT,UPI-QR Payment received phonepe@ybl,Customer_819
UPI20260712337144,2026-07-12,CREDIT,441.26,CUSTOMER_RECEIPT,UPI-QR Payment received bharatpe@icici,Customer_965
UPI20260712470774,2026-07-12,CREDIT,258.74,CUSTOMER_RECEIPT,UPI-QR Payment received bharatpe@icici,Customer_988
UPI20260712688215,2026-07-12,CREDIT,640.22,CUSTOMER_RECEIPT,UPI-QR Payment received paytm@upi,Customer_723
UPI20260712729575,2026-07-12,CREDIT,12.73,CUSTOMER_RECEIPT,UPI-QR Payment received phonepe@ybl,Customer_460
UPI20260712788637,2026-07-12,CREDIT,647.22,CUSTOMER_RECEIPT,UPI-QR Payment received bharatpe@icici,Customer_329
UPI20260712789786,2026-07-12,CREDIT,209.95,CUSTOMER_RECEIPT,UPI-QR Payment received phonepe@ybl,Customer_129
UPI20260712856086,2026-07-12,CREDIT,183.72,CUSTOMER_RECEIPT,UPI-QR Payment received paytm@upi,Customer_394
UPI20260712899649,2026-07-12,CREDIT,251.3,CUSTOMER_RECEIPT,UPI-QR Payment received phonepe@ybl,Customer_687
UPI20260712986438,2026-07-12,CREDIT,69.45,CUSTOMER_RECEIPT,UPI-QR Payment received phonepe@ybl,Customer_217
UPI20260712988432,2026-07-12,CREDIT,70.31,CUSTOMER_RECEIPT,UPI-QR Payment received paytm@upi,Customer_458
UPI20260713106402,2026-07-13,CREDIT,11.47,CUSTOMER_RECEIPT,UPI-QR Payment received gpay@okaxis,Customer_990
UPI20260713185544,2026-07-13,CREDIT,16.64,CUSTOMER_RECEIPT,UPI-QR Payment received phonepe@ybl,Customer_553
UPI20260713248766,2026-07-13,CREDIT,107.53,CUSTOMER_RECEIPT,UPI-QR Payment received paytm@upi,Customer_193
UPI20260713250210,2026-07-13,CREDIT,197.5,CUSTOMER_RECEIPT,UPI-QR Payment received bharatpe@icici,Customer_171
UPI20260713263137,2026-07-13,CREDIT,83.19,CUSTOMER_RECEIPT,UPI-QR Payment received gpay@okaxis,Customer_872
UPI20260713265055,2026-07-13,CREDIT,15.51,CUSTOMER_RECEIPT,UPI-QR Payment received phonepe@ybl,Customer_419
UPI20260713540226,2026-07-13,CREDIT,311.56,CUSTOMER_RECEIPT,UPI-QR Payment received bharatpe@icici,Customer_449
UPI20260713563516,2026-07-13,DEBIT,1479.93,BUSINESS_EXPENSE,"Inventory purchase (Tea, milk, spices, packaging)",dairy_distributor@icici
UPI20260713695164,2026-07-13,CREDIT,10.0,CUSTOMER_RECEIPT,UPI-QR Payment received paytm@upi,Customer_153
UPI20260713747850,2026-07-13,CREDIT,10.0,CUSTOMER_RECEIPT,UPI-QR Payment received paytm@upi,Customer_790
UPI20260713856648,2026-07-13,CREDIT,89.26,CUSTOMER_RECEIPT,UPI-QR Payment received phonepe@ybl,Customer_895
UPI20260713882354,2026-07-13,CREDIT,72.62,CUSTOMER_RECEIPT,UPI-QR Payment received gpay@okaxis,Customer_485
UPI20260714157443,2026-07-14,CREDIT,41.7,CUSTOMER_RECEIPT,UPI-QR Payment received paytm@upi,Customer_309
UPI20260714216276,2026-07-14,CREDIT,92.98,CUSTOMER_RECEIPT,UPI-QR Payment received phonepe@ybl,Customer_794
UPI20260714219346,2026-07-14,CREDIT,11.1,CUSTOMER_RECEIPT,UPI-QR Payment received phonepe@ybl,Customer_540
UPI20260714235461,2026-07-14,CREDIT,10.0,CUSTOMER_RECEIPT,UPI-QR Payment received bharatpe@icici,Customer_645
UPI20260714243901,2026-07-14,CREDIT,180.14,CUSTOMER_RECEIPT,UPI-QR Payment received phonepe@ybl,Customer_396
UPI20260714331230,2026-07-14,CREDIT,290.66,CUSTOMER_RECEIPT,UPI-QR Payment received bharatpe@icici,Customer_713
UPI20260714416061,2026-07-14,CREDIT,29.86,CUSTOMER_RECEIPT,UPI-QR Payment received gpay@okaxis,Customer_885
UPI20260714444061,2026-07-14,CREDIT,22.46,CUSTOMER_RECEIPT,UPI-QR Payment received paytm@upi,Customer_107
UPI20260714516359,2026-07-14,CREDIT,196.84,CUSTOMER_RECEIPT,UPI-QR Payment received paytm@upi,Customer_546
UPI20260714621546,2026-07-14,CREDIT,293.16,CUSTOMER_RECEIPT,UPI-QR Payment received bharatpe@icici,Customer_279
UPI20260714685864,2026-07-14,CREDIT,10.0,CUSTOMER_RECEIPT,UPI-QR Payment received phonepe@ybl,Customer_173
UPI20260714799539,2026-07-14,CREDIT,77.71,CUSTOMER_RECEIPT,UPI-QR Payment received phonepe@ybl,Customer_146
UPI20260714811444,2026-07-14,CREDIT,121.65,CUSTOMER_RECEIPT,UPI-QR Payment received bharatpe@icici,Customer_639
UPI20260714837852,2026-07-14,CREDIT,310.88,CUSTOMER_RECEIPT,UPI-QR Payment received gpay@okaxis,Customer_612
UPI20260715220768,2026-07-15,CREDIT,14.25,CUSTOMER_RECEIPT,UPI-QR Payment received bharatpe@icici,Customer_121
UPI20260715428267,2026-07-15,CREDIT,139.47,CUSTOMER_RECEIPT,UPI-QR Payment received bharatpe@icici,Customer_687
UPI20260715440544,2026-07-15,CREDIT,150.06,CUSTOMER_RECEIPT,UPI-QR Payment received gpay@okaxis,Customer_920
UPI20260715524068,2026-07-15,CREDIT,921.6,CUSTOMER_RECEIPT,UPI-QR Payment received bharatpe@icici,Customer_396
UPI20260715557925,2026-07-15,CREDIT,184.55,CUSTOMER_RECEIPT,UPI-QR Payment received paytm@upi,Customer_349
UPI20260715748151,2026-07-15,CREDIT,647.68,CUSTOMER_RECEIPT,UPI-QR Payment received bharatpe@icici,Customer_951
UPI20260715823108,2026-07-15,CREDIT,137.67,CUSTOMER_RECEIPT,UPI-QR Payment received phonepe@ybl,Customer_190
UPI20260716182467,2026-07-16,CREDIT,114.08,CUSTOMER_RECEIPT,UPI-QR Payment received bharatpe@icici,Customer_991
UPI20260716207798,2026-07-16,CREDIT,288.0,CUSTOMER_RECEIPT,UPI-QR Payment received gpay@okaxis,Customer_362
UPI20260716260295,2026-07-16,CREDIT,58.31,CUSTOMER_RECEIPT,UPI-QR Payment received paytm@upi,Customer_281
UPI20260716306854,2026-07-16,CREDIT,211.84,CUSTOMER_RECEIPT,UPI-QR Payment received gpay@okaxis,Customer_716
UPI20260716425346,2026-07-16,CREDIT,58.11,CUSTOMER_RECEIPT,UPI-QR Payment received phonepe@ybl,Customer_326
UPI20260716449247,2026-07-16,CREDIT,94.69,CUSTOMER_RECEIPT,UPI-QR Payment received gpay@okaxis,Customer_178
UPI20260716466346,2026-07-16,CREDIT,10.0,CUSTOMER_RECEIPT,UPI-QR Payment received phonepe@ybl,Customer_844
UPI20260716563688,2026-07-16,DEBIT,895.6,BUSINESS_EXPENSE,"Inventory purchase (Tea, milk, spices, packaging)",subzi_mandi@axis
UPI20260716634723,2026-07-16,CREDIT,221.87,CUSTOMER_RECEIPT,UPI-QR Payment received gpay@okaxis,Customer_894
UPI20260716635280,2026-07-16,CREDIT,84.16,CUSTOMER_RECEIPT,UPI-QR Payment received paytm@upi,Customer_643
UPI20260716691912,2026-07-16,CREDIT,19.98,CUSTOMER_RECEIPT,UPI-QR Payment received phonepe@ybl,Customer_984
UPI20260716757685,2026-07-16,CREDIT,59.73,CUSTOMER_RECEIPT,UPI-QR Payment received phonepe@ybl,Customer_254
UPI20260716891093,2026-07-16,CREDIT,31.15,CUSTOMER_RECEIPT,UPI-QR Payment received bharatpe@icici,Customer_797
UPI20260716910389,2026-07-16,CREDIT,92.8,CUSTOMER_RECEIPT,UPI-QR Payment received bharatpe@icici,Customer_575
UPI20260716958729,2026-07-16,CREDIT,31.62,CUSTOMER_RECEIPT,UPI-QR Payment received gpay@okaxis,Customer_341
UPI20260717159653,2026-07-17,CREDIT,458.84,CUSTOMER_RECEIPT,UPI-QR Payment received phonepe@ybl,Customer_951
UPI20260717401022,2026-07-17,CREDIT,536.33,CUSTOMER_RECEIPT,UPI-QR Payment received paytm@upi,Customer_760
UPI20260717572407,2026-07-17,DEBIT,2140.81,BUSINESS_EXPENSE,"Inventory purchase (Tea, milk, spices, packaging)",kirana_supplier@upi
UPI20260717584172,2026-07-17,CREDIT,10.13,CUSTOMER_RECEIPT,UPI-QR Payment received bharatpe@icici,Customer_138
UPI20260717631981,2026-07-17,CREDIT,109.7,CUSTOMER_RECEIPT,UPI-QR Payment received paytm@upi,Customer_417
UPI20260717708519,2026-07-17,CREDIT,46.37,CUSTOMER_RECEIPT,UPI-QR Payment received paytm@upi,Customer_560
UPI20260717720148,2026-07-17,CREDIT,54.58,CUSTOMER_RECEIPT,UPI-QR Payment received paytm@upi,Customer_460
UPI20260717722937,2026-07-17,CREDIT,96.16,CUSTOMER_RECEIPT,UPI-QR Payment received bharatpe@icici,Customer_573
UPI20260717734394,2026-07-17,CREDIT,144.52,CUSTOMER_RECEIPT,UPI-QR Payment received bharatpe@icici,Customer_613
UPI20260717949153,2026-07-17,CREDIT,210.45,CUSTOMER_RECEIPT,UPI-QR Payment received gpay@okaxis,Customer_429
UPI20260717996840,2026-07-17,CREDIT,149.97,CUSTOMER_RECEIPT,UPI-QR Payment received paytm@upi,Customer_729
UPI20260718359778,2026-07-18,CREDIT,292.08,CUSTOMER_RECEIPT,UPI-QR Payment received bharatpe@icici,Customer_549
UPI20260718364236,2026-07-18,CREDIT,10.0,CUSTOMER_RECEIPT,UPI-QR Payment received gpay@okaxis,Customer_441
UPI20260718445705,2026-07-18,CREDIT,339.61,CUSTOMER_RECEIPT,UPI-QR Payment received paytm@upi,Customer_671
UPI20260718490963,2026-07-18,CREDIT,218.53,CUSTOMER_RECEIPT,UPI-QR Payment received phonepe@ybl,Customer_496
UPI20260718528625,2026-07-18,CREDIT,160.55,CUSTOMER_RECEIPT,UPI-QR Payment received phonepe@ybl,Customer_795
UPI20260718649525,2026-07-18,CREDIT,505.39,CUSTOMER_RECEIPT,UPI-QR Payment received gpay@okaxis,Customer_472
UPI20260718726928,2026-07-18,CREDIT,91.51,CUSTOMER_RECEIPT,UPI-QR Payment received paytm@upi,Customer_908
UPI20260718761532,2026-07-18,CREDIT,455.94,CUSTOMER_RECEIPT,UPI-QR Payment received phonepe@ybl,Customer_167
UPI20260718777513,2026-07-18,CREDIT,408.52,CUSTOMER_RECEIPT,UPI-QR Payment received gpay@okaxis,Customer_140
UPI20260718811332,2026-07-18,CREDIT,10.0,CUSTOMER_RECEIPT,UPI-QR Payment received bharatpe@icici,Customer_390
UPI20260718849014,2026-07-18,CREDIT,29.98,CUSTOMER_RECEIPT,UPI-QR Payment received paytm@upi,Customer_616
UPI20260719234001,2026-07-19,CREDIT,105.69,CUSTOMER_RECEIPT,UPI-QR Payment received paytm@upi,Customer_761
UPI20260719324597,2026-07-19,DEBIT,1052.37,BUSINESS_EXPENSE,"Inventory purchase (Tea, milk, spices, packaging)",dairy_distributor@icici
UPI20260719466813,2026-07-19,CREDIT,104.12,CUSTOMER_RECEIPT,UPI-QR Payment received phonepe@ybl,Customer_771
UPI20260719479404,2026-07-19,CREDIT,406.91,CUSTOMER_RECEIPT,UPI-QR Payment received paytm@upi,Customer_471
UPI20260719686072,2026-07-19,CREDIT,35.93,CUSTOMER_RECEIPT,UPI-QR Payment received bharatpe@icici,Customer_758
UPI20260719723945,2026-07-19,CREDIT,962.05,CUSTOMER_RECEIPT,UPI-QR Payment received paytm@upi,Customer_417
UPI20260719803024,2026-07-19,CREDIT,772.35,CUSTOMER_RECEIPT,UPI-QR Payment received bharatpe@icici,Customer_620
UPI20260719832409,2026-07-19,CREDIT,366.73,CUSTOMER_RECEIPT,UPI-QR Payment received bharatpe@icici,Customer_232
UPI20260719930117,2026-07-19,CREDIT,198.77,CUSTOMER_RECEIPT,UPI-QR Payment received phonepe@ybl,Customer_932
UPI20260720262471,2026-07-20,CREDIT,70.8,CUSTOMER_RECEIPT,UPI-QR Payment received paytm@upi,Customer_402
UPI20260720289630,2026-07-20,CREDIT,187.64,CUSTOMER_RECEIPT,UPI-QR Payment received gpay@okaxis,Customer_838
UPI20260720301332,2026-07-20,CREDIT,204.0,CUSTOMER_RECEIPT,UPI-QR Payment received gpay@okaxis,Customer_240
UPI20260720453123,2026-07-20,CREDIT,10.0,CUSTOMER_RECEIPT,UPI-QR Payment received gpay@okaxis,Customer_711
UPI20260720481995,2026-07-20,CREDIT,637.55,CUSTOMER_RECEIPT,UPI-QR Payment received gpay@okaxis,Customer_554
UPI20260720495019,2026-07-20,CREDIT,223.95,CUSTOMER_RECEIPT,UPI-QR Payment received gpay@okaxis,Customer_266
UPI20260720558933,2026-07-20,CREDIT,914.91,CUSTOMER_RECEIPT,UPI-QR Payment received paytm@upi,Customer_520
UPI20260720659951,2026-07-20,CREDIT,324.23,CUSTOMER_RECEIPT,UPI-QR Payment received gpay@okaxis,Customer_416
UPI20260720740255,2026-07-20,CREDIT,90.75,CUSTOMER_RECEIPT,UPI-QR Payment received phonepe@ybl,Customer_870
UPI20260720884897,2026-07-20,CREDIT,164.04,CUSTOMER_RECEIPT,UPI-QR Payment received bharatpe@icici,Customer_339
UPI20260720908320,2026-07-20,CREDIT,35.76,CUSTOMER_RECEIPT,UPI-QR Payment received paytm@upi,Customer_777
UPI20260720947903,2026-07-20,CREDIT,212.12,CUSTOMER_RECEIPT,UPI-QR Payment received bharatpe@icici,Customer_955
UPI20260720985447,2026-07-20,CREDIT,59.99,CUSTOMER_RECEIPT,UPI-QR Payment received paytm@upi,Customer_619
UPI20260721127965,2026-07-21,CREDIT,125.54,CUSTOMER_RECEIPT,UPI-QR Payment received bharatpe@icici,Customer_154
UPI20260721187949,2026-07-21,CREDIT,37.62,CUSTOMER_RECEIPT,UPI-QR Payment received gpay@okaxis,Customer_379
UPI20260721203896,2026-07-21,DEBIT,839.46,BUSINESS_EXPENSE,"Inventory purchase (Tea, milk, spices, packaging)",subzi_mandi@axis
UPI20260721207573,2026-07-21,CREDIT,81.67,CUSTOMER_RECEIPT,UPI-QR Payment received paytm@upi,Customer_391
UPI20260721362147,2026-07-21,CREDIT,22.02,CUSTOMER_RECEIPT,UPI-QR Payment received paytm@upi,Customer_756
UPI20260721395459,2026-07-21,CREDIT,50.8,CUSTOMER_RECEIPT,UPI-QR Payment received bharatpe@icici,Customer_614
UPI20260721504924,2026-07-21,CREDIT,162.18,CUSTOMER_RECEIPT,UPI-QR Payment received paytm@upi,Customer_483
UPI20260721515712,2026-07-21,CREDIT,62.29,CUSTOMER_RECEIPT,UPI-QR Payment received phonepe@ybl,Customer_341
UPI20260721558723,2026-07-21,CREDIT,94.46,CUSTOMER_RECEIPT,UPI-QR Payment received paytm@upi,Customer_327
UPI20260721561999,2026-07-21,CREDIT,24.11,CUSTOMER_RECEIPT,UPI-QR Payment received bharatpe@icici,Customer_887
UPI20260721571145,2026-07-21,CREDIT,10.23,CUSTOMER_RECEIPT,UPI-QR Payment received gpay@okaxis,Customer_950
UPI20260721603935,2026-07-21,CREDIT,94.49,CUSTOMER_RECEIPT,UPI-QR Payment received phonepe@ybl,Customer_667
UPI20260721653081,2026-07-21,CREDIT,11.73,CUSTOMER_RECEIPT,UPI-QR Payment received bharatpe@icici,Customer_265
UPI20260721734035,2026-07-21,CREDIT,79.05,CUSTOMER_RECEIPT,UPI-QR Payment received gpay@okaxis,Customer_993
UPI20260721956375,2026-07-21,CREDIT,62.32,CUSTOMER_RECEIPT,UPI-QR Payment received bharatpe@icici,Customer_457
UPI20260721956572,2026-07-21,CREDIT,261.3,CUSTOMER_RECEIPT,UPI-QR Payment received gpay@okaxis,Customer_920
UPI20260722119927,2026-07-22,CREDIT,10.0,CUSTOMER_RECEIPT,UPI-QR Payment received phonepe@ybl,Customer_320
UPI20260722227767,2026-07-22,DEBIT,1132.7,BUSINESS_EXPENSE,"Inventory purchase (Tea, milk, spices, packaging)",kirana_supplier@upi
UPI20260722244283,2026-07-22,CREDIT,136.62,CUSTOMER_RECEIPT,UPI-QR Payment received paytm@upi,Customer_393
UPI20260722745239,2026-07-22,CREDIT,24.49,CUSTOMER_RECEIPT,UPI-QR Payment received paytm@upi,Customer_181
UPI20260722839808,2026-07-22,CREDIT,87.92,CUSTOMER_RECEIPT,UPI-QR Payment received bharatpe@icici,Customer_559
UPI20260722862560,2026-07-22,CREDIT,164.81,CUSTOMER_RECEIPT,UPI-QR Payment received bharatpe@icici,Customer_213
UPI20260722970068,2026-07-22,CREDIT,140.08,CUSTOMER_RECEIPT,UPI-QR Payment received bharatpe@icici,Customer_812
UPI20260722971482,2026-07-22,CREDIT,356.15,CUSTOMER_RECEIPT,UPI-QR Payment received gpay@okaxis,Customer_877
UPI20260722975522,2026-07-22,CREDIT,239.46,CUSTOMER_RECEIPT,UPI-QR Payment received gpay@okaxis,Customer_661
UPI20260723101640,2026-07-23,CREDIT,68.62,CUSTOMER_RECEIPT,UPI-QR Payment received phonepe@ybl,Customer_346
UPI20260723216242,2026-07-23,CREDIT,18.44,CUSTOMER_RECEIPT,UPI-QR Payment received bharatpe@icici,Customer_711
UPI20260723250551,2026-07-23,CREDIT,33.23,CUSTOMER_RECEIPT,UPI-QR Payment received phonepe@ybl,Customer_539
UPI20260723352838,2026-07-23,CREDIT,152.66,CUSTOMER_RECEIPT,UPI-QR Payment received paytm@upi,Customer_890
UPI20260723454992,2026-07-23,DEBIT,1293.22,BUSINESS_EXPENSE,"Inventory purchase (Tea, milk, spices, packaging)",subzi_mandi@axis
UPI20260723478120,2026-07-23,CREDIT,180.52,CUSTOMER_RECEIPT,UPI-QR Payment received paytm@upi,Customer_638
UPI20260723505674,2026-07-23,CREDIT,117.85,CUSTOMER_RECEIPT,UPI-QR Payment received phonepe@ybl,Customer_359
UPI20260723592972,2026-07-23,CREDIT,55.54,CUSTOMER_RECEIPT,UPI-QR Payment received paytm@upi,Customer_750
UPI20260723640410,2026-07-23,CREDIT,10.0,CUSTOMER_RECEIPT,UPI-QR Payment received gpay@okaxis,Customer_835
UPI20260723662093,2026-07-23,CREDIT,11.29,CUSTOMER_RECEIPT,UPI-QR Payment received paytm@upi,Customer_747
UPI20260723670511,2026-07-23,CREDIT,32.96,CUSTOMER_RECEIPT,UPI-QR Payment received paytm@upi,Customer_499
UPI20260723698384,2026-07-23,CREDIT,38.33,CUSTOMER_RECEIPT,UPI-QR Payment received bharatpe@icici,Customer_291
UPI20260723710169,2026-07-23,CREDIT,229.88,CUSTOMER_RECEIPT,UPI-QR Payment received phonepe@ybl,Customer_236
UPI20260723796643,2026-07-23,CREDIT,44.29,CUSTOMER_RECEIPT,UPI-QR Payment received paytm@upi,Customer_636
UPI20260723883618,2026-07-23,CREDIT,38.88,CUSTOMER_RECEIPT,UPI-QR Payment received paytm@upi,Customer_465
UPI20260723926823,2026-07-23,CREDIT,74.91,CUSTOMER_RECEIPT,UPI-QR Payment received paytm@upi,Customer_453
UPI20260723932463,2026-07-23,CREDIT,93.74,CUSTOMER_RECEIPT,UPI-QR Payment received bharatpe@icici,Customer_164
UPI20260724138399,2026-07-24,CREDIT,30.19,CUSTOMER_RECEIPT,UPI-QR Payment received gpay@okaxis,Customer_392
UPI20260724186624,2026-07-24,CREDIT,77.55,CUSTOMER_RECEIPT,UPI-QR Payment received bharatpe@icici,Customer_180
UPI20260724230521,2026-07-24,CREDIT,10.0,CUSTOMER_RECEIPT,UPI-QR Payment received phonepe@ybl,Customer_547
UPI20260724291132,2026-07-24,CREDIT,197.78,CUSTOMER_RECEIPT,UPI-QR Payment received gpay@okaxis,Customer_164
UPI20260724407696,2026-07-24,CREDIT,22.62,CUSTOMER_RECEIPT,UPI-QR Payment received gpay@okaxis,Customer_144
UPI20260724430926,2026-07-24,CREDIT,296.38,CUSTOMER_RECEIPT,UPI-QR Payment received phonepe@ybl,Customer_627
UPI20260724455505,2026-07-24,CREDIT,10.38,CUSTOMER_RECEIPT,UPI-QR Payment received gpay@okaxis,Customer_608
UPI20260724474314,2026-07-24,CREDIT,75.99,CUSTOMER_RECEIPT,UPI-QR Payment received paytm@upi,Customer_986
UPI20260724517568,2026-07-24,CREDIT,51.38,CUSTOMER_RECEIPT,UPI-QR Payment received bharatpe@icici,Customer_359
UPI20260724519453,2026-07-24,CREDIT,10.45,CUSTOMER_RECEIPT,UPI-QR Payment received bharatpe@icici,Customer_495
UPI20260724587192,2026-07-24,CREDIT,12.05,CUSTOMER_RECEIPT,UPI-QR Payment received bharatpe@icici,Customer_746
UPI20260724787584,2026-07-24,CREDIT,20.8,CUSTOMER_RECEIPT,UPI-QR Payment received phonepe@ybl,Customer_379
UPI20260724825686,2026-07-24,CREDIT,12.48,CUSTOMER_RECEIPT,UPI-QR Payment received bharatpe@icici,Customer_476
UPI20260724850827,2026-07-24,CREDIT,51.31,CUSTOMER_RECEIPT,UPI-QR Payment received bharatpe@icici,Customer_137
UPI20260724929538,2026-07-24,CREDIT,46.54,CUSTOMER_RECEIPT,UPI-QR Payment received gpay@okaxis,Customer_142
UPI20260724936020,2026-07-24,CREDIT,11.32,CUSTOMER_RECEIPT,UPI-QR Payment received phonepe@ybl,Customer_920
UPI20260725207581,2026-07-25,CREDIT,93.93,CUSTOMER_RECEIPT,UPI-QR Payment received paytm@upi,Customer_435
UPI20260725469685,2026-07-25,CREDIT,47.29,CUSTOMER_RECEIPT,UPI-QR Payment received bharatpe@icici,Customer_381
UPI20260725567576,2026-07-25,CREDIT,142.26,CUSTOMER_RECEIPT,UPI-QR Payment received bharatpe@icici,Customer_270
UPI20260725568849,2026-07-25,CREDIT,41.88,CUSTOMER_RECEIPT,UPI-QR Payment received paytm@upi,Customer_844
UPI20260725671971,2026-07-25,CREDIT,44.46,CUSTOMER_RECEIPT,UPI-QR Payment received phonepe@ybl,Customer_428
UPI20260725770532,2026-07-25,CREDIT,10.0,CUSTOMER_RECEIPT,UPI-QR Payment received paytm@upi,Customer_176
UPI20260725793024,2026-07-25,CREDIT,502.93,CUSTOMER_RECEIPT,UPI-QR Payment received phonepe@ybl,Customer_413
UPI20260725823270,2026-07-25,CREDIT,243.89,CUSTOMER_RECEIPT,UPI-QR Payment received bharatpe@icici,Customer_459
UPI20260725940010,2026-07-25,DEBIT,1308.64,BUSINESS_EXPENSE,"Inventory purchase (Tea, milk, spices, packaging)",subzi_mandi@axis
UPI20260726232361,2026-07-26,CREDIT,98.16,CUSTOMER_RECEIPT,UPI-QR Payment received paytm@upi,Customer_341
UPI20260726249715,2026-07-26,CREDIT,55.63,CUSTOMER_RECEIPT,UPI-QR Payment received bharatpe@icici,Customer_135
UPI20260726260891,2026-07-26,CREDIT,38.64,CUSTOMER_RECEIPT,UPI-QR Payment received bharatpe@icici,Customer_479
UPI20260726490084,2026-07-26,CREDIT,185.66,CUSTOMER_RECEIPT,UPI-QR Payment received bharatpe@icici,Customer_881
UPI20260726501451,2026-07-26,CREDIT,27.92,CUSTOMER_RECEIPT,UPI-QR Payment received paytm@upi,Customer_719
UPI20260726916332,2026-07-26,CREDIT,58.56,CUSTOMER_RECEIPT,UPI-QR Payment received phonepe@ybl,Customer_470
UPI20260727177649,2026-07-27,CREDIT,242.34,CUSTOMER_RECEIPT,UPI-QR Payment received bharatpe@icici,Customer_276
UPI20260727218959,2026-07-27,CREDIT,66.87,CUSTOMER_RECEIPT,UPI-QR Payment received paytm@upi,Customer_853
UPI20260727228594,2026-07-27,CREDIT,197.58,CUSTOMER_RECEIPT,UPI-QR Payment received gpay@okaxis,Customer_973
UPI20260727295085,2026-07-27,CREDIT,112.01,CUSTOMER_RECEIPT,UPI-QR Payment received bharatpe@icici,Customer_630
UPI20260727399449,2026-07-27,CREDIT,10.0,CUSTOMER_RECEIPT,UPI-QR Payment received bharatpe@icici,Customer_304
UPI20260727464301,2026-07-27,CREDIT,156.77,CUSTOMER_RECEIPT,UPI-QR Payment received paytm@upi,Customer_663
UPI20260727484774,2026-07-27,CREDIT,22.08,CUSTOMER_RECEIPT,UPI-QR Payment received bharatpe@icici,Customer_421
UPI20260727505785,2026-07-27,CREDIT,10.0,CUSTOMER_RECEIPT,UPI-QR Payment received paytm@upi,Customer_368
UPI20260727567951,2026-07-27,CREDIT,94.44,CUSTOMER_RECEIPT,UPI-QR Payment received gpay@okaxis,Customer_726
UPI20260727668507,2026-07-27,CREDIT,131.78,CUSTOMER_RECEIPT,UPI-QR Payment received phonepe@ybl,Customer_407
UPI20260727781113,2026-07-27,CREDIT,43.28,CUSTOMER_RECEIPT,UPI-QR Payment received phonepe@ybl,Customer_355
UPI20260727834233,2026-07-27,DEBIT,1796.53,BUSINESS_EXPENSE,"Inventory purchase (Tea, milk, spices, packaging)",subzi_mandi@axis
UPI20260727848022,2026-07-27,CREDIT,10.0,CUSTOMER_RECEIPT,UPI-QR Payment received bharatpe@icici,Customer_189
UPI20260727912609,2026-07-27,CREDIT,153.48,CUSTOMER_RECEIPT,UPI-QR Payment received phonepe@ybl,Customer_820
UPI20260727949884,2026-07-27,CREDIT,30.97,CUSTOMER_RECEIPT,UPI-QR Payment received phonepe@ybl,Customer_783
UPI20260728190403,2026-07-28,CREDIT,50.69,CUSTOMER_RECEIPT,UPI-QR Payment received paytm@upi,Customer_416
UPI20260728310743,2026-07-28,CREDIT,25.87,CUSTOMER_RECEIPT,UPI-QR Payment received gpay@okaxis,Customer_342
UPI20260728432427,2026-07-28,CREDIT,32.04,CUSTOMER_RECEIPT,UPI-QR Payment received paytm@upi,Customer_560
UPI20260728478427,2026-07-28,CREDIT,72.98,CUSTOMER_RECEIPT,UPI-QR Payment received phonepe@ybl,Customer_578
UPI20260728517500,2026-07-28,CREDIT,68.38,CUSTOMER_RECEIPT,UPI-QR Payment received bharatpe@icici,Customer_638
UPI20260728530749,2026-07-28,CREDIT,151.56,CUSTOMER_RECEIPT,UPI-QR Payment received bharatpe@icici,Customer_943
UPI20260728588461,2026-07-28,CREDIT,137.6,CUSTOMER_RECEIPT,UPI-QR Payment received phonepe@ybl,Customer_231
UPI20260728633469,2026-07-28,CREDIT,22.46,CUSTOMER_RECEIPT,UPI-QR Payment received gpay@okaxis,Customer_224
UPI20260728702826,2026-07-28,CREDIT,10.0,CUSTOMER_RECEIPT,UPI-QR Payment received paytm@upi,Customer_228
UPI20260728928766,2026-07-28,CREDIT,50.96,CUSTOMER_RECEIPT,UPI-QR Payment received bharatpe@icici,Customer_126
UPI20260728942700,2026-07-28,CREDIT,106.05,CUSTOMER_RECEIPT,UPI-QR Payment received gpay@okaxis,Customer_726
UPI20260729182690,2026-07-29,CREDIT,132.98,CUSTOMER_RECEIPT,UPI-QR Payment received phonepe@ybl,Customer_301
UPI20260729230192,2026-07-29,CREDIT,125.31,CUSTOMER_RECEIPT,UPI-QR Payment received gpay@okaxis,Customer_411
UPI20260729272655,2026-07-29,CREDIT,132.79,CUSTOMER_RECEIPT,UPI-QR Payment received gpay@okaxis,Customer_430
UPI20260729276827,2026-07-29,DEBIT,1503.6,BUSINESS_EXPENSE,"Inventory purchase (Tea, milk, spices, packaging)",subzi_mandi@axis
UPI20260729553633,2026-07-29,CREDIT,394.37,CUSTOMER_RECEIPT,UPI-QR Payment received paytm@upi,Customer_951
UPI20260729644103,2026-07-29,CREDIT,103.7,CUSTOMER_RECEIPT,UPI-QR Payment received phonepe@ybl,Customer_966
UPI20260729755383,2026-07-29,CREDIT,54.84,CUSTOMER_RECEIPT,UPI-QR Payment received phonepe@ybl,Customer_729
UPI20260729765905,2026-07-29,CREDIT,48.55,CUSTOMER_RECEIPT,UPI-QR Payment received phonepe@ybl,Customer_228
UPI20260729843788,2026-07-29,CREDIT,19.82,CUSTOMER_RECEIPT,UPI-QR Payment received gpay@okaxis,Customer_454
UPI20260730129751,2026-07-30,CREDIT,70.62,CUSTOMER_RECEIPT,UPI-QR Payment received paytm@upi,Customer_146
UPI20260730279516,2026-07-30,CREDIT,86.06,CUSTOMER_RECEIPT,UPI-QR Payment received phonepe@ybl,Customer_962
UPI20260730321048,2026-07-30,CREDIT,72.08,CUSTOMER_RECEIPT,UPI-QR Payment received bharatpe@icici,Customer_732
UPI20260730416768,2026-07-30,CREDIT,163.59,CUSTOMER_RECEIPT,UPI-QR Payment received bharatpe@icici,Customer_350
UPI20260730690996,2026-07-30,CREDIT,10.0,CUSTOMER_RECEIPT,UPI-QR Payment received paytm@upi,Customer_945
UPI20260730757629,2026-07-30,CREDIT,401.89,CUSTOMER_RECEIPT,UPI-QR Payment received phonepe@ybl,Customer_757
UPI20260730770030,2026-07-30,CREDIT,23.18,CUSTOMER_RECEIPT,UPI-QR Payment received paytm@upi,Customer_609
UPI20260730772612,2026-07-30,CREDIT,43.16,CUSTOMER_RECEIPT,UPI-QR Payment received phonepe@ybl,Customer_766
UPI20260731462147,2026-07-31,CREDIT,157.88,CUSTOMER_RECEIPT,UPI-QR Payment received bharatpe@icici,Customer_233
UPI20260731560959,2026-07-31,CREDIT,278.05,CUSTOMER_RECEIPT,UPI-QR Payment received bharatpe@icici,Customer_595
UPI20260731587002,2026-07-31,CREDIT,123.25,CUSTOMER_RECEIPT,UPI-QR Payment received gpay@okaxis,Customer_448
UPI20260731589131,2026-07-31,DEBIT,1246.76,BUSINESS_EXPENSE,"Inventory purchase (Tea, milk, spices, packaging)",kirana_supplier@upi
UPI20260731736129,2026-07-31,CREDIT,16.24,CUSTOMER_RECEIPT,UPI-QR Payment received gpay@okaxis,Customer_420
UPI20260731822063,2026-07-31,CREDIT,203.02,CUSTOMER_RECEIPT,UPI-QR Payment received paytm@upi,Customer_261
UPI20260731853258,2026-07-31,CREDIT,137.58,CUSTOMER_RECEIPT,UPI-QR Payment received phonepe@ybl,Customer_851
UPI20260731897615,2026-07-31,CREDIT,244.38,CUSTOMER_RECEIPT,UPI-QR Payment received phonepe@ybl,Customer_627
UPI20260801194423,2026-08-01,CREDIT,168.86,CUSTOMER_RECEIPT,UPI-QR Payment received bharatpe@icici,Customer_617
UPI20260801247720,2026-08-01,CREDIT,102.5,CUSTOMER_RECEIPT,UPI-QR Payment received paytm@upi,Customer_151
UPI20260801267457,2026-08-01,CREDIT,81.84,CUSTOMER_RECEIPT,UPI-QR Payment received phonepe@ybl,Customer_691
UPI20260801404309,2026-08-01,CREDIT,24.76,CUSTOMER_RECEIPT,UPI-QR Payment received bharatpe@icici,Customer_984
UPI20260801423528,2026-08-01,CREDIT,781.18,CUSTOMER_RECEIPT,UPI-QR Payment received bharatpe@icici,Customer_123
UPI20260801639728,2026-08-01,CREDIT,79.86,CUSTOMER_RECEIPT,UPI-QR Payment received bharatpe@icici,Customer_610
UPI20260801745270,2026-08-01,CREDIT,60.55,CUSTOMER_RECEIPT,UPI-QR Payment received bharatpe@icici,Customer_354
UPI20260801856157,2026-08-01,CREDIT,188.34,CUSTOMER_RECEIPT,UPI-QR Payment received phonepe@ybl,Customer_294
UPI20260801900190,2026-08-01,CREDIT,153.43,CUSTOMER_RECEIPT,UPI-QR Payment received gpay@okaxis,Customer_610
UPI20260802152995,2026-08-02,CREDIT,22.93,CUSTOMER_RECEIPT,UPI-QR Payment received phonepe@ybl,Customer_606
UPI20260802212718,2026-08-02,CREDIT,37.42,CUSTOMER_RECEIPT,UPI-QR Payment received bharatpe@icici,Customer_237
UPI20260802377319,2026-08-02,CREDIT,44.12,CUSTOMER_RECEIPT,UPI-QR Payment received phonepe@ybl,Customer_882
UPI20260802520040,2026-08-02,CREDIT,40.68,CUSTOMER_RECEIPT,UPI-QR Payment received paytm@upi,Customer_683
UPI20260802522842,2026-08-02,CREDIT,71.7,CUSTOMER_RECEIPT,UPI-QR Payment received phonepe@ybl,Customer_146
UPI20260802662761,2026-08-02,CREDIT,60.31,CUSTOMER_RECEIPT,UPI-QR Payment received paytm@upi,Customer_967
UPI20260802689107,2026-08-02,CREDIT,485.14,CUSTOMER_RECEIPT,UPI-QR Payment received gpay@okaxis,Customer_471
UPI20260802711680,2026-08-02,CREDIT,57.85,CUSTOMER_RECEIPT,UPI-QR Payment received phonepe@ybl,Customer_149
UPI20260802726543,2026-08-02,CREDIT,35.44,CUSTOMER_RECEIPT,UPI-QR Payment received bharatpe@icici,Customer_392
UPI20260803142210,2026-08-03,CREDIT,293.99,CUSTOMER_RECEIPT,UPI-QR Payment received paytm@upi,Customer_139
UPI20260803201377,2026-08-03,CREDIT,44.52,CUSTOMER_RECEIPT,UPI-QR Payment received bharatpe@icici,Customer_482
UPI20260803243693,2026-08-03,CREDIT,169.05,CUSTOMER_RECEIPT,UPI-QR Payment received phonepe@ybl,Customer_923
UPI20260803452713,2026-08-03,CREDIT,223.32,CUSTOMER_RECEIPT,UPI-QR Payment received bharatpe@icici,Customer_825
UPI20260803483366,2026-08-03,CREDIT,10.01,CUSTOMER_RECEIPT,UPI-QR Payment received gpay@okaxis,Customer_303
UPI20260803512042,2026-08-03,CREDIT,93.07,CUSTOMER_RECEIPT,UPI-QR Payment received phonepe@ybl,Customer_707
UPI20260803572230,2026-08-03,CREDIT,10.0,CUSTOMER_RECEIPT,UPI-QR Payment received phonepe@ybl,Customer_945
UPI20260803596756,2026-08-03,CREDIT,143.13,CUSTOMER_RECEIPT,UPI-QR Payment received bharatpe@icici,Customer_252
UPI20260803690268,2026-08-03,CREDIT,68.56,CUSTOMER_RECEIPT,UPI-QR Payment received phonepe@ybl,Customer_586
UPI20260803731728,2026-08-03,CREDIT,42.74,CUSTOMER_RECEIPT,UPI-QR Payment received bharatpe@icici,Customer_612
UPI20260803735710,2026-08-03,CREDIT,25.13,CUSTOMER_RECEIPT,UPI-QR Payment received gpay@okaxis,Customer_435
UPI20260803742848,2026-08-03,CREDIT,15.79,CUSTOMER_RECEIPT,UPI-QR Payment received phonepe@ybl,Customer_266
UPI20260803753516,2026-08-03,CREDIT,62.64,CUSTOMER_RECEIPT,UPI-QR Payment received paytm@upi,Customer_231
UPI20260803933510,2026-08-03,CREDIT,340.3,CUSTOMER_RECEIPT,UPI-QR Payment received phonepe@ybl,Customer_671
UPI20260804119857,2026-08-04,CREDIT,10.0,CUSTOMER_RECEIPT,UPI-QR Payment received bharatpe@icici,Customer_421
UPI20260804153849,2026-08-04,CREDIT,31.11,CUSTOMER_RECEIPT,UPI-QR Payment received bharatpe@icici,Customer_274
UPI20260804214928,2026-08-04,CREDIT,67.43,CUSTOMER_RECEIPT,UPI-QR Payment received bharatpe@icici,Customer_697
UPI20260804244789,2026-08-04,CREDIT,52.19,CUSTOMER_RECEIPT,UPI-QR Payment received gpay@okaxis,Customer_674
UPI20260804422623,2026-08-04,CREDIT,26.13,CUSTOMER_RECEIPT,UPI-QR Payment received paytm@upi,Customer_711
UPI20260804440839,2026-08-04,CREDIT,60.49,CUSTOMER_RECEIPT,UPI-QR Payment received bharatpe@icici,Customer_638
UPI20260804495129,2026-08-04,CREDIT,10.0,CUSTOMER_RECEIPT,UPI-QR Payment received phonepe@ybl,Customer_277
UPI20260804539122,2026-08-04,CREDIT,75.02,CUSTOMER_RECEIPT,UPI-QR Payment received gpay@okaxis,Customer_522
UPI20260804597643,2026-08-04,CREDIT,116.72,CUSTOMER_RECEIPT,UPI-QR Payment received phonepe@ybl,Customer_771
UPI20260804626195,2026-08-04,CREDIT,69.24,CUSTOMER_RECEIPT,UPI-QR Payment received bharatpe@icici,Customer_993
UPI20260804649697,2026-08-04,CREDIT,44.08,CUSTOMER_RECEIPT,UPI-QR Payment received bharatpe@icici,Customer_251
UPI20260804700383,2026-08-04,CREDIT,22.08,CUSTOMER_RECEIPT,UPI-QR Payment received paytm@upi,Customer_295
UPI20260804824042,2026-08-04,CREDIT,27.09,CUSTOMER_RECEIPT,UPI-QR Payment received gpay@okaxis,Customer_520
UPI20260804920934,2026-08-04,CREDIT,16.47,CUSTOMER_RECEIPT,UPI-QR Payment received gpay@okaxis,Customer_838
UPI20260804961574,2026-08-04,CREDIT,56.35,CUSTOMER_RECEIPT,UPI-QR Payment received gpay@okaxis,Customer_132
UPI20260804989587,2026-08-04,CREDIT,13.34,CUSTOMER_RECEIPT,UPI-QR Payment received paytm@upi,Customer_822
ACH20260805401602,2026-08-05,DEBIT,3200.0,EMI_DEBT,Equipment Micro-Loan Auto-Debit EMI,MFI_Lending_NBFC
UPI20260805227794,2026-08-05,CREDIT,187.49,CUSTOMER_RECEIPT,UPI-QR Payment received bharatpe@icici,Customer_504
UPI20260805317346,2026-08-05,CREDIT,217.94,CUSTOMER_RECEIPT,UPI-QR Payment received bharatpe@icici,Customer_424
UPI20260805392559,2026-08-05,CREDIT,604.08,CUSTOMER_RECEIPT,UPI-QR Payment received phonepe@ybl,Customer_330
UPI20260805412071,2026-08-05,CREDIT,51.09,CUSTOMER_RECEIPT,UPI-QR Payment received phonepe@ybl,Customer_821
UPI20260805603110,2026-08-05,CREDIT,38.58,CUSTOMER_RECEIPT,UPI-QR Payment received phonepe@ybl,Customer_673
UPI20260805607699,2026-08-05,CREDIT,10.0,CUSTOMER_RECEIPT,UPI-QR Payment received gpay@okaxis,Customer_352
UPI20260805672808,2026-08-05,CREDIT,53.88,CUSTOMER_RECEIPT,UPI-QR Payment received phonepe@ybl,Customer_792
UPI20260805909489,2026-08-05,CREDIT,18.95,CUSTOMER_RECEIPT,UPI-QR Payment received phonepe@ybl,Customer_724
UPI20260805934042,2026-08-05,CREDIT,150.21,CUSTOMER_RECEIPT,UPI-QR Payment received phonepe@ybl,Customer_394
UPI20260805943700,2026-08-05,CREDIT,83.74,CUSTOMER_RECEIPT,UPI-QR Payment received gpay@okaxis,Customer_397
UPI20260805958130,2026-08-05,CREDIT,118.87,CUSTOMER_RECEIPT,UPI-QR Payment received phonepe@ybl,Customer_891
UPI20260806153231,2026-08-06,CREDIT,27.64,CUSTOMER_RECEIPT,UPI-QR Payment received gpay@okaxis,Customer_753
UPI20260806214532,2026-08-06,CREDIT,698.31,CUSTOMER_RECEIPT,UPI-QR Payment received gpay@okaxis,Customer_348
UPI20260806311883,2026-08-06,CREDIT,552.4,CUSTOMER_RECEIPT,UPI-QR Payment received phonepe@ybl,Customer_675
UPI20260806344146,2026-08-06,CREDIT,273.34,CUSTOMER_RECEIPT,UPI-QR Payment received paytm@upi,Customer_202
UPI20260806368900,2026-08-06,CREDIT,89.35,CUSTOMER_RECEIPT,UPI-QR Payment received bharatpe@icici,Customer_319
UPI20260806463188,2026-08-06,CREDIT,110.53,CUSTOMER_RECEIPT,UPI-QR Payment received bharatpe@icici,Customer_771
UPI20260806595351,2026-08-06,DEBIT,1262.41,BUSINESS_EXPENSE,"Inventory purchase (Tea, milk, spices, packaging)",kirana_supplier@upi
UPI20260806829988,2026-08-06,CREDIT,369.78,CUSTOMER_RECEIPT,UPI-QR Payment received phonepe@ybl,Customer_240
UPI20260807105433,2026-08-07,CREDIT,477.58,CUSTOMER_RECEIPT,UPI-QR Payment received gpay@okaxis,Customer_516
UPI20260807193806,2026-08-07,CREDIT,316.1,CUSTOMER_RECEIPT,UPI-QR Payment received gpay@okaxis,Customer_647
UPI20260807401198,2026-08-07,CREDIT,231.65,CUSTOMER_RECEIPT,UPI-QR Payment received phonepe@ybl,Customer_392
UPI20260807538184,2026-08-07,CREDIT,271.87,CUSTOMER_RECEIPT,UPI-QR Payment received gpay@okaxis,Customer_137
UPI20260807777273,2026-08-07,CREDIT,146.46,CUSTOMER_RECEIPT,UPI-QR Payment received paytm@upi,Customer_887
UPI20260807782139,2026-08-07,CREDIT,11.8,CUSTOMER_RECEIPT,UPI-QR Payment received gpay@okaxis,Customer_874
UPI20260807784607,2026-08-07,CREDIT,34.28,CUSTOMER_RECEIPT,UPI-QR Payment received bharatpe@icici,Customer_588
UPI20260807874568,2026-08-07,CREDIT,25.81,CUSTOMER_RECEIPT,UPI-QR Payment received paytm@upi,Customer_279
UPI20260808139286,2026-08-08,CREDIT,41.3,CUSTOMER_RECEIPT,UPI-QR Payment received paytm@upi,Customer_405
UPI20260808270387,2026-08-08,CREDIT,484.63,CUSTOMER_RECEIPT,UPI-QR Payment received bharatpe@icici,Customer_763
UPI20260808302177,2026-08-08,CREDIT,102.71,CUSTOMER_RECEIPT,UPI-QR Payment received paytm@upi,Customer_438
UPI20260808398384,2026-08-08,CREDIT,389.4,CUSTOMER_RECEIPT,UPI-QR Payment received bharatpe@icici,Customer_756
UPI20260808669691,2026-08-08,CREDIT,252.86,CUSTOMER_RECEIPT,UPI-QR Payment received bharatpe@icici,Customer_237
UPI20260808695551,2026-08-08,CREDIT,41.47,CUSTOMER_RECEIPT,UPI-QR Payment received paytm@upi,Customer_443
UPI20260808885386,2026-08-08,CREDIT,52.04,CUSTOMER_RECEIPT,UPI-QR Payment received phonepe@ybl,Customer_997
UPI20260808992400,2026-08-08,CREDIT,171.09,CUSTOMER_RECEIPT,UPI-QR Payment received bharatpe@icici,Customer_379
UPI20260809247442,2026-08-09,CREDIT,108.78,CUSTOMER_RECEIPT,UPI-QR Payment received bharatpe@icici,Customer_431
UPI20260809409355,2026-08-09,CREDIT,514.45,CUSTOMER_RECEIPT,UPI-QR Payment received gpay@okaxis,Customer_279
UPI20260809520304,2026-08-09,CREDIT,188.41,CUSTOMER_RECEIPT,UPI-QR Payment received paytm@upi,Customer_289
UPI20260809548479,2026-08-09,CREDIT,143.5,CUSTOMER_RECEIPT,UPI-QR Payment received phonepe@ybl,Customer_188
UPI20260809740632,2026-08-09,CREDIT,175.4,CUSTOMER_RECEIPT,UPI-QR Payment received bharatpe@icici,Customer_946
UPI20260809872399,2026-08-09,CREDIT,151.15,CUSTOMER_RECEIPT,UPI-QR Payment received phonepe@ybl,Customer_909
UPI20260810223119,2026-08-10,CREDIT,12.0,CUSTOMER_RECEIPT,UPI-QR Payment received phonepe@ybl,Customer_476
UPI20260810223967,2026-08-10,CREDIT,75.72,CUSTOMER_RECEIPT,UPI-QR Payment received bharatpe@icici,Customer_414
UPI20260810240057,2026-08-10,CREDIT,95.4,CUSTOMER_RECEIPT,UPI-QR Payment received bharatpe@icici,Customer_256
UPI20260810267475,2026-08-10,CREDIT,228.78,CUSTOMER_RECEIPT,UPI-QR Payment received bharatpe@icici,Customer_802
UPI20260810346961,2026-08-10,CREDIT,132.93,CUSTOMER_RECEIPT,UPI-QR Payment received bharatpe@icici,Customer_871
UPI20260810347781,2026-08-10,CREDIT,46.76,CUSTOMER_RECEIPT,UPI-QR Payment received paytm@upi,Customer_783
UPI20260810379963,2026-08-10,CREDIT,67.45,CUSTOMER_RECEIPT,UPI-QR Payment received phonepe@ybl,Customer_409
UPI20260810577079,2026-08-10,CREDIT,39.38,CUSTOMER_RECEIPT,UPI-QR Payment received phonepe@ybl,Customer_525
UPI20260810626930,2026-08-10,CREDIT,94.5,CUSTOMER_RECEIPT,UPI-QR Payment received phonepe@ybl,Customer_806
UPI20260810710754,2026-08-10,CREDIT,25.51,CUSTOMER_RECEIPT,UPI-QR Payment received paytm@upi,Customer_367
UPI20260810744481,2026-08-10,CREDIT,271.37,CUSTOMER_RECEIPT,UPI-QR Payment received gpay@okaxis,Customer_324
UPI20260810785436,2026-08-10,CREDIT,221.91,CUSTOMER_RECEIPT,UPI-QR Payment received phonepe@ybl,Customer_809
UPI20260810894139,2026-08-10,DEBIT,3306.28,BUSINESS_EXPENSE,Monthly Stall Fee & Electricity Bill,Municipal_Stall_Board
UPI20260811444056,2026-08-11,CREDIT,24.96,CUSTOMER_RECEIPT,UPI-QR Payment received bharatpe@icici,Customer_219
UPI20260811568449,2026-08-11,CREDIT,146.88,CUSTOMER_RECEIPT,UPI-QR Payment received phonepe@ybl,Customer_179
UPI20260811662728,2026-08-11,CREDIT,235.85,CUSTOMER_RECEIPT,UPI-QR Payment received gpay@okaxis,Customer_268
UPI20260811691573,2026-08-11,CREDIT,115.71,CUSTOMER_RECEIPT,UPI-QR Payment received paytm@upi,Customer_163
UPI20260811711474,2026-08-11,CREDIT,43.36,CUSTOMER_RECEIPT,UPI-QR Payment received bharatpe@icici,Customer_193
UPI20260811813341,2026-08-11,CREDIT,56.7,CUSTOMER_RECEIPT,UPI-QR Payment received gpay@okaxis,Customer_834
UPI20260811891401,2026-08-11,CREDIT,239.8,CUSTOMER_RECEIPT,UPI-QR Payment received paytm@upi,Customer_638
UPI20260811898867,2026-08-11,CREDIT,22.76,CUSTOMER_RECEIPT,UPI-QR Payment received gpay@okaxis,Customer_796
UPI20260811969032,2026-08-11,CREDIT,340.46,CUSTOMER_RECEIPT,UPI-QR Payment received gpay@okaxis,Customer_686
UPI20260812122827,2026-08-12,CREDIT,156.07,CUSTOMER_RECEIPT,UPI-QR Payment received bharatpe@icici,Customer_360
UPI20260812166857,2026-08-12,CREDIT,12.73,CUSTOMER_RECEIPT,UPI-QR Payment received paytm@upi,Customer_170
UPI20260812238353,2026-08-12,CREDIT,147.92,CUSTOMER_RECEIPT,UPI-QR Payment received bharatpe@icici,Customer_567
UPI20260812242007,2026-08-12,CREDIT,54.98,CUSTOMER_RECEIPT,UPI-QR Payment received bharatpe@icici,Customer_483
UPI20260812328486,2026-08-12,CREDIT,45.46,CUSTOMER_RECEIPT,UPI-QR Payment received paytm@upi,Customer_146
UPI20260812464663,2026-08-12,DEBIT,1714.95,BUSINESS_EXPENSE,"Inventory purchase (Tea, milk, spices, packaging)",kirana_supplier@upi
UPI20260812495833,2026-08-12,CREDIT,17.64,CUSTOMER_RECEIPT,UPI-QR Payment received bharatpe@icici,Customer_182
UPI20260812501058,2026-08-12,CREDIT,173.29,CUSTOMER_RECEIPT,UPI-QR Payment received bharatpe@icici,Customer_990
UPI20260812528728,2026-08-12,CREDIT,14.81,CUSTOMER_RECEIPT,UPI-QR Payment received gpay@okaxis,Customer_887
UPI20260812544278,2026-08-12,CREDIT,186.95,CUSTOMER_RECEIPT,UPI-QR Payment received phonepe@ybl,Customer_817
UPI20260812584838,2026-08-12,CREDIT,91.61,CUSTOMER_RECEIPT,UPI-QR Payment received phonepe@ybl,Customer_840
UPI20260812595002,2026-08-12,CREDIT,203.45,CUSTOMER_RECEIPT,UPI-QR Payment received paytm@upi,Customer_393
UPI20260812691303,2026-08-12,CREDIT,10.0,CUSTOMER_RECEIPT,UPI-QR Payment received paytm@upi,Customer_672
UPI20260812956113,2026-08-12,CREDIT,227.33,CUSTOMER_RECEIPT,UPI-QR Payment received paytm@upi,Customer_863
UPI20260813123839,2026-08-13,CREDIT,110.28,CUSTOMER_RECEIPT,UPI-QR Payment received phonepe@ybl,Customer_574
UPI20260813316092,2026-08-13,CREDIT,75.85,CUSTOMER_RECEIPT,UPI-QR Payment received paytm@upi,Customer_203
UPI20260813333507,2026-08-13,CREDIT,110.97,CUSTOMER_RECEIPT,UPI-QR Payment received paytm@upi,Customer_874
UPI20260813389039,2026-08-13,CREDIT,25.13,CUSTOMER_RECEIPT,UPI-QR Payment received gpay@okaxis,Customer_996
UPI20260813497700,2026-08-13,CREDIT,102.56,CUSTOMER_RECEIPT,UPI-QR Payment received gpay@okaxis,Customer_353
UPI20260813512151,2026-08-13,CREDIT,22.56,CUSTOMER_RECEIPT,UPI-QR Payment received gpay@okaxis,Customer_845
UPI20260813583000,2026-08-13,CREDIT,67.78,CUSTOMER_RECEIPT,UPI-QR Payment received phonepe@ybl,Customer_258
UPI20260813722795,2026-08-13,CREDIT,44.37,CUSTOMER_RECEIPT,UPI-QR Payment received paytm@upi,Customer_557
UPI20260813726822,2026-08-13,CREDIT,53.7,CUSTOMER_RECEIPT,UPI-QR Payment received paytm@upi,Customer_350
UPI20260813806215,2026-08-13,CREDIT,88.78,CUSTOMER_RECEIPT,UPI-QR Payment received bharatpe@icici,Customer_644
UPI20260813860242,2026-08-13,CREDIT,36.75,CUSTOMER_RECEIPT,UPI-QR Payment received paytm@upi,Customer_132
UPI20260813876513,2026-08-13,CREDIT,254.92,CUSTOMER_RECEIPT,UPI-QR Payment received paytm@upi,Customer_511
UPI20260813903265,2026-08-13,CREDIT,207.11,CUSTOMER_RECEIPT,UPI-QR Payment received paytm@upi,Customer_346
UPI20260813948799,2026-08-13,CREDIT,17.36,CUSTOMER_RECEIPT,UPI-QR Payment received bharatpe@icici,Customer_729
UPI20260814415098,2026-08-14,CREDIT,367.74,CUSTOMER_RECEIPT,UPI-QR Payment received phonepe@ybl,Customer_162
UPI20260814416422,2026-08-14,CREDIT,10.0,CUSTOMER_RECEIPT,UPI-QR Payment received gpay@okaxis,Customer_776
UPI20260814628373,2026-08-14,CREDIT,120.64,CUSTOMER_RECEIPT,UPI-QR Payment received phonepe@ybl,Customer_339
UPI20260814646571,2026-08-14,CREDIT,281.17,CUSTOMER_RECEIPT,UPI-QR Payment received gpay@okaxis,Customer_523
UPI20260814683761,2026-08-14,CREDIT,113.84,CUSTOMER_RECEIPT,UPI-QR Payment received gpay@okaxis,Customer_741
UPI20260814726962,2026-08-14,CREDIT,129.24,CUSTOMER_RECEIPT,UPI-QR Payment received phonepe@ybl,Customer_342
UPI20260814811721,2026-08-14,CREDIT,163.08,CUSTOMER_RECEIPT,UPI-QR Payment received bharatpe@icici,Customer_669
UPI20260814891030,2026-08-14,CREDIT,22.76,CUSTOMER_RECEIPT,UPI-QR Payment received paytm@upi,Customer_243
UPI20260814955413,2026-08-14,CREDIT,96.38,CUSTOMER_RECEIPT,UPI-QR Payment received phonepe@ybl,Customer_691
UPI20260815354655,2026-08-15,CREDIT,16.84,CUSTOMER_RECEIPT,UPI-QR Payment received phonepe@ybl,Customer_308
UPI20260815414455,2026-08-15,CREDIT,120.31,CUSTOMER_RECEIPT,UPI-QR Payment received bharatpe@icici,Customer_288
UPI20260815532723,2026-08-15,CREDIT,363.97,CUSTOMER_RECEIPT,UPI-QR Payment received bharatpe@icici,Customer_670
UPI20260815536548,2026-08-15,CREDIT,23.19,CUSTOMER_RECEIPT,UPI-QR Payment received bharatpe@icici,Customer_252
UPI20260815571635,2026-08-15,DEBIT,1705.39,BUSINESS_EXPENSE,"Inventory purchase (Tea, milk, spices, packaging)",dairy_distributor@icici
UPI20260815585517,2026-08-15,CREDIT,381.59,CUSTOMER_RECEIPT,UPI-QR Payment received paytm@upi,Customer_675
UPI20260815649939,2026-08-15,CREDIT,172.1,CUSTOMER_RECEIPT,UPI-QR Payment received phonepe@ybl,Customer_813
UPI20260815655736,2026-08-15,CREDIT,83.97,CUSTOMER_RECEIPT,UPI-QR Payment received gpay@okaxis,Customer_497
UPI20260815774565,2026-08-15,CREDIT,358.31,CUSTOMER_RECEIPT,UPI-QR Payment received bharatpe@icici,Customer_904
UPI20260815891062,2026-08-15,CREDIT,130.75,CUSTOMER_RECEIPT,UPI-QR Payment received bharatpe@icici,Customer_346
UPI20260815990598,2026-08-15,CREDIT,77.32,CUSTOMER_RECEIPT,UPI-QR Payment received gpay@okaxis,Customer_407
UPI20260815999197,2026-08-15,CREDIT,186.82,CUSTOMER_RECEIPT,UPI-QR Payment received gpay@okaxis,Customer_925
UPI20260816116078,2026-08-16,CREDIT,126.81,CUSTOMER_RECEIPT,UPI-QR Payment received gpay@okaxis,Customer_294
UPI20260816154040,2026-08-16,CREDIT,726.14,CUSTOMER_RECEIPT,UPI-QR Payment received phonepe@ybl,Customer_486
UPI20260816176319,2026-08-16,CREDIT,23.08,CUSTOMER_RECEIPT,UPI-QR Payment received gpay@okaxis,Customer_923
UPI20260816319036,2026-08-16,CREDIT,353.51,CUSTOMER_RECEIPT,UPI-QR Payment received phonepe@ybl,Customer_410
UPI20260816806396,2026-08-16,CREDIT,316.47,CUSTOMER_RECEIPT,UPI-QR Payment received paytm@upi,Customer_994
UPI20260816829417,2026-08-16,CREDIT,10.0,CUSTOMER_RECEIPT,UPI-QR Payment received gpay@okaxis,Customer_506
UPI20260816877493,2026-08-16,CREDIT,155.09,CUSTOMER_RECEIPT,UPI-QR Payment received paytm@upi,Customer_864
UPI20260816890973,2026-08-16,CREDIT,88.26,CUSTOMER_RECEIPT,UPI-QR Payment received bharatpe@icici,Customer_348
UPI20260816898696,2026-08-16,CREDIT,439.64,CUSTOMER_RECEIPT,UPI-QR Payment received gpay@okaxis,Customer_590
UPI20260816913185,2026-08-16,DEBIT,1572.91,BUSINESS_EXPENSE,"Inventory purchase (Tea, milk, spices, packaging)",dairy_distributor@icici
UPI20260817147936,2026-08-17,CREDIT,230.13,CUSTOMER_RECEIPT,UPI-QR Payment received gpay@okaxis,Customer_859
UPI20260817253011,2026-08-17,CREDIT,38.77,CUSTOMER_RECEIPT,UPI-QR Payment received paytm@upi,Customer_367
UPI20260817259814,2026-08-17,CREDIT,121.95,CUSTOMER_RECEIPT,UPI-QR Payment received gpay@okaxis,Customer_437
UPI20260817341192,2026-08-17,CREDIT,54.88,CUSTOMER_RECEIPT,UPI-QR Payment received bharatpe@icici,Customer_683
UPI20260817374267,2026-08-17,CREDIT,148.06,CUSTOMER_RECEIPT,UPI-QR Payment received phonepe@ybl,Customer_625
UPI20260817488712,2026-08-17,CREDIT,70.29,CUSTOMER_RECEIPT,UPI-QR Payment received phonepe@ybl,Customer_523
UPI20260817621433,2026-08-17,CREDIT,10.0,CUSTOMER_RECEIPT,UPI-QR Payment received bharatpe@icici,Customer_200
UPI20260817677390,2026-08-17,CREDIT,54.92,CUSTOMER_RECEIPT,UPI-QR Payment received phonepe@ybl,Customer_363
UPI20260817680189,2026-08-17,CREDIT,38.85,CUSTOMER_RECEIPT,UPI-QR Payment received bharatpe@icici,Customer_402
UPI20260817780233,2026-08-17,CREDIT,37.23,CUSTOMER_RECEIPT,UPI-QR Payment received phonepe@ybl,Customer_415
UPI20260817900441,2026-08-17,CREDIT,13.84,CUSTOMER_RECEIPT,UPI-QR Payment received bharatpe@icici,Customer_840
UPI20260817941814,2026-08-17,CREDIT,36.99,CUSTOMER_RECEIPT,UPI-QR Payment received bharatpe@icici,Customer_879
UPI20260817973844,2026-08-17,CREDIT,23.19,CUSTOMER_RECEIPT,UPI-QR Payment received gpay@okaxis,Customer_611
UPI20260817980521,2026-08-17,CREDIT,46.3,CUSTOMER_RECEIPT,UPI-QR Payment received phonepe@ybl,Customer_308
UPI20260818106693,2026-08-18,CREDIT,102.83,CUSTOMER_RECEIPT,UPI-QR Payment received bharatpe@icici,Customer_240
UPI20260818135466,2026-08-18,CREDIT,291.52,CUSTOMER_RECEIPT,UPI-QR Payment received paytm@upi,Customer_937
UPI20260818163386,2026-08-18,CREDIT,23.2,CUSTOMER_RECEIPT,UPI-QR Payment received bharatpe@icici,Customer_775
UPI20260818277487,2026-08-18,CREDIT,22.97,CUSTOMER_RECEIPT,UPI-QR Payment received gpay@okaxis,Customer_837
UPI20260818329344,2026-08-18,CREDIT,128.91,CUSTOMER_RECEIPT,UPI-QR Payment received bharatpe@icici,Customer_482
UPI20260818611552,2026-08-18,CREDIT,384.15,CUSTOMER_RECEIPT,UPI-QR Payment received paytm@upi,Customer_106
UPI20260818655134,2026-08-18,DEBIT,816.59,BUSINESS_EXPENSE,"Inventory purchase (Tea, milk, spices, packaging)",subzi_mandi@axis
UPI20260818668471,2026-08-18,CREDIT,64.25,CUSTOMER_RECEIPT,UPI-QR Payment received paytm@upi,Customer_636
UPI20260818673095,2026-08-18,CREDIT,81.65,CUSTOMER_RECEIPT,UPI-QR Payment received bharatpe@icici,Customer_288
UPI20260818800674,2026-08-18,CREDIT,53.26,CUSTOMER_RECEIPT,UPI-QR Payment received paytm@upi,Customer_882
UPI20260818841521,2026-08-18,CREDIT,10.0,CUSTOMER_RECEIPT,UPI-QR Payment received gpay@okaxis,Customer_109
UPI20260818983472,2026-08-18,CREDIT,118.39,CUSTOMER_RECEIPT,UPI-QR Payment received gpay@okaxis,Customer_169
UPI20260819117975,2026-08-19,CREDIT,20.01,CUSTOMER_RECEIPT,UPI-QR Payment received bharatpe@icici,Customer_925
UPI20260819287974,2026-08-19,CREDIT,66.57,CUSTOMER_RECEIPT,UPI-QR Payment received paytm@upi,Customer_198
UPI20260819301255,2026-08-19,CREDIT,717.04,CUSTOMER_RECEIPT,UPI-QR Payment received phonepe@ybl,Customer_934
UPI20260819355021,2026-08-19,CREDIT,172.31,CUSTOMER_RECEIPT,UPI-QR Payment received gpay@okaxis,Customer_407
UPI20260819471658,2026-08-19,CREDIT,86.71,CUSTOMER_RECEIPT,UPI-QR Payment received phonepe@ybl,Customer_914
UPI20260819516176,2026-08-19,CREDIT,112.48,CUSTOMER_RECEIPT,UPI-QR Payment received paytm@upi,Customer_482
UPI20260819525750,2026-08-19,CREDIT,10.0,CUSTOMER_RECEIPT,UPI-QR Payment received bharatpe@icici,Customer_678
UPI20260819649857,2026-08-19,CREDIT,11.09,CUSTOMER_RECEIPT,UPI-QR Payment received gpay@okaxis,Customer_346
UPI20260819817269,2026-08-19,CREDIT,29.29,CUSTOMER_RECEIPT,UPI-QR Payment received paytm@upi,Customer_769
UPI20260819999908,2026-08-19,CREDIT,283.84,CUSTOMER_RECEIPT,UPI-QR Payment received paytm@upi,Customer_195
UPI20260820109909,2026-08-20,CREDIT,19.28,CUSTOMER_RECEIPT,UPI-QR Payment received gpay@okaxis,Customer_184
UPI20260820144618,2026-08-20,CREDIT,10.0,CUSTOMER_RECEIPT,UPI-QR Payment received gpay@okaxis,Customer_316
UPI20260820148823,2026-08-20,CREDIT,55.04,CUSTOMER_RECEIPT,UPI-QR Payment received paytm@upi,Customer_800
UPI20260820317221,2026-08-20,CREDIT,46.68,CUSTOMER_RECEIPT,UPI-QR Payment received gpay@okaxis,Customer_870
UPI20260820352153,2026-08-20,CREDIT,18.3,CUSTOMER_RECEIPT,UPI-QR Payment received bharatpe@icici,Customer_793
UPI20260820393992,2026-08-20,CREDIT,67.74,CUSTOMER_RECEIPT,UPI-QR Payment received paytm@upi,Customer_283
UPI20260820413814,2026-08-20,CREDIT,15.38,CUSTOMER_RECEIPT,UPI-QR Payment received gpay@okaxis,Customer_677
UPI20260820599127,2026-08-20,CREDIT,20.93,CUSTOMER_RECEIPT,UPI-QR Payment received paytm@upi,Customer_752
UPI20260820624139,2026-08-20,CREDIT,10.0,CUSTOMER_RECEIPT,UPI-QR Payment received bharatpe@icici,Customer_760
UPI20260820825916,2026-08-20,CREDIT,136.18,CUSTOMER_RECEIPT,UPI-QR Payment received bharatpe@icici,Customer_377
UPI20260820922478,2026-08-20,CREDIT,58.22,CUSTOMER_RECEIPT,UPI-QR Payment received phonepe@ybl,Customer_679
UPI20260820960556,2026-08-20,CREDIT,74.76,CUSTOMER_RECEIPT,UPI-QR Payment received bharatpe@icici,Customer_178
UPI20260820991737,2026-08-20,CREDIT,52.97,CUSTOMER_RECEIPT,UPI-QR Payment received phonepe@ybl,Customer_116
UPI20260820999636,2026-08-20,CREDIT,75.84,CUSTOMER_RECEIPT,UPI-QR Payment received paytm@upi,Customer_640
UPI20260821202430,2026-08-21,CREDIT,74.62,CUSTOMER_RECEIPT,UPI-QR Payment received bharatpe@icici,Customer_337
UPI20260821339220,2026-08-21,CREDIT,27.11,CUSTOMER_RECEIPT,UPI-QR Payment received phonepe@ybl,Customer_666
UPI20260821386604,2026-08-21,CREDIT,10.0,CUSTOMER_RECEIPT,UPI-QR Payment received bharatpe@icici,Customer_602
UPI20260821442230,2026-08-21,CREDIT,83.92,CUSTOMER_RECEIPT,UPI-QR Payment received paytm@upi,Customer_749
UPI20260821734565,2026-08-21,CREDIT,164.93,CUSTOMER_RECEIPT,UPI-QR Payment received bharatpe@icici,Customer_892
UPI20260821812711,2026-08-21,DEBIT,1404.59,BUSINESS_EXPENSE,"Inventory purchase (Tea, milk, spices, packaging)",subzi_mandi@axis
UPI20260821881667,2026-08-21,CREDIT,466.44,CUSTOMER_RECEIPT,UPI-QR Payment received phonepe@ybl,Customer_154
UPI20260821928897,2026-08-21,CREDIT,316.02,CUSTOMER_RECEIPT,UPI-QR Payment received paytm@upi,Customer_612
UPI20260821979414,2026-08-21,CREDIT,50.42,CUSTOMER_RECEIPT,UPI-QR Payment received paytm@upi,Customer_448
UPI20260822211726,2026-08-22,CREDIT,285.9,CUSTOMER_RECEIPT,UPI-QR Payment received paytm@upi,Customer_105
UPI20260822358421,2026-08-22,CREDIT,275.96,CUSTOMER_RECEIPT,UPI-QR Payment received paytm@upi,Customer_184
UPI20260822380989,2026-08-22,CREDIT,10.0,CUSTOMER_RECEIPT,UPI-QR Payment received gpay@okaxis,Customer_489
UPI20260822423241,2026-08-22,CREDIT,10.0,CUSTOMER_RECEIPT,UPI-QR Payment received bharatpe@icici,Customer_468
UPI20260822508548,2026-08-22,CREDIT,67.41,CUSTOMER_RECEIPT,UPI-QR Payment received phonepe@ybl,Customer_469
UPI20260822846247,2026-08-22,CREDIT,64.39,CUSTOMER_RECEIPT,UPI-QR Payment received gpay@okaxis,Customer_857
UPI20260822909676,2026-08-22,CREDIT,322.91,CUSTOMER_RECEIPT,UPI-QR Payment received phonepe@ybl,Customer_917
UPI20260823127537,2026-08-23,CREDIT,43.95,CUSTOMER_RECEIPT,UPI-QR Payment received paytm@upi,Customer_462
UPI20260823296494,2026-08-23,CREDIT,24.56,CUSTOMER_RECEIPT,UPI-QR Payment received bharatpe@icici,Customer_559
UPI20260823503951,2026-08-23,CREDIT,23.4,CUSTOMER_RECEIPT,UPI-QR Payment received paytm@upi,Customer_398
UPI20260823533911,2026-08-23,CREDIT,62.26,CUSTOMER_RECEIPT,UPI-QR Payment received bharatpe@icici,Customer_897
UPI20260823681141,2026-08-23,CREDIT,236.33,CUSTOMER_RECEIPT,UPI-QR Payment received paytm@upi,Customer_711
UPI20260823684041,2026-08-23,CREDIT,359.52,CUSTOMER_RECEIPT,UPI-QR Payment received bharatpe@icici,Customer_205
UPI20260823727094,2026-08-23,CREDIT,60.79,CUSTOMER_RECEIPT,UPI-QR Payment received phonepe@ybl,Customer_984
UPI20260824107096,2026-08-24,CREDIT,10.0,CUSTOMER_RECEIPT,UPI-QR Payment received bharatpe@icici,Customer_440
UPI20260824212168,2026-08-24,CREDIT,23.06,CUSTOMER_RECEIPT,UPI-QR Payment received gpay@okaxis,Customer_411
UPI20260824275329,2026-08-24,CREDIT,109.11,CUSTOMER_RECEIPT,UPI-QR Payment received bharatpe@icici,Customer_382
UPI20260824354533,2026-08-24,CREDIT,126.74,CUSTOMER_RECEIPT,UPI-QR Payment received gpay@okaxis,Customer_801
UPI20260824363926,2026-08-24,CREDIT,224.24,CUSTOMER_RECEIPT,UPI-QR Payment received gpay@okaxis,Customer_838
UPI20260824381981,2026-08-24,CREDIT,175.44,CUSTOMER_RECEIPT,UPI-QR Payment received phonepe@ybl,Customer_374
UPI20260824445549,2026-08-24,CREDIT,86.54,CUSTOMER_RECEIPT,UPI-QR Payment received bharatpe@icici,Customer_442
UPI20260824499226,2026-08-24,CREDIT,191.52,CUSTOMER_RECEIPT,UPI-QR Payment received gpay@okaxis,Customer_242
UPI20260824541557,2026-08-24,CREDIT,22.69,CUSTOMER_RECEIPT,UPI-QR Payment received phonepe@ybl,Customer_595
UPI20260824617077,2026-08-24,CREDIT,50.07,CUSTOMER_RECEIPT,UPI-QR Payment received gpay@okaxis,Customer_164
UPI20260824746624,2026-08-24,CREDIT,10.0,CUSTOMER_RECEIPT,UPI-QR Payment received gpay@okaxis,Customer_568
UPI20260824755395,2026-08-24,CREDIT,10.0,CUSTOMER_RECEIPT,UPI-QR Payment received bharatpe@icici,Customer_708
UPI20260824782661,2026-08-24,DEBIT,1941.67,BUSINESS_EXPENSE,"Inventory purchase (Tea, milk, spices, packaging)",subzi_mandi@axis
UPI20260824920685,2026-08-24,CREDIT,34.32,CUSTOMER_RECEIPT,UPI-QR Payment received paytm@upi,Customer_469
UPI20260824982495,2026-08-24,CREDIT,19.81,CUSTOMER_RECEIPT,UPI-QR Payment received bharatpe@icici,Customer_923
UPI20260825219420,2026-08-25,CREDIT,34.03,CUSTOMER_RECEIPT,UPI-QR Payment received gpay@okaxis,Customer_706
UPI20260825429445,2026-08-25,CREDIT,243.35,CUSTOMER_RECEIPT,UPI-QR Payment received gpay@okaxis,Customer_507
UPI20260825434640,2026-08-25,CREDIT,185.44,CUSTOMER_RECEIPT,UPI-QR Payment received phonepe@ybl,Customer_852
UPI20260825494322,2026-08-25,CREDIT,52.07,CUSTOMER_RECEIPT,UPI-QR Payment received phonepe@ybl,Customer_936
UPI20260825584045,2026-08-25,CREDIT,87.56,CUSTOMER_RECEIPT,UPI-QR Payment received gpay@okaxis,Customer_548
UPI20260825672133,2026-08-25,CREDIT,106.7,CUSTOMER_RECEIPT,UPI-QR Payment received gpay@okaxis,Customer_798
UPI20260825732512,2026-08-25,CREDIT,59.66,CUSTOMER_RECEIPT,UPI-QR Payment received gpay@okaxis,Customer_590
UPI20260825828716,2026-08-25,CREDIT,45.61,CUSTOMER_RECEIPT,UPI-QR Payment received bharatpe@icici,Customer_689
UPI20260825904905,2026-08-25,CREDIT,57.42,CUSTOMER_RECEIPT,UPI-QR Payment received paytm@upi,Customer_844
UPI20260825919959,2026-08-25,CREDIT,32.75,CUSTOMER_RECEIPT,UPI-QR Payment received gpay@okaxis,Customer_433
UPI20260825924040,2026-08-25,CREDIT,97.3,CUSTOMER_RECEIPT,UPI-QR Payment received bharatpe@icici,Customer_473
UPI20260826417543,2026-08-26,CREDIT,600.96,CUSTOMER_RECEIPT,UPI-QR Payment received gpay@okaxis,Customer_358
UPI20260826476993,2026-08-26,DEBIT,1907.01,BUSINESS_EXPENSE,"Inventory purchase (Tea, milk, spices, packaging)",subzi_mandi@axis
UPI20260826520274,2026-08-26,CREDIT,135.44,CUSTOMER_RECEIPT,UPI-QR Payment received bharatpe@icici,Customer_656
UPI20260826543681,2026-08-26,CREDIT,30.59,CUSTOMER_RECEIPT,UPI-QR Payment received bharatpe@icici,Customer_175
UPI20260826570880,2026-08-26,CREDIT,411.11,CUSTOMER_RECEIPT,UPI-QR Payment received bharatpe@icici,Customer_696
UPI20260826623557,2026-08-26,CREDIT,70.69,CUSTOMER_RECEIPT,UPI-QR Payment received gpay@okaxis,Customer_748
UPI20260826790658,2026-08-26,CREDIT,292.29,CUSTOMER_RECEIPT,UPI-QR Payment received gpay@okaxis,Customer_832
UPI20260826958747,2026-08-26,CREDIT,116.11,CUSTOMER_RECEIPT,UPI-QR Payment received bharatpe@icici,Customer_789
UPI20260827111060,2026-08-27,CREDIT,103.16,CUSTOMER_RECEIPT,UPI-QR Payment received paytm@upi,Customer_364
UPI20260827125755,2026-08-27,CREDIT,427.63,CUSTOMER_RECEIPT,UPI-QR Payment received bharatpe@icici,Customer_207
UPI20260827221707,2026-08-27,CREDIT,19.36,CUSTOMER_RECEIPT,UPI-QR Payment received gpay@okaxis,Customer_456
UPI20260827332785,2026-08-27,CREDIT,30.65,CUSTOMER_RECEIPT,UPI-QR Payment received gpay@okaxis,Customer_556
UPI20260827409783,2026-08-27,CREDIT,76.66,CUSTOMER_RECEIPT,UPI-QR Payment received bharatpe@icici,Customer_187
UPI20260827427040,2026-08-27,CREDIT,32.67,CUSTOMER_RECEIPT,UPI-QR Payment received phonepe@ybl,Customer_566
UPI20260827447704,2026-08-27,CREDIT,80.18,CUSTOMER_RECEIPT,UPI-QR Payment received bharatpe@icici,Customer_208
UPI20260827492292,2026-08-27,CREDIT,15.42,CUSTOMER_RECEIPT,UPI-QR Payment received bharatpe@icici,Customer_574
UPI20260827722665,2026-08-27,CREDIT,231.21,CUSTOMER_RECEIPT,UPI-QR Payment received paytm@upi,Customer_211
UPI20260827776364,2026-08-27,CREDIT,32.16,CUSTOMER_RECEIPT,UPI-QR Payment received bharatpe@icici,Customer_870
UPI20260827778428,2026-08-27,CREDIT,10.0,CUSTOMER_RECEIPT,UPI-QR Payment received paytm@upi,Customer_676
UPI20260827796982,2026-08-27,CREDIT,56.91,CUSTOMER_RECEIPT,UPI-QR Payment received phonepe@ybl,Customer_270
UPI20260827906306,2026-08-27,CREDIT,165.34,CUSTOMER_RECEIPT,UPI-QR Payment received gpay@okaxis,Customer_773
UPI20260827909859,2026-08-27,CREDIT,185.15,CUSTOMER_RECEIPT,UPI-QR Payment received gpay@okaxis,Customer_453
UPI20260828170437,2026-08-28,CREDIT,15.04,CUSTOMER_RECEIPT,UPI-QR Payment received phonepe@ybl,Customer_145
UPI20260828214675,2026-08-28,CREDIT,97.0,CUSTOMER_RECEIPT,UPI-QR Payment received gpay@okaxis,Customer_858
UPI20260828267914,2026-08-28,CREDIT,212.59,CUSTOMER_RECEIPT,UPI-QR Payment received phonepe@ybl,Customer_673
UPI20260828293411,2026-08-28,CREDIT,17.68,CUSTOMER_RECEIPT,UPI-QR Payment received gpay@okaxis,Customer_755
UPI20260828355761,2026-08-28,CREDIT,126.55,CUSTOMER_RECEIPT,UPI-QR Payment received gpay@okaxis,Customer_665
UPI20260828547080,2026-08-28,CREDIT,27.76,CUSTOMER_RECEIPT,UPI-QR Payment received bharatpe@icici,Customer_337
UPI20260828599292,2026-08-28,CREDIT,10.0,CUSTOMER_RECEIPT,UPI-QR Payment received paytm@upi,Customer_548
UPI20260828857065,2026-08-28,CREDIT,295.01,CUSTOMER_RECEIPT,UPI-QR Payment received bharatpe@icici,Customer_426
UPI20260828936507,2026-08-28,CREDIT,10.0,CUSTOMER_RECEIPT,UPI-QR Payment received bharatpe@icici,Customer_744
UPI20260828949541,2026-08-28,CREDIT,103.17,CUSTOMER_RECEIPT,UPI-QR Payment received paytm@upi,Customer_123
UPI20260828990429,2026-08-28,CREDIT,38.46,CUSTOMER_RECEIPT,UPI-QR Payment received phonepe@ybl,Customer_763
UPI20260829206694,2026-08-29,CREDIT,122.92,CUSTOMER_RECEIPT,UPI-QR Payment received gpay@okaxis,Customer_474
UPI20260829219490,2026-08-29,CREDIT,276.28,CUSTOMER_RECEIPT,UPI-QR Payment received phonepe@ybl,Customer_786
UPI20260829219781,2026-08-29,CREDIT,82.24,CUSTOMER_RECEIPT,UPI-QR Payment received phonepe@ybl,Customer_460
UPI20260829240454,2026-08-29,CREDIT,10.0,CUSTOMER_RECEIPT,UPI-QR Payment received phonepe@ybl,Customer_220
UPI20260829280908,2026-08-29,CREDIT,20.44,CUSTOMER_RECEIPT,UPI-QR Payment received phonepe@ybl,Customer_729
UPI20260829306909,2026-08-29,CREDIT,258.81,CUSTOMER_RECEIPT,UPI-QR Payment received bharatpe@icici,Customer_706
UPI20260829350161,2026-08-29,CREDIT,103.87,CUSTOMER_RECEIPT,UPI-QR Payment received phonepe@ybl,Customer_219
UPI20260829391865,2026-08-29,CREDIT,103.13,CUSTOMER_RECEIPT,UPI-QR Payment received paytm@upi,Customer_691
UPI20260829441819,2026-08-29,CREDIT,21.67,CUSTOMER_RECEIPT,UPI-QR Payment received gpay@okaxis,Customer_568
UPI20260829507517,2026-08-29,CREDIT,54.3,CUSTOMER_RECEIPT,UPI-QR Payment received bharatpe@icici,Customer_701
UPI20260829550418,2026-08-29,CREDIT,232.71,CUSTOMER_RECEIPT,UPI-QR Payment received bharatpe@icici,Customer_104
UPI20260829613261,2026-08-29,CREDIT,60.98,CUSTOMER_RECEIPT,UPI-QR Payment received phonepe@ybl,Customer_711
UPI20260829718836,2026-08-29,CREDIT,150.55,CUSTOMER_RECEIPT,UPI-QR Payment received paytm@upi,Customer_788
UPI20260829838968,2026-08-29,CREDIT,102.26,CUSTOMER_RECEIPT,UPI-QR Payment received gpay@okaxis,Customer_310
UPI20260829986589,2026-08-29,CREDIT,10.0,CUSTOMER_RECEIPT,UPI-QR Payment received bharatpe@icici,Customer_732
UPI20260830156215,2026-08-30,CREDIT,135.46,CUSTOMER_RECEIPT,UPI-QR Payment received phonepe@ybl,Customer_109
UPI20260830247111,2026-08-30,CREDIT,73.89,CUSTOMER_RECEIPT,UPI-QR Payment received gpay@okaxis,Customer_422
UPI20260830274971,2026-08-30,CREDIT,266.07,CUSTOMER_RECEIPT,UPI-QR Payment received bharatpe@icici,Customer_395
UPI20260830502349,2026-08-30,CREDIT,71.39,CUSTOMER_RECEIPT,UPI-QR Payment received bharatpe@icici,Customer_290
UPI20260830610310,2026-08-30,CREDIT,92.12,CUSTOMER_RECEIPT,UPI-QR Payment received gpay@okaxis,Customer_668
UPI20260830635638,2026-08-30,CREDIT,58.99,CUSTOMER_RECEIPT,UPI-QR Payment received bharatpe@icici,Customer_528
UPI20260830725397,2026-08-30,CREDIT,103.35,CUSTOMER_RECEIPT,UPI-QR Payment received gpay@okaxis,Customer_688
UPI20260830954815,2026-08-30,DEBIT,991.15,BUSINESS_EXPENSE,"Inventory purchase (Tea, milk, spices, packaging)",dairy_distributor@icici
UPI20260830982885,2026-08-30,CREDIT,175.13,CUSTOMER_RECEIPT,UPI-QR Payment received bharatpe@icici,Customer_734
UPI20260831132359,2026-08-31,CREDIT,10.0,CUSTOMER_RECEIPT,UPI-QR Payment received gpay@okaxis,Customer_399
UPI20260831134283,2026-08-31,CREDIT,31.73,CUSTOMER_RECEIPT,UPI-QR Payment received phonepe@ybl,Customer_330
UPI20260831219754,2026-08-31,CREDIT,42.44,CUSTOMER_RECEIPT,UPI-QR Payment received phonepe@ybl,Customer_893
UPI20260831275377,2026-08-31,CREDIT,25.24,CUSTOMER_RECEIPT,UPI-QR Payment received paytm@upi,Customer_678
UPI20260831635618,2026-08-31,CREDIT,94.77,CUSTOMER_RECEIPT,UPI-QR Payment received paytm@upi,Customer_686
UPI20260831663723,2026-08-31,CREDIT,94.31,CUSTOMER_RECEIPT,UPI-QR Payment received phonepe@ybl,Customer_272
UPI20260831669488,2026-08-31,CREDIT,153.73,CUSTOMER_RECEIPT,UPI-QR Payment received phonepe@ybl,Customer_655
UPI20260831784793,2026-08-31,CREDIT,113.67,CUSTOMER_RECEIPT,UPI-QR Payment received bharatpe@icici,Customer_518
UPI20260831817956,2026-08-31,CREDIT,288.12,CUSTOMER_RECEIPT,UPI-QR Payment received bharatpe@icici,Customer_525
UPI20260831844638,2026-08-31,CREDIT,137.59,CUSTOMER_RECEIPT,UPI-QR Payment received bharatpe@icici,Customer_600
UPI20260831853905,2026-08-31,CREDIT,10.0,CUSTOMER_RECEIPT,UPI-QR Payment received bharatpe@icici,Customer_659
UPI20260831878586,2026-08-31,CREDIT,71.55,CUSTOMER_RECEIPT,UPI-QR Payment received bharatpe@icici,Customer_662
UPI20260831918665,2026-08-31,CREDIT,10.0,CUSTOMER_RECEIPT,UPI-QR Payment received bharatpe@icici,Customer_679
UPI20260831962570,2026-08-31,CREDIT,11.76,CUSTOMER_RECEIPT,UPI-QR Payment received paytm@upi,Customer_878
UPI20260901133796,2026-09-01,CREDIT,143.54,CUSTOMER_RECEIPT,UPI-QR Payment received bharatpe@icici,Customer_369
UPI20260901223088,2026-09-01,CREDIT,119.72,CUSTOMER_RECEIPT,UPI-QR Payment received gpay@okaxis,Customer_314
UPI20260901465509,2026-09-01,CREDIT,244.64,CUSTOMER_RECEIPT,UPI-QR Payment received paytm@upi,Customer_549
UPI20260901746081,2026-09-01,CREDIT,337.06,CUSTOMER_RECEIPT,UPI-QR Payment received gpay@okaxis,Customer_903
UPI20260901845279,2026-09-01,CREDIT,358.73,CUSTOMER_RECEIPT,UPI-QR Payment received bharatpe@icici,Customer_269
UPI20260901871740,2026-09-01,CREDIT,273.3,CUSTOMER_RECEIPT,UPI-QR Payment received gpay@okaxis,Customer_404
UPI20260901944565,2026-09-01,DEBIT,1938.94,BUSINESS_EXPENSE,"Inventory purchase (Tea, milk, spices, packaging)",kirana_supplier@upi
UPI20260901950083,2026-09-01,CREDIT,59.35,CUSTOMER_RECEIPT,UPI-QR Payment received phonepe@ybl,Customer_981
UPI20260902179184,2026-09-02,CREDIT,196.92,CUSTOMER_RECEIPT,UPI-QR Payment received paytm@upi,Customer_512
UPI20260902239136,2026-09-02,CREDIT,14.04,CUSTOMER_RECEIPT,UPI-QR Payment received gpay@okaxis,Customer_249
UPI20260902249077,2026-09-02,CREDIT,19.54,CUSTOMER_RECEIPT,UPI-QR Payment received phonepe@ybl,Customer_742
UPI20260902359579,2026-09-02,CREDIT,56.37,CUSTOMER_RECEIPT,UPI-QR Payment received bharatpe@icici,Customer_601
UPI20260902390794,2026-09-02,CREDIT,237.92,CUSTOMER_RECEIPT,UPI-QR Payment received gpay@okaxis,Customer_818
UPI20260902394739,2026-09-02,CREDIT,113.24,CUSTOMER_RECEIPT,UPI-QR Payment received gpay@okaxis,Customer_431
UPI20260902486999,2026-09-02,CREDIT,156.8,CUSTOMER_RECEIPT,UPI-QR Payment received bharatpe@icici,Customer_599
UPI20260902534346,2026-09-02,CREDIT,74.51,CUSTOMER_RECEIPT,UPI-QR Payment received bharatpe@icici,Customer_562
UPI20260902639403,2026-09-02,CREDIT,42.74,CUSTOMER_RECEIPT,UPI-QR Payment received paytm@upi,Customer_238
UPI20260902640659,2026-09-02,CREDIT,125.76,CUSTOMER_RECEIPT,UPI-QR Payment received phonepe@ybl,Customer_811
UPI20260902700556,2026-09-02,CREDIT,85.15,CUSTOMER_RECEIPT,UPI-QR Payment received phonepe@ybl,Customer_978
UPI20260902838253,2026-09-02,CREDIT,30.32,CUSTOMER_RECEIPT,UPI-QR Payment received phonepe@ybl,Customer_396
UPI20260902845951,2026-09-02,CREDIT,286.39,CUSTOMER_RECEIPT,UPI-QR Payment received phonepe@ybl,Customer_948
UPI20260902886530,2026-09-02,CREDIT,10.0,CUSTOMER_RECEIPT,UPI-QR Payment received bharatpe@icici,Customer_160
UPI20260902911739,2026-09-02,DEBIT,1614.74,BUSINESS_EXPENSE,"Inventory purchase (Tea, milk, spices, packaging)",subzi_mandi@axis
UPI20260903166407,2026-09-03,CREDIT,107.51,CUSTOMER_RECEIPT,UPI-QR Payment received bharatpe@icici,Customer_323
UPI20260903204411,2026-09-03,CREDIT,10.0,CUSTOMER_RECEIPT,UPI-QR Payment received bharatpe@icici,Customer_116
UPI20260903230272,2026-09-03,CREDIT,111.54,CUSTOMER_RECEIPT,UPI-QR Payment received gpay@okaxis,Customer_551
UPI20260903312146,2026-09-03,CREDIT,18.17,CUSTOMER_RECEIPT,UPI-QR Payment received gpay@okaxis,Customer_765
UPI20260903381581,2026-09-03,CREDIT,26.2,CUSTOMER_RECEIPT,UPI-QR Payment received phonepe@ybl,Customer_948
UPI20260903397368,2026-09-03,CREDIT,61.32,CUSTOMER_RECEIPT,UPI-QR Payment received phonepe@ybl,Customer_660
UPI20260903416528,2026-09-03,CREDIT,76.55,CUSTOMER_RECEIPT,UPI-QR Payment received gpay@okaxis,Customer_995
UPI20260903460437,2026-09-03,CREDIT,263.03,CUSTOMER_RECEIPT,UPI-QR Payment received paytm@upi,Customer_147
UPI20260903550513,2026-09-03,CREDIT,172.57,CUSTOMER_RECEIPT,UPI-QR Payment received gpay@okaxis,Customer_606
UPI20260903578693,2026-09-03,CREDIT,236.58,CUSTOMER_RECEIPT,UPI-QR Payment received paytm@upi,Customer_538
UPI20260903706007,2026-09-03,CREDIT,22.81,CUSTOMER_RECEIPT,UPI-QR Payment received gpay@okaxis,Customer_679
UPI20260903765678,2026-09-03,CREDIT,98.08,CUSTOMER_RECEIPT,UPI-QR Payment received phonepe@ybl,Customer_970
UPI20260903993829,2026-09-03,CREDIT,400.96,CUSTOMER_RECEIPT,UPI-QR Payment received bharatpe@icici,Customer_907
UPI20260904108454,2026-09-04,CREDIT,200.68,CUSTOMER_RECEIPT,UPI-QR Payment received phonepe@ybl,Customer_936
UPI20260904199807,2026-09-04,CREDIT,381.91,CUSTOMER_RECEIPT,UPI-QR Payment received paytm@upi,Customer_318
UPI20260904226451,2026-09-04,CREDIT,41.44,CUSTOMER_RECEIPT,UPI-QR Payment received bharatpe@icici,Customer_810
UPI20260904362552,2026-09-04,CREDIT,266.38,CUSTOMER_RECEIPT,UPI-QR Payment received paytm@upi,Customer_480
UPI20260904515594,2026-09-04,CREDIT,128.88,CUSTOMER_RECEIPT,UPI-QR Payment received phonepe@ybl,Customer_843
UPI20260904599968,2026-09-04,CREDIT,311.27,CUSTOMER_RECEIPT,UPI-QR Payment received paytm@upi,Customer_235
UPI20260904722518,2026-09-04,CREDIT,69.31,CUSTOMER_RECEIPT,UPI-QR Payment received gpay@okaxis,Customer_631
UPI20260904787326,2026-09-04,CREDIT,278.39,CUSTOMER_RECEIPT,UPI-QR Payment received paytm@upi,Customer_820
UPI20260904796787,2026-09-04,CREDIT,10.0,CUSTOMER_RECEIPT,UPI-QR Payment received gpay@okaxis,Customer_153
UPI20260904813013,2026-09-04,CREDIT,213.55,CUSTOMER_RECEIPT,UPI-QR Payment received bharatpe@icici,Customer_109
UPI20260904833417,2026-09-04,CREDIT,38.05,CUSTOMER_RECEIPT,UPI-QR Payment received gpay@okaxis,Customer_539
ACH20260905563873,2026-09-05,DEBIT,3200.0,EMI_DEBT,Equipment Micro-Loan Auto-Debit EMI,MFI_Lending_NBFC
UPI20260905243790,2026-09-05,CREDIT,49.95,CUSTOMER_RECEIPT,UPI-QR Payment received bharatpe@icici,Customer_892
UPI20260905428572,2026-09-05,CREDIT,173.33,CUSTOMER_RECEIPT,UPI-QR Payment received phonepe@ybl,Customer_406
UPI20260905468247,2026-09-05,CREDIT,246.55,CUSTOMER_RECEIPT,UPI-QR Payment received gpay@okaxis,Customer_743
UPI20260905501677,2026-09-05,CREDIT,337.41,CUSTOMER_RECEIPT,UPI-QR Payment received paytm@upi,Customer_848
UPI20260905656278,2026-09-05,CREDIT,227.73,CUSTOMER_RECEIPT,UPI-QR Payment received paytm@upi,Customer_724
UPI20260905746002,2026-09-05,DEBIT,2087.85,BUSINESS_EXPENSE,"Inventory purchase (Tea, milk, spices, packaging)",subzi_mandi@axis
UPI20260905781595,2026-09-05,CREDIT,79.37,CUSTOMER_RECEIPT,UPI-QR Payment received gpay@okaxis,Customer_550
UPI20260905810029,2026-09-05,CREDIT,15.3,CUSTOMER_RECEIPT,UPI-QR Payment received gpay@okaxis,Customer_170
UPI20260905945106,2026-09-05,CREDIT,10.0,CUSTOMER_RECEIPT,UPI-QR Payment received paytm@upi,Customer_205
UPI20260905952878,2026-09-05,CREDIT,24.55,CUSTOMER_RECEIPT,UPI-QR Payment received gpay@okaxis,Customer_756
UPI20260906205345,2026-09-06,CREDIT,18.14,CUSTOMER_RECEIPT,UPI-QR Payment received gpay@okaxis,Customer_870
UPI20260906229139,2026-09-06,CREDIT,101.65,CUSTOMER_RECEIPT,UPI-QR Payment received bharatpe@icici,Customer_459
UPI20260906246622,2026-09-06,CREDIT,419.75,CUSTOMER_RECEIPT,UPI-QR Payment received gpay@okaxis,Customer_383
UPI20260906550246,2026-09-06,CREDIT,208.1,CUSTOMER_RECEIPT,UPI-QR Payment received phonepe@ybl,Customer_910
UPI20260906680278,2026-09-06,CREDIT,263.86,CUSTOMER_RECEIPT,UPI-QR Payment received phonepe@ybl,Customer_897
UPI20260906775933,2026-09-06,CREDIT,103.01,CUSTOMER_RECEIPT,UPI-QR Payment received paytm@upi,Customer_354
UPI20260906824016,2026-09-06,CREDIT,582.72,CUSTOMER_RECEIPT,UPI-QR Payment received paytm@upi,Customer_968
UPI20260907112653,2026-09-07,CREDIT,169.11,CUSTOMER_RECEIPT,UPI-QR Payment received phonepe@ybl,Customer_424
UPI20260907157219,2026-09-07,CREDIT,10.0,CUSTOMER_RECEIPT,UPI-QR Payment received gpay@okaxis,Customer_606
UPI20260907163406,2026-09-07,CREDIT,41.85,CUSTOMER_RECEIPT,UPI-QR Payment received bharatpe@icici,Customer_618
UPI20260907238394,2026-09-07,CREDIT,61.29,CUSTOMER_RECEIPT,UPI-QR Payment received bharatpe@icici,Customer_981
UPI20260907374921,2026-09-07,CREDIT,118.67,CUSTOMER_RECEIPT,UPI-QR Payment received gpay@okaxis,Customer_140
UPI20260907400404,2026-09-07,CREDIT,53.22,CUSTOMER_RECEIPT,UPI-QR Payment received bharatpe@icici,Customer_533
UPI20260907424960,2026-09-07,DEBIT,1188.45,BUSINESS_EXPENSE,"Inventory purchase (Tea, milk, spices, packaging)",kirana_supplier@upi
UPI20260907504630,2026-09-07,CREDIT,166.17,CUSTOMER_RECEIPT,UPI-QR Payment received paytm@upi,Customer_346
UPI20260907510780,2026-09-07,CREDIT,21.59,CUSTOMER_RECEIPT,UPI-QR Payment received phonepe@ybl,Customer_761
UPI20260907593894,2026-09-07,CREDIT,503.34,CUSTOMER_RECEIPT,UPI-QR Payment received paytm@upi,Customer_117
UPI20260907623850,2026-09-07,CREDIT,10.0,CUSTOMER_RECEIPT,UPI-QR Payment received paytm@upi,Customer_640
UPI20260907634273,2026-09-07,CREDIT,77.9,CUSTOMER_RECEIPT,UPI-QR Payment received gpay@okaxis,Customer_865
UPI20260907672896,2026-09-07,CREDIT,130.54,CUSTOMER_RECEIPT,UPI-QR Payment received gpay@okaxis,Customer_881
UPI20260907715895,2026-09-07,CREDIT,35.16,CUSTOMER_RECEIPT,UPI-QR Payment received paytm@upi,Customer_114
UPI20260907835901,2026-09-07,CREDIT,80.4,CUSTOMER_RECEIPT,UPI-QR Payment received bharatpe@icici,Customer_184
UPI20260907979727,2026-09-07,CREDIT,227.81,CUSTOMER_RECEIPT,UPI-QR Payment received bharatpe@icici,Customer_474
UPI20260908221620,2026-09-08,CREDIT,39.95,CUSTOMER_RECEIPT,UPI-QR Payment received bharatpe@icici,Customer_726
UPI20260908356355,2026-09-08,CREDIT,195.88,CUSTOMER_RECEIPT,UPI-QR Payment received paytm@upi,Customer_544
UPI20260908442622,2026-09-08,CREDIT,606.21,CUSTOMER_RECEIPT,UPI-QR Payment received bharatpe@icici,Customer_700
UPI20260908738407,2026-09-08,CREDIT,17.14,CUSTOMER_RECEIPT,UPI-QR Payment received paytm@upi,Customer_416
UPI20260908765105,2026-09-08,CREDIT,214.09,CUSTOMER_RECEIPT,UPI-QR Payment received paytm@upi,Customer_417
UPI20260908798435,2026-09-08,CREDIT,64.12,CUSTOMER_RECEIPT,UPI-QR Payment received gpay@okaxis,Customer_222
UPI20260908832614,2026-09-08,CREDIT,79.19,CUSTOMER_RECEIPT,UPI-QR Payment received bharatpe@icici,Customer_847
UPI20260908947312,2026-09-08,CREDIT,302.92,CUSTOMER_RECEIPT,UPI-QR Payment received gpay@okaxis,Customer_649
UPI20260908987586,2026-09-08,CREDIT,80.1,CUSTOMER_RECEIPT,UPI-QR Payment received gpay@okaxis,Customer_159
UPI20260909223791,2026-09-09,CREDIT,10.0,CUSTOMER_RECEIPT,UPI-QR Payment received paytm@upi,Customer_443
UPI20260909271790,2026-09-09,CREDIT,77.87,CUSTOMER_RECEIPT,UPI-QR Payment received bharatpe@icici,Customer_455
UPI20260909489933,2026-09-09,CREDIT,61.18,CUSTOMER_RECEIPT,UPI-QR Payment received gpay@okaxis,Customer_867
UPI20260909648410,2026-09-09,CREDIT,80.81,CUSTOMER_RECEIPT,UPI-QR Payment received phonepe@ybl,Customer_270
UPI20260909704663,2026-09-09,DEBIT,1168.13,BUSINESS_EXPENSE,"Inventory purchase (Tea, milk, spices, packaging)",subzi_mandi@axis
UPI20260909919067,2026-09-09,CREDIT,10.0,CUSTOMER_RECEIPT,UPI-QR Payment received phonepe@ybl,Customer_850
UPI20260909946313,2026-09-09,CREDIT,1011.8,CUSTOMER_RECEIPT,UPI-QR Payment received bharatpe@icici,Customer_378
UPI20260910112884,2026-09-10,CREDIT,140.18,CUSTOMER_RECEIPT,UPI-QR Payment received gpay@okaxis,Customer_147
UPI20260910137081,2026-09-10,CREDIT,191.92,CUSTOMER_RECEIPT,UPI-QR Payment received bharatpe@icici,Customer_329
UPI20260910207903,2026-09-10,CREDIT,22.36,CUSTOMER_RECEIPT,UPI-QR Payment received paytm@upi,Customer_333
UPI20260910257375,2026-09-10,CREDIT,49.1,CUSTOMER_RECEIPT,UPI-QR Payment received gpay@okaxis,Customer_978
UPI20260910264951,2026-09-10,CREDIT,103.39,CUSTOMER_RECEIPT,UPI-QR Payment received phonepe@ybl,Customer_891
UPI20260910288056,2026-09-10,DEBIT,2834.78,BUSINESS_EXPENSE,Monthly Stall Fee & Electricity Bill,Municipal_Stall_Board
UPI20260910437433,2026-09-10,CREDIT,263.0,CUSTOMER_RECEIPT,UPI-QR Payment received gpay@okaxis,Customer_526
UPI20260910490917,2026-09-10,CREDIT,16.6,CUSTOMER_RECEIPT,UPI-QR Payment received paytm@upi,Customer_614
UPI20260910594681,2026-09-10,CREDIT,10.0,CUSTOMER_RECEIPT,UPI-QR Payment received phonepe@ybl,Customer_492
UPI20260910623879,2026-09-10,CREDIT,44.06,CUSTOMER_RECEIPT,UPI-QR Payment received gpay@okaxis,Customer_476
UPI20260910635593,2026-09-10,CREDIT,50.7,CUSTOMER_RECEIPT,UPI-QR Payment received phonepe@ybl,Customer_156
UPI20260910855276,2026-09-10,CREDIT,57.22,CUSTOMER_RECEIPT,UPI-QR Payment received phonepe@ybl,Customer_377
UPI20260910876764,2026-09-10,CREDIT,272.03,CUSTOMER_RECEIPT,UPI-QR Payment received paytm@upi,Customer_145
UPI20260910966120,2026-09-10,CREDIT,86.32,CUSTOMER_RECEIPT,UPI-QR Payment received paytm@upi,Customer_685
UPI20260911190581,2026-09-11,CREDIT,230.59,CUSTOMER_RECEIPT,UPI-QR Payment received bharatpe@icici,Customer_108
UPI20260911486839,2026-09-11,CREDIT,205.75,CUSTOMER_RECEIPT,UPI-QR Payment received gpay@okaxis,Customer_398
UPI20260911520400,2026-09-11,CREDIT,1039.8,CUSTOMER_RECEIPT,UPI-QR Payment received paytm@upi,Customer_998
UPI20260911587686,2026-09-11,CREDIT,57.94,CUSTOMER_RECEIPT,UPI-QR Payment received phonepe@ybl,Customer_892
UPI20260911691194,2026-09-11,CREDIT,158.04,CUSTOMER_RECEIPT,UPI-QR Payment received phonepe@ybl,Customer_857
UPI20260911720432,2026-09-11,DEBIT,1449.5,BUSINESS_EXPENSE,"Inventory purchase (Tea, milk, spices, packaging)",dairy_distributor@icici
UPI20260911985885,2026-09-11,CREDIT,628.79,CUSTOMER_RECEIPT,UPI-QR Payment received phonepe@ybl,Customer_435
UPI20260912101533,2026-09-12,CREDIT,325.26,CUSTOMER_RECEIPT,UPI-QR Payment received bharatpe@icici,Customer_969
UPI20260912106687,2026-09-12,CREDIT,41.77,CUSTOMER_RECEIPT,UPI-QR Payment received bharatpe@icici,Customer_124
UPI20260912315161,2026-09-12,CREDIT,12.82,CUSTOMER_RECEIPT,UPI-QR Payment received gpay@okaxis,Customer_529
UPI20260912344315,2026-09-12,CREDIT,53.57,CUSTOMER_RECEIPT,UPI-QR Payment received phonepe@ybl,Customer_751
UPI20260912615929,2026-09-12,CREDIT,747.86,CUSTOMER_RECEIPT,UPI-QR Payment received paytm@upi,Customer_245
UPI20260912846221,2026-09-12,CREDIT,462.93,CUSTOMER_RECEIPT,UPI-QR Payment received phonepe@ybl,Customer_195
UPI20260912868043,2026-09-12,CREDIT,56.4,CUSTOMER_RECEIPT,UPI-QR Payment received gpay@okaxis,Customer_254
UPI20260912873935,2026-09-12,CREDIT,92.7,CUSTOMER_RECEIPT,UPI-QR Payment received phonepe@ybl,Customer_206
UPI20260912980357,2026-09-12,CREDIT,44.38,CUSTOMER_RECEIPT,UPI-QR Payment received paytm@upi,Customer_443
UPI20260913178315,2026-09-13,CREDIT,104.72,CUSTOMER_RECEIPT,UPI-QR Payment received gpay@okaxis,Customer_239
UPI20260913200219,2026-09-13,CREDIT,25.98,CUSTOMER_RECEIPT,UPI-QR Payment received gpay@okaxis,Customer_752
UPI20260913210790,2026-09-13,CREDIT,118.01,CUSTOMER_RECEIPT,UPI-QR Payment received gpay@okaxis,Customer_560
UPI20260913405844,2026-09-13,CREDIT,22.73,CUSTOMER_RECEIPT,UPI-QR Payment received phonepe@ybl,Customer_971
UPI20260913430310,2026-09-13,CREDIT,230.1,CUSTOMER_RECEIPT,UPI-QR Payment received bharatpe@icici,Customer_817
UPI20260913533121,2026-09-13,CREDIT,357.36,CUSTOMER_RECEIPT,UPI-QR Payment received phonepe@ybl,Customer_569
UPI20260913574751,2026-09-13,CREDIT,34.46,CUSTOMER_RECEIPT,UPI-QR Payment received phonepe@ybl,Customer_339
UPI20260913588694,2026-09-13,CREDIT,13.05,CUSTOMER_RECEIPT,UPI-QR Payment received phonepe@ybl,Customer_516
UPI20260913720647,2026-09-13,CREDIT,193.09,CUSTOMER_RECEIPT,UPI-QR Payment received paytm@upi,Customer_545
UPI20260913794622,2026-09-13,CREDIT,161.95,CUSTOMER_RECEIPT,UPI-QR Payment received gpay@okaxis,Customer_342
UPI20260913884229,2026-09-13,CREDIT,718.09,CUSTOMER_RECEIPT,UPI-QR Payment received paytm@upi,Customer_694
UPI20260913907756,2026-09-13,DEBIT,1550.29,BUSINESS_EXPENSE,"Inventory purchase (Tea, milk, spices, packaging)",kirana_supplier@upi
UPI20260913917823,2026-09-13,CREDIT,122.24,CUSTOMER_RECEIPT,UPI-QR Payment received paytm@upi,Customer_259
UPI20260913959793,2026-09-13,CREDIT,68.62,CUSTOMER_RECEIPT,UPI-QR Payment received bharatpe@icici,Customer_176
UPI20260913972310,2026-09-13,CREDIT,34.57,CUSTOMER_RECEIPT,UPI-QR Payment received phonepe@ybl,Customer_425
UPI20260914112537,2026-09-14,CREDIT,30.05,CUSTOMER_RECEIPT,UPI-QR Payment received paytm@upi,Customer_950
UPI20260914195643,2026-09-14,CREDIT,311.33,CUSTOMER_RECEIPT,UPI-QR Payment received gpay@okaxis,Customer_464
UPI20260914265271,2026-09-14,CREDIT,30.85,CUSTOMER_RECEIPT,UPI-QR Payment received phonepe@ybl,Customer_946
UPI20260914282313,2026-09-14,CREDIT,106.41,CUSTOMER_RECEIPT,UPI-QR Payment received paytm@upi,Customer_514
UPI20260914377880,2026-09-14,CREDIT,209.77,CUSTOMER_RECEIPT,UPI-QR Payment received paytm@upi,Customer_192
UPI20260914413357,2026-09-14,CREDIT,165.69,CUSTOMER_RECEIPT,UPI-QR Payment received phonepe@ybl,Customer_939
UPI20260914515492,2026-09-14,CREDIT,197.99,CUSTOMER_RECEIPT,UPI-QR Payment received paytm@upi,Customer_793
UPI20260914584487,2026-09-14,CREDIT,52.46,CUSTOMER_RECEIPT,UPI-QR Payment received paytm@upi,Customer_923
UPI20260914838936,2026-09-14,CREDIT,13.86,CUSTOMER_RECEIPT,UPI-QR Payment received paytm@upi,Customer_320
UPI20260914884417,2026-09-14,CREDIT,10.0,CUSTOMER_RECEIPT,UPI-QR Payment received gpay@okaxis,Customer_196
UPI20260914932369,2026-09-14,CREDIT,46.6,CUSTOMER_RECEIPT,UPI-QR Payment received gpay@okaxis,Customer_224
UPI20260914976530,2026-09-14,CREDIT,219.43,CUSTOMER_RECEIPT,UPI-QR Payment received phonepe@ybl,Customer_251
UPI20260914996114,2026-09-14,CREDIT,79.98,CUSTOMER_RECEIPT,UPI-QR Payment received bharatpe@icici,Customer_669
UPI20260915130914,2026-09-15,CREDIT,89.58,CUSTOMER_RECEIPT,UPI-QR Payment received bharatpe@icici,Customer_799
UPI20260915144770,2026-09-15,CREDIT,190.15,CUSTOMER_RECEIPT,UPI-QR Payment received bharatpe@icici,Customer_151
UPI20260915178629,2026-09-15,CREDIT,10.0,CUSTOMER_RECEIPT,UPI-QR Payment received paytm@upi,Customer_166
UPI20260915235047,2026-09-15,CREDIT,114.75,CUSTOMER_RECEIPT,UPI-QR Payment received paytm@upi,Customer_967
UPI20260915276149,2026-09-15,CREDIT,68.22,CUSTOMER_RECEIPT,UPI-QR Payment received bharatpe@icici,Customer_941
UPI20260915307356,2026-09-15,CREDIT,24.82,CUSTOMER_RECEIPT,UPI-QR Payment received bharatpe@icici,Customer_928
UPI20260915325146,2026-09-15,CREDIT,42.66,CUSTOMER_RECEIPT,UPI-QR Payment received gpay@okaxis,Customer_381
UPI20260915490321,2026-09-15,CREDIT,128.28,CUSTOMER_RECEIPT,UPI-QR Payment received paytm@upi,Customer_696
UPI20260915547389,2026-09-15,CREDIT,173.78,CUSTOMER_RECEIPT,UPI-QR Payment received gpay@okaxis,Customer_462
UPI20260915714590,2026-09-15,CREDIT,68.36,CUSTOMER_RECEIPT,UPI-QR Payment received phonepe@ybl,Customer_932
UPI20260915859620,2026-09-15,CREDIT,65.38,CUSTOMER_RECEIPT,UPI-QR Payment received bharatpe@icici,Customer_608
UPI20260915969642,2026-09-15,CREDIT,10.0,CUSTOMER_RECEIPT,UPI-QR Payment received phonepe@ybl,Customer_225
UPI20260916136332,2026-09-16,CREDIT,183.75,CUSTOMER_RECEIPT,UPI-QR Payment received gpay@okaxis,Customer_762
UPI20260916191982,2026-09-16,CREDIT,341.94,CUSTOMER_RECEIPT,UPI-QR Payment received phonepe@ybl,Customer_492
UPI20260916243902,2026-09-16,CREDIT,258.88,CUSTOMER_RECEIPT,UPI-QR Payment received bharatpe@icici,Customer_304
UPI20260916409440,2026-09-16,CREDIT,135.24,CUSTOMER_RECEIPT,UPI-QR Payment received bharatpe@icici,Customer_521
UPI20260916677438,2026-09-16,CREDIT,50.37,CUSTOMER_RECEIPT,UPI-QR Payment received bharatpe@icici,Customer_162
UPI20260916773870,2026-09-16,CREDIT,174.18,CUSTOMER_RECEIPT,UPI-QR Payment received gpay@okaxis,Customer_745
UPI20260916919898,2026-09-16,CREDIT,327.47,CUSTOMER_RECEIPT,UPI-QR Payment received phonepe@ybl,Customer_591
UPI20260916941134,2026-09-16,CREDIT,308.23,CUSTOMER_RECEIPT,UPI-QR Payment received paytm@upi,Customer_491
UPI20260917129576,2026-09-17,CREDIT,114.75,CUSTOMER_RECEIPT,UPI-QR Payment received phonepe@ybl,Customer_681
UPI20260917204998,2026-09-17,CREDIT,14.56,CUSTOMER_RECEIPT,UPI-QR Payment received gpay@okaxis,Customer_772
UPI20260917330069,2026-09-17,CREDIT,10.0,CUSTOMER_RECEIPT,UPI-QR Payment received bharatpe@icici,Customer_463
UPI20260917348041,2026-09-17,CREDIT,11.63,CUSTOMER_RECEIPT,UPI-QR Payment received phonepe@ybl,Customer_925
UPI20260917352867,2026-09-17,CREDIT,179.42,CUSTOMER_RECEIPT,UPI-QR Payment received phonepe@ybl,Customer_646
UPI20260917383572,2026-09-17,CREDIT,152.98,CUSTOMER_RECEIPT,UPI-QR Payment received gpay@okaxis,Customer_126
UPI20260917434367,2026-09-17,CREDIT,100.83,CUSTOMER_RECEIPT,UPI-QR Payment received gpay@okaxis,Customer_130
UPI20260917474795,2026-09-17,CREDIT,117.83,CUSTOMER_RECEIPT,UPI-QR Payment received gpay@okaxis,Customer_263
UPI20260917626797,2026-09-17,CREDIT,103.92,CUSTOMER_RECEIPT,UPI-QR Payment received phonepe@ybl,Customer_497
UPI20260917690984,2026-09-17,CREDIT,14.78,CUSTOMER_RECEIPT,UPI-QR Payment received gpay@okaxis,Customer_676
UPI20260917873959,2026-09-17,CREDIT,34.42,CUSTOMER_RECEIPT,UPI-QR Payment received phonepe@ybl,Customer_705
UPI20260917947935,2026-09-17,CREDIT,81.29,CUSTOMER_RECEIPT,UPI-QR Payment received bharatpe@icici,Customer_642
UPI20260917949767,2026-09-17,DEBIT,1971.38,BUSINESS_EXPENSE,"Inventory purchase (Tea, milk, spices, packaging)",dairy_distributor@icici
UPI20260917950069,2026-09-17,CREDIT,96.13,CUSTOMER_RECEIPT,UPI-QR Payment received phonepe@ybl,Customer_159
UPI20260917955937,2026-09-17,CREDIT,173.26,CUSTOMER_RECEIPT,UPI-QR Payment received paytm@upi,Customer_882
UPI20260917979988,2026-09-17,CREDIT,147.38,CUSTOMER_RECEIPT,UPI-QR Payment received gpay@okaxis,Customer_280
UPI20260918122977,2026-09-18,CREDIT,165.79,CUSTOMER_RECEIPT,UPI-QR Payment received gpay@okaxis,Customer_700
UPI20260918158896,2026-09-18,CREDIT,296.12,CUSTOMER_RECEIPT,UPI-QR Payment received gpay@okaxis,Customer_716
UPI20260918236828,2026-09-18,CREDIT,159.22,CUSTOMER_RECEIPT,UPI-QR Payment received phonepe@ybl,Customer_834
UPI20260918286080,2026-09-18,CREDIT,659.27,CUSTOMER_RECEIPT,UPI-QR Payment received phonepe@ybl,Customer_160
UPI20260918329437,2026-09-18,CREDIT,117.51,CUSTOMER_RECEIPT,UPI-QR Payment received paytm@upi,Customer_639
UPI20260918601207,2026-09-18,CREDIT,10.0,CUSTOMER_RECEIPT,UPI-QR Payment received paytm@upi,Customer_439
UPI20260918614259,2026-09-18,CREDIT,282.68,CUSTOMER_RECEIPT,UPI-QR Payment received paytm@upi,Customer_192
UPI20260918743966,2026-09-18,CREDIT,56.14,CUSTOMER_RECEIPT,UPI-QR Payment received gpay@okaxis,Customer_925
UPI20260919205939,2026-09-19,CREDIT,102.22,CUSTOMER_RECEIPT,UPI-QR Payment received phonepe@ybl,Customer_409
UPI20260919209167,2026-09-19,DEBIT,1695.51,BUSINESS_EXPENSE,"Inventory purchase (Tea, milk, spices, packaging)",dairy_distributor@icici
UPI20260919286340,2026-09-19,CREDIT,353.95,CUSTOMER_RECEIPT,UPI-QR Payment received paytm@upi,Customer_818
UPI20260919421727,2026-09-19,CREDIT,131.82,CUSTOMER_RECEIPT,UPI-QR Payment received phonepe@ybl,Customer_230
UPI20260919432695,2026-09-19,CREDIT,102.59,CUSTOMER_RECEIPT,UPI-QR Payment received gpay@okaxis,Customer_824
UPI20260919438273,2026-09-19,CREDIT,199.23,CUSTOMER_RECEIPT,UPI-QR Payment received gpay@okaxis,Customer_261
UPI20260919482614,2026-09-19,CREDIT,39.6,CUSTOMER_RECEIPT,UPI-QR Payment received paytm@upi,Customer_482
UPI20260919689275,2026-09-19,CREDIT,433.98,CUSTOMER_RECEIPT,UPI-QR Payment received phonepe@ybl,Customer_328
UPI20260919700660,2026-09-19,CREDIT,14.24,CUSTOMER_RECEIPT,UPI-QR Payment received bharatpe@icici,Customer_971
UPI20260919731650,2026-09-19,CREDIT,153.29,CUSTOMER_RECEIPT,UPI-QR Payment received phonepe@ybl,Customer_928
UPI20260919770318,2026-09-19,CREDIT,188.44,CUSTOMER_RECEIPT,UPI-QR Payment received bharatpe@icici,Customer_764
UPI20260919797860,2026-09-19,CREDIT,55.07,CUSTOMER_RECEIPT,UPI-QR Payment received gpay@okaxis,Customer_487
UPI20260919838761,2026-09-19,CREDIT,132.32,CUSTOMER_RECEIPT,UPI-QR Payment received bharatpe@icici,Customer_700
UPI20260919867926,2026-09-19,CREDIT,14.9,CUSTOMER_RECEIPT,UPI-QR Payment received bharatpe@icici,Customer_910
UPI20260919908274,2026-09-19,CREDIT,364.43,CUSTOMER_RECEIPT,UPI-QR Payment received paytm@upi,Customer_286
UPI20260920101343,2026-09-20,CREDIT,218.95,CUSTOMER_RECEIPT,UPI-QR Payment received paytm@upi,Customer_495
UPI20260920111949,2026-09-20,CREDIT,15.74,CUSTOMER_RECEIPT,UPI-QR Payment received phonepe@ybl,Customer_314
UPI20260920274418,2026-09-20,DEBIT,1825.62,BUSINESS_EXPENSE,"Inventory purchase (Tea, milk, spices, packaging)",dairy_distributor@icici
UPI20260920276042,2026-09-20,CREDIT,80.82,CUSTOMER_RECEIPT,UPI-QR Payment received paytm@upi,Customer_941
UPI20260920349556,2026-09-20,CREDIT,15.86,CUSTOMER_RECEIPT,UPI-QR Payment received phonepe@ybl,Customer_427
UPI20260920361662,2026-09-20,CREDIT,196.98,CUSTOMER_RECEIPT,UPI-QR Payment received paytm@upi,Customer_458
UPI20260920369125,2026-09-20,CREDIT,95.81,CUSTOMER_RECEIPT,UPI-QR Payment received paytm@upi,Customer_837
UPI20260920843404,2026-09-20,CREDIT,277.99,CUSTOMER_RECEIPT,UPI-QR Payment received phonepe@ybl,Customer_557
UPI20260921121053,2026-09-21,CREDIT,15.24,CUSTOMER_RECEIPT,UPI-QR Payment received phonepe@ybl,Customer_367
UPI20260921132498,2026-09-21,CREDIT,160.88,CUSTOMER_RECEIPT,UPI-QR Payment received bharatpe@icici,Customer_769
UPI20260921197627,2026-09-21,CREDIT,42.75,CUSTOMER_RECEIPT,UPI-QR Payment received phonepe@ybl,Customer_708
UPI20260921209812,2026-09-21,CREDIT,155.24,CUSTOMER_RECEIPT,UPI-QR Payment received paytm@upi,Customer_450
UPI20260921278368,2026-09-21,CREDIT,10.0,CUSTOMER_RECEIPT,UPI-QR Payment received bharatpe@icici,Customer_264
UPI20260921468292,2026-09-21,CREDIT,10.0,CUSTOMER_RECEIPT,UPI-QR Payment received bharatpe@icici,Customer_203
UPI20260921555292,2026-09-21,DEBIT,1650.24,BUSINESS_EXPENSE,"Inventory purchase (Tea, milk, spices, packaging)",kirana_supplier@upi
UPI20260921573209,2026-09-21,CREDIT,379.36,CUSTOMER_RECEIPT,UPI-QR Payment received paytm@upi,Customer_918
UPI20260921706135,2026-09-21,CREDIT,396.9,CUSTOMER_RECEIPT,UPI-QR Payment received gpay@okaxis,Customer_266
UPI20260921743453,2026-09-21,CREDIT,73.33,CUSTOMER_RECEIPT,UPI-QR Payment received bharatpe@icici,Customer_821
UPI20260921867541,2026-09-21,CREDIT,10.0,CUSTOMER_RECEIPT,UPI-QR Payment received paytm@upi,Customer_660
UPI20260921969067,2026-09-21,CREDIT,224.36,CUSTOMER_RECEIPT,UPI-QR Payment received bharatpe@icici,Customer_907
UPI20260921986846,2026-09-21,CREDIT,151.41,CUSTOMER_RECEIPT,UPI-QR Payment received paytm@upi,Customer_401
UPI20260922157152,2026-09-22,CREDIT,64.04,CUSTOMER_RECEIPT,UPI-QR Payment received phonepe@ybl,Customer_103
UPI20260922200575,2026-09-22,CREDIT,624.18,CUSTOMER_RECEIPT,UPI-QR Payment received paytm@upi,Customer_502
UPI20260922201698,2026-09-22,CREDIT,126.2,CUSTOMER_RECEIPT,UPI-QR Payment received paytm@upi,Customer_311
UPI20260922279130,2026-09-22,CREDIT,26.61,CUSTOMER_RECEIPT,UPI-QR Payment received phonepe@ybl,Customer_183
UPI20260922315535,2026-09-22,CREDIT,122.65,CUSTOMER_RECEIPT,UPI-QR Payment received gpay@okaxis,Customer_519
UPI20260922395198,2026-09-22,CREDIT,34.1,CUSTOMER_RECEIPT,UPI-QR Payment received phonepe@ybl,Customer_343
UPI20260922548377,2026-09-22,CREDIT,19.06,CUSTOMER_RECEIPT,UPI-QR Payment received paytm@upi,Customer_401
UPI20260922596574,2026-09-22,CREDIT,10.0,CUSTOMER_RECEIPT,UPI-QR Payment received paytm@upi,Customer_415
UPI20260922699544,2026-09-22,CREDIT,59.25,CUSTOMER_RECEIPT,UPI-QR Payment received bharatpe@icici,Customer_257
UPI20260922831063,2026-09-22,CREDIT,62.98,CUSTOMER_RECEIPT,UPI-QR Payment received phonepe@ybl,Customer_776
UPI20260922963918,2026-09-22,CREDIT,168.94,CUSTOMER_RECEIPT,UPI-QR Payment received bharatpe@icici,Customer_304
UPI20260923163946,2026-09-23,CREDIT,337.16,CUSTOMER_RECEIPT,UPI-QR Payment received bharatpe@icici,Customer_938
UPI20260923182790,2026-09-23,CREDIT,19.55,CUSTOMER_RECEIPT,UPI-QR Payment received bharatpe@icici,Customer_974
UPI20260923295646,2026-09-23,CREDIT,245.76,CUSTOMER_RECEIPT,UPI-QR Payment received bharatpe@icici,Customer_145
UPI20260923347088,2026-09-23,CREDIT,21.31,CUSTOMER_RECEIPT,UPI-QR Payment received bharatpe@icici,Customer_406
UPI20260923376085,2026-09-23,CREDIT,13.36,CUSTOMER_RECEIPT,UPI-QR Payment received bharatpe@icici,Customer_576
UPI20260923376195,2026-09-23,CREDIT,46.18,CUSTOMER_RECEIPT,UPI-QR Payment received gpay@okaxis,Customer_957
UPI20260923377877,2026-09-23,CREDIT,93.06,CUSTOMER_RECEIPT,UPI-QR Payment received paytm@upi,Customer_757
UPI20260923381607,2026-09-23,CREDIT,234.54,CUSTOMER_RECEIPT,UPI-QR Payment received paytm@upi,Customer_254
UPI20260923489043,2026-09-23,CREDIT,26.03,CUSTOMER_RECEIPT,UPI-QR Payment received bharatpe@icici,Customer_478
UPI20260923641922,2026-09-23,DEBIT,1502.94,BUSINESS_EXPENSE,"Inventory purchase (Tea, milk, spices, packaging)",subzi_mandi@axis
UPI20260923647967,2026-09-23,CREDIT,42.94,CUSTOMER_RECEIPT,UPI-QR Payment received bharatpe@icici,Customer_648
UPI20260923667750,2026-09-23,CREDIT,41.34,CUSTOMER_RECEIPT,UPI-QR Payment received bharatpe@icici,Customer_874
UPI20260923670557,2026-09-23,CREDIT,86.68,CUSTOMER_RECEIPT,UPI-QR Payment received bharatpe@icici,Customer_289
UPI20260923718372,2026-09-23,CREDIT,26.14,CUSTOMER_RECEIPT,UPI-QR Payment received gpay@okaxis,Customer_666
UPI20260923800596,2026-09-23,CREDIT,83.0,CUSTOMER_RECEIPT,UPI-QR Payment received phonepe@ybl,Customer_927
UPI20260923820442,2026-09-23,CREDIT,183.13,CUSTOMER_RECEIPT,UPI-QR Payment received bharatpe@icici,Customer_686
UPI20260923888775,2026-09-23,CREDIT,44.39,CUSTOMER_RECEIPT,UPI-QR Payment received paytm@upi,Customer_187
UPI20260924144748,2026-09-24,CREDIT,182.48,CUSTOMER_RECEIPT,UPI-QR Payment received bharatpe@icici,Customer_180
UPI20260924254610,2026-09-24,CREDIT,10.0,CUSTOMER_RECEIPT,UPI-QR Payment received paytm@upi,Customer_875
UPI20260924322182,2026-09-24,CREDIT,41.99,CUSTOMER_RECEIPT,UPI-QR Payment received gpay@okaxis,Customer_229
UPI20260924441968,2026-09-24,CREDIT,134.61,CUSTOMER_RECEIPT,UPI-QR Payment received phonepe@ybl,Customer_632
UPI20260924506951,2026-09-24,CREDIT,136.9,CUSTOMER_RECEIPT,UPI-QR Payment received bharatpe@icici,Customer_665
UPI20260924534574,2026-09-24,CREDIT,89.89,CUSTOMER_RECEIPT,UPI-QR Payment received gpay@okaxis,Customer_251
UPI20260924570852,2026-09-24,CREDIT,96.33,CUSTOMER_RECEIPT,UPI-QR Payment received gpay@okaxis,Customer_271
UPI20260924580412,2026-09-24,CREDIT,170.17,CUSTOMER_RECEIPT,UPI-QR Payment received paytm@upi,Customer_905
UPI20260924690016,2026-09-24,CREDIT,10.0,CUSTOMER_RECEIPT,UPI-QR Payment received paytm@upi,Customer_904
UPI20260924694116,2026-09-24,CREDIT,12.85,CUSTOMER_RECEIPT,UPI-QR Payment received paytm@upi,Customer_208
UPI20260924723952,2026-09-24,CREDIT,18.74,CUSTOMER_RECEIPT,UPI-QR Payment received phonepe@ybl,Customer_427
UPI20260924816308,2026-09-24,CREDIT,58.55,CUSTOMER_RECEIPT,UPI-QR Payment received bharatpe@icici,Customer_306
UPI20260924834435,2026-09-24,CREDIT,130.75,CUSTOMER_RECEIPT,UPI-QR Payment received bharatpe@icici,Customer_215
UPI20260924862422,2026-09-24,CREDIT,185.4,CUSTOMER_RECEIPT,UPI-QR Payment received paytm@upi,Customer_189
UPI20260924962520,2026-09-24,CREDIT,314.96,CUSTOMER_RECEIPT,UPI-QR Payment received gpay@okaxis,Customer_954
UPI20260925121215,2026-09-25,CREDIT,29.1,CUSTOMER_RECEIPT,UPI-QR Payment received phonepe@ybl,Customer_937
UPI20260925250840,2026-09-25,CREDIT,16.22,CUSTOMER_RECEIPT,UPI-QR Payment received bharatpe@icici,Customer_139
UPI20260925280564,2026-09-25,CREDIT,85.4,CUSTOMER_RECEIPT,UPI-QR Payment received phonepe@ybl,Customer_512
UPI20260925339030,2026-09-25,DEBIT,2161.5,BUSINESS_EXPENSE,"Inventory purchase (Tea, milk, spices, packaging)",kirana_supplier@upi
UPI20260925349119,2026-09-25,CREDIT,150.41,CUSTOMER_RECEIPT,UPI-QR Payment received paytm@upi,Customer_863
UPI20260925393964,2026-09-25,CREDIT,10.0,CUSTOMER_RECEIPT,UPI-QR Payment received bharatpe@icici,Customer_978
UPI20260925515018,2026-09-25,CREDIT,17.39,CUSTOMER_RECEIPT,UPI-QR Payment received phonepe@ybl,Customer_807
UPI20260925530849,2026-09-25,CREDIT,329.75,CUSTOMER_RECEIPT,UPI-QR Payment received phonepe@ybl,Customer_492
UPI20260925598302,2026-09-25,CREDIT,73.15,CUSTOMER_RECEIPT,UPI-QR Payment received phonepe@ybl,Customer_481
UPI20260925738543,2026-09-25,CREDIT,207.01,CUSTOMER_RECEIPT,UPI-QR Payment received bharatpe@icici,Customer_138
UPI20260925786594,2026-09-25,CREDIT,124.65,CUSTOMER_RECEIPT,UPI-QR Payment received bharatpe@icici,Customer_685
UPI20260925932204,2026-09-25,CREDIT,87.95,CUSTOMER_RECEIPT,UPI-QR Payment received phonepe@ybl,Customer_418
UPI20260926158936,2026-09-26,CREDIT,10.0,CUSTOMER_RECEIPT,UPI-QR Payment received gpay@okaxis,Customer_167
UPI20260926160426,2026-09-26,CREDIT,43.67,CUSTOMER_RECEIPT,UPI-QR Payment received gpay@okaxis,Customer_133
UPI20260926302127,2026-09-26,CREDIT,116.05,CUSTOMER_RECEIPT,UPI-QR Payment received gpay@okaxis,Customer_957
UPI20260926426236,2026-09-26,CREDIT,63.12,CUSTOMER_RECEIPT,UPI-QR Payment received bharatpe@icici,Customer_238
UPI20260926526949,2026-09-26,CREDIT,76.92,CUSTOMER_RECEIPT,UPI-QR Payment received bharatpe@icici,Customer_877
UPI20260926563173,2026-09-26,CREDIT,47.06,CUSTOMER_RECEIPT,UPI-QR Payment received gpay@okaxis,Customer_943
UPI20260926578621,2026-09-26,CREDIT,150.37,CUSTOMER_RECEIPT,UPI-QR Payment received paytm@upi,Customer_469
UPI20260926629663,2026-09-26,DEBIT,1952.91,BUSINESS_EXPENSE,"Inventory purchase (Tea, milk, spices, packaging)",dairy_distributor@icici
UPI20260926641590,2026-09-26,CREDIT,10.0,CUSTOMER_RECEIPT,UPI-QR Payment received phonepe@ybl,Customer_940
UPI20260926776913,2026-09-26,CREDIT,202.29,CUSTOMER_RECEIPT,UPI-QR Payment received paytm@upi,Customer_292
UPI20260926838862,2026-09-26,CREDIT,249.11,CUSTOMER_RECEIPT,UPI-QR Payment received gpay@okaxis,Customer_380
UPI20260926864201,2026-09-26,CREDIT,39.68,CUSTOMER_RECEIPT,UPI-QR Payment received bharatpe@icici,Customer_719
UPI20260926911630,2026-09-26,CREDIT,110.46,CUSTOMER_RECEIPT,UPI-QR Payment received phonepe@ybl,Customer_375
UPI20260926918430,2026-09-26,CREDIT,82.8,CUSTOMER_RECEIPT,UPI-QR Payment received paytm@upi,Customer_277
UPI20260927128783,2026-09-27,CREDIT,39.21,CUSTOMER_RECEIPT,UPI-QR Payment received bharatpe@icici,Customer_150
UPI20260927271456,2026-09-27,CREDIT,70.68,CUSTOMER_RECEIPT,UPI-QR Payment received phonepe@ybl,Customer_866
UPI20260927490559,2026-09-27,CREDIT,10.31,CUSTOMER_RECEIPT,UPI-QR Payment received bharatpe@icici,Customer_708
UPI20260927567773,2026-09-27,CREDIT,167.03,CUSTOMER_RECEIPT,UPI-QR Payment received gpay@okaxis,Customer_991
UPI20260927597635,2026-09-27,CREDIT,28.27,CUSTOMER_RECEIPT,UPI-QR Payment received phonepe@ybl,Customer_452
UPI20260927814263,2026-09-27,CREDIT,386.01,CUSTOMER_RECEIPT,UPI-QR Payment received paytm@upi,Customer_347
UPI20260927917711,2026-09-27,DEBIT,1995.35,BUSINESS_EXPENSE,"Inventory purchase (Tea, milk, spices, packaging)",kirana_supplier@upi
UPI20260927971230,2026-09-27,CREDIT,1101.1,CUSTOMER_RECEIPT,UPI-QR Payment received paytm@upi,Customer_391
UPI20260928121026,2026-09-28,CREDIT,108.1,CUSTOMER_RECEIPT,UPI-QR Payment received paytm@upi,Customer_585
UPI20260928166938,2026-09-28,CREDIT,104.29,CUSTOMER_RECEIPT,UPI-QR Payment received phonepe@ybl,Customer_383
UPI20260928207282,2026-09-28,CREDIT,10.0,CUSTOMER_RECEIPT,UPI-QR Payment received paytm@upi,Customer_623
UPI20260928238741,2026-09-28,CREDIT,73.14,CUSTOMER_RECEIPT,UPI-QR Payment received gpay@okaxis,Customer_715
UPI20260928336047,2026-09-28,CREDIT,61.61,CUSTOMER_RECEIPT,UPI-QR Payment received gpay@okaxis,Customer_375
UPI20260928364239,2026-09-28,CREDIT,38.5,CUSTOMER_RECEIPT,UPI-QR Payment received gpay@okaxis,Customer_577
UPI20260928364650,2026-09-28,CREDIT,35.24,CUSTOMER_RECEIPT,UPI-QR Payment received phonepe@ybl,Customer_829
UPI20260928416822,2026-09-28,CREDIT,10.0,CUSTOMER_RECEIPT,UPI-QR Payment received bharatpe@icici,Customer_698
UPI20260928494763,2026-09-28,CREDIT,10.0,CUSTOMER_RECEIPT,UPI-QR Payment received phonepe@ybl,Customer_570
UPI20260928771712,2026-09-28,CREDIT,143.78,CUSTOMER_RECEIPT,UPI-QR Payment received phonepe@ybl,Customer_982
UPI20260928778787,2026-09-28,CREDIT,12.7,CUSTOMER_RECEIPT,UPI-QR Payment received phonepe@ybl,Customer_405
UPI20260928783238,2026-09-28,CREDIT,85.85,CUSTOMER_RECEIPT,UPI-QR Payment received bharatpe@icici,Customer_625
UPI20260928794530,2026-09-28,CREDIT,45.1,CUSTOMER_RECEIPT,UPI-QR Payment received phonepe@ybl,Customer_674
UPI20260928817659,2026-09-28,CREDIT,74.75,CUSTOMER_RECEIPT,UPI-QR Payment received paytm@upi,Customer_593
UPI20260928843826,2026-09-28,CREDIT,65.03,CUSTOMER_RECEIPT,UPI-QR Payment received phonepe@ybl,Customer_533
UPI20260928939767,2026-09-28,CREDIT,10.0,CUSTOMER_RECEIPT,UPI-QR Payment received paytm@upi,Customer_329
