applicant_id,monthly_gross_receipts,monthly_operating_expenses,net_surplus_ratio,income_volatility_cv,debt_to_surplus_ratio,reserve_buffer_days,tx_frequency_monthly,data_coverage_months,repaid_status,gender_group,geography_tier,business_category
APP_10000,46194.54,32502.84,0.2964,0.1639,0.4906,18.7,310,12,1,male,tier_1_metro,grocery_kirana
APP_10001,32360.63,14317.25,0.5576,0.2598,0.0,24.7,54,4,1,female,tier_2_urban,artisan_freelance
APP_10002,33895.82,15075.71,0.5552,0.3791,0.0,8.0,73,12,1,male,tier_1_metro,artisan_freelance
APP_10003,67012.55,47689.94,0.2883,0.1643,0.412,2.5,175,6,1,female,tier_2_urban,grocery_kirana
APP_10004,49457.36,25820.64,0.4779,0.2282,0.0818,3.7,207,3,1,male,tier_2_urban,street_food
APP_10005,25642.38,9795.07,0.618,0.315,0.1448,42.1,187,6,1,male,tier_1_metro,gig_delivery
APP_10006,46790.79,20967.9,0.5519,0.4402,0.2391,31.1,25,4,0,male,tier_1_metro,artisan_freelance
APP_10007,42889.15,27852.89,0.3506,0.1264,0.6947,1.0,441,4,1,female,tier_3_rural,street_food
APP_10008,27706.98,8548.72,0.6915,0.3494,0.5212,8.9,59,6,0,female,tier_1_metro,artisan_freelance
APP_10009,46690.95,35361.6,0.2426,0.1464,0.0,10.2,326,4,1,female,tier_2_urban,grocery_kirana
APP_10010,28907.91,10384.42,0.6408,0.4216,0.3994,7.1,81,9,1,male,tier_2_urban,artisan_freelance
APP_10011,24478.44,14361.1,0.4133,0.3333,0.5553,4.7,56,6,1,male,tier_1_metro,artisan_freelance
APP_10012,39057.09,18514.14,0.526,0.212,0.0,9.5,218,4,1,female,tier_1_metro,street_food
APP_10013,48644.94,24786.94,0.4905,0.2789,0.3571,4.5,306,12,1,male,tier_2_urban,street_food
APP_10014,26978.39,15318.22,0.4322,0.2652,0.4968,13.1,288,12,1,female,tier_2_urban,street_food
APP_10015,17710.04,8033.17,0.5464,0.29,0.1772,43.1,182,6,1,female,tier_1_metro,gig_delivery
APP_10016,38878.63,23302.64,0.4006,0.4653,0.7407,1.0,66,4,0,male,tier_1_metro,artisan_freelance
APP_10017,41357.32,21887.99,0.4708,0.2299,0.0,8.5,340,4,1,female,tier_3_rural,street_food
APP_10018,22559.26,9861.96,0.5628,0.2777,0.0,7.3,176,3,1,female,tier_1_metro,gig_delivery
APP_10019,35544.95,20821.66,0.4142,0.24,0.1327,15.5,437,12,1,male,tier_3_rural,street_food
APP_10020,41915.21,30886.79,0.2631,0.0814,0.0,2.1,359,4,1,male,tier_2_urban,grocery_kirana
APP_10021,34054.66,16436.12,0.5174,0.1762,0.2246,18.0,82,6,1,male,tier_1_metro,gig_delivery
APP_10022,27291.76,13064.0,0.5213,0.152,0.0,4.9,91,4,1,female,tier_2_urban,gig_delivery
APP_10023,23276.08,9941.21,0.5729,0.2481,0.0,33.7,169,3,1,male,tier_2_urban,gig_delivery
APP_10024,48158.25,36343.82,0.2453,0.1943,0.0,26.2,187,6,1,female,tier_2_urban,grocery_kirana
APP_10025,38184.85,14978.09,0.6077,0.379,0.2022,4.5,64,4,1,male,tier_3_rural,artisan_freelance
APP_10026,32002.91,13858.45,0.567,0.2857,0.0,8.4,146,12,1,male,tier_3_rural,gig_delivery
APP_10027,25293.8,10780.72,0.5738,0.4778,0.5475,5.4,42,3,1,female,tier_1_metro,artisan_freelance
APP_10028,32972.11,24262.51,0.2642,0.1788,0.0,10.4,310,4,1,female,tier_1_metro,grocery_kirana
APP_10029,43712.46,19517.42,0.5535,0.2997,0.2496,2.2,26,2,0,male,tier_1_metro,artisan_freelance
APP_10030,25459.83,12140.04,0.5232,0.1543,0.0,6.7,139,12,1,female,tier_2_urban,gig_delivery
APP_10031,44237.28,28694.86,0.3513,0.1817,0.2912,12.7,305,2,0,male,tier_1_metro,street_food
APP_10032,33110.62,13673.58,0.587,0.2451,0.6422,16.3,110,9,1,male,tier_2_urban,gig_delivery
APP_10033,38889.38,24184.89,0.3781,0.1977,0.0,46.5,246,12,1,male,tier_2_urban,street_food
APP_10034,34508.91,22217.14,0.3562,0.1821,0.0,7.0,413,4,1,female,tier_1_metro,street_food
APP_10035,30903.9,15638.55,0.494,0.2941,0.0,2.0,49,3,1,male,tier_3_rural,artisan_freelance
APP_10036,50035.49,38403.61,0.2325,0.1464,0.495,12.9,283,4,1,male,tier_3_rural,grocery_kirana
APP_10037,46567.16,22569.17,0.5153,0.2774,0.0,13.1,256,12,0,male,tier_1_metro,street_food
APP_10038,54780.36,40837.88,0.2545,0.1036,0.0,25.1,202,2,0,male,tier_1_metro,grocery_kirana
APP_10039,41177.96,23138.38,0.4381,0.1684,0.0,3.0,288,6,0,male,tier_3_rural,street_food
APP_10040,52982.27,41440.9,0.2178,0.2153,0.5644,11.0,252,12,0,male,tier_1_metro,grocery_kirana
APP_10041,49334.91,39313.32,0.2031,0.1616,0.0,8.2,274,4,0,male,tier_3_rural,grocery_kirana
APP_10042,25973.56,11421.44,0.5603,0.319,0.0,13.7,161,3,0,male,tier_1_metro,gig_delivery
APP_10043,83009.96,61451.21,0.2597,0.1669,0.0,18.4,314,6,1,male,tier_3_rural,grocery_kirana
APP_10044,38678.26,19641.71,0.4922,0.2651,0.0,12.6,243,4,0,female,tier_1_metro,street_food
APP_10045,26576.74,10899.97,0.5899,0.2101,0.0,28.6,126,9,1,male,tier_2_urban,gig_delivery
APP_10046,40464.4,25291.7,0.375,0.2471,0.0,8.8,199,6,1,male,tier_1_metro,street_food
APP_10047,34866.81,22423.12,0.3569,0.2751,0.3996,10.1,326,6,1,male,tier_2_urban,street_food
APP_10048,57606.57,43270.0,0.2489,0.1223,0.2065,4.7,377,4,0,female,tier_2_urban,grocery_kirana
APP_10049,50840.4,40242.66,0.2085,0.1867,0.0,13.0,292,4,1,male,tier_3_rural,grocery_kirana
APP_10050,52338.08,37599.66,0.2816,0.2052,0.0,7.3,368,6,1,male,tier_1_metro,grocery_kirana
APP_10051,38744.01,13627.99,0.6483,0.4794,0.6359,23.0,23,4,1,male,tier_1_metro,artisan_freelance
APP_10052,39304.49,25080.42,0.3619,0.1205,0.69,31.3,404,12,1,male,tier_3_rural,street_food
APP_10053,54907.25,44543.83,0.1887,0.2037,0.2351,1.0,336,12,1,male,tier_1_metro,grocery_kirana
APP_10054,45083.67,20925.52,0.5359,0.1249,0.0,10.5,233,12,1,male,tier_1_metro,street_food
APP_10055,39891.34,16364.89,0.5898,0.4433,0.6553,5.7,85,6,1,male,tier_1_metro,artisan_freelance
APP_10056,34116.41,12349.52,0.638,0.5472,0.2157,60.0,27,9,1,male,tier_1_metro,artisan_freelance
APP_10057,75710.89,61130.97,0.1926,0.0803,0.2907,18.7,216,3,0,male,tier_1_metro,grocery_kirana
APP_10058,61180.51,48944.47,0.2,0.1855,0.1291,24.2,282,3,1,male,tier_1_metro,grocery_kirana
APP_10059,39156.58,13988.5,0.6428,0.5153,0.0,13.3,54,6,1,male,tier_2_urban,artisan_freelance
APP_10060,37787.83,23975.25,0.3655,0.1852,0.0,6.0,254,4,1,female,tier_2_urban,street_food
APP_10061,30945.0,19427.28,0.3722,0.2493,0.7361,16.8,352,6,1,male,tier_1_metro,street_food
APP_10062,41124.91,25802.33,0.3726,0.2547,0.7046,9.1,323,9,1,female,tier_2_urban,street_food
APP_10063,30964.66,14807.94,0.5218,0.2707,0.2987,4.9,135,12,1,male,tier_2_urban,gig_delivery
APP_10064,23154.29,8786.53,0.6205,0.308,0.6706,33.1,134,6,0,male,tier_2_urban,gig_delivery
APP_10065,22300.48,10074.82,0.5482,0.231,0.5849,11.1,144,4,0,male,tier_2_urban,gig_delivery
APP_10066,27935.38,10395.22,0.6279,0.3064,0.1093,9.8,74,3,0,female,tier_1_metro,artisan_freelance
APP_10067,18171.33,8453.21,0.5348,0.4258,0.4173,1.0,73,12,0,male,tier_1_metro,artisan_freelance
APP_10068,20946.47,8081.44,0.6142,0.4968,0.0,4.8,43,3,1,male,tier_2_urban,artisan_freelance
APP_10069,30910.91,12843.69,0.5845,0.1704,0.265,20.9,138,9,1,female,tier_1_metro,gig_delivery
APP_10070,37795.41,22418.16,0.4069,0.1414,0.1477,1.0,306,6,0,male,tier_2_urban,street_food
APP_10071,18154.62,7038.6,0.6123,0.204,0.0,2.9,174,4,1,male,tier_1_metro,gig_delivery
APP_10072,43654.54,23193.78,0.4687,0.2633,0.6354,25.6,267,6,1,female,tier_3_rural,street_food
APP_10073,31651.28,15807.5,0.5006,0.192,0.0,5.3,143,6,0,female,tier_2_urban,gig_delivery
APP_10074,25635.12,11777.83,0.5406,0.2933,0.0,11.9,123,6,1,male,tier_3_rural,gig_delivery
APP_10075,31779.69,14890.69,0.5314,0.2709,0.0,33.7,262,6,1,female,tier_3_rural,street_food
APP_10076,35904.65,20581.02,0.4268,0.4561,0.6006,6.9,48,4,1,female,tier_1_metro,artisan_freelance
APP_10077,53761.34,39322.14,0.2686,0.1785,0.5901,2.1,287,6,1,male,tier_1_metro,grocery_kirana
APP_10078,37500.95,20443.94,0.4548,0.3335,0.0,42.2,30,12,1,male,tier_3_rural,artisan_freelance
APP_10079,25199.84,9944.33,0.6054,0.2007,0.4174,9.0,100,9,1,male,tier_2_urban,gig_delivery
APP_10080,31964.92,15485.85,0.5155,0.5097,0.2138,1.6,66,6,1,male,tier_1_metro,artisan_freelance
APP_10081,22149.98,8967.12,0.5952,0.281,0.5678,1.0,184,12,0,male,tier_3_rural,gig_delivery
APP_10082,34374.01,16690.78,0.5144,0.2561,0.0,6.5,195,4,1,male,tier_1_metro,street_food
APP_10083,72429.61,50572.76,0.3018,0.1823,0.3601,3.4,363,4,0,female,tier_2_urban,grocery_kirana
APP_10084,45767.53,27045.85,0.4091,0.1419,0.3914,1.9,442,6,0,male,tier_2_urban,street_food
APP_10085,35011.27,13634.63,0.6106,0.3157,0.1476,7.0,123,6,1,female,tier_1_metro,gig_delivery
APP_10086,44192.55,30730.17,0.3046,0.1202,0.5612,15.4,376,4,0,female,tier_3_rural,grocery_kirana
APP_10087,38383.92,13549.8,0.647,0.4846,0.0,4.4,72,9,1,female,tier_2_urban,artisan_freelance
APP_10088,36696.17,29991.57,0.1827,0.0974,0.5781,1.0,287,4,1,male,tier_1_metro,grocery_kirana
APP_10089,20661.84,7833.73,0.6209,0.3491,0.5549,12.7,31,9,0,female,tier_1_metro,artisan_freelance
APP_10090,31807.4,9890.52,0.689,0.4057,0.5392,5.2,84,12,0,male,tier_1_metro,artisan_freelance
APP_10091,25685.55,9860.71,0.6161,0.2814,0.6294,2.0,183,6,1,female,tier_1_metro,gig_delivery
APP_10092,39853.18,25295.73,0.3653,0.1812,0.385,1.8,412,6,0,male,tier_1_metro,street_food
APP_10093,68174.11,53367.95,0.2172,0.0825,0.375,5.9,394,3,0,male,tier_1_metro,grocery_kirana
APP_10094,23533.88,9588.69,0.5926,0.4212,0.0,15.2,62,4,1,male,tier_3_rural,artisan_freelance
APP_10095,39312.47,17120.0,0.5645,0.5138,0.5542,1.0,70,12,0,female,tier_1_metro,artisan_freelance
APP_10096,27866.71,10671.38,0.6171,0.2279,0.5675,2.3,165,12,0,male,tier_1_metro,gig_delivery
APP_10097,34439.53,11370.67,0.6698,0.463,0.4598,4.0,48,4,1,female,tier_1_metro,artisan_freelance
APP_10098,48714.83,22304.43,0.5421,0.2674,0.5047,3.8,28,4,1,female,tier_3_rural,artisan_freelance
APP_10099,53709.29,40050.84,0.2543,0.1711,0.2584,46.1,224,3,0,female,tier_1_metro,grocery_kirana
APP_10100,25971.36,12107.66,0.5338,0.1833,0.0,31.7,185,4,0,male,tier_3_rural,gig_delivery
APP_10101,25499.83,8818.9,0.6542,0.3445,0.0,56.0,30,6,1,male,tier_3_rural,artisan_freelance
APP_10102,65841.39,52479.32,0.2029,0.17,0.0,5.9,214,6,1,female,tier_2_urban,grocery_kirana
APP_10103,55727.31,38538.33,0.3084,0.1207,0.0,10.8,337,12,1,male,tier_1_metro,grocery_kirana
APP_10104,56987.91,41224.28,0.2766,0.2103,0.672,14.0,233,4,1,female,tier_1_metro,grocery_kirana
APP_10105,34935.33,19580.04,0.4395,0.1415,0.2456,3.9,405,4,1,female,tier_3_rural,street_food
APP_10106,37118.03,18134.54,0.5114,0.1967,0.0,20.0,165,4,0,male,tier_2_urban,gig_delivery
APP_10107,38054.4,20573.28,0.4594,0.1488,0.3894,1.0,402,9,1,male,tier_2_urban,street_food
APP_10108,36394.01,22133.48,0.3918,0.128,0.0,2.1,340,3,1,male,tier_2_urban,street_food
APP_10109,28142.86,12692.54,0.549,0.2044,0.3332,15.1,335,6,1,female,tier_1_metro,street_food
APP_10110,34859.19,15705.08,0.5495,0.372,0.3031,55.6,78,3,0,female,tier_2_urban,artisan_freelance
APP_10111,23810.03,10217.79,0.5709,0.3279,0.6443,12.6,37,4,1,male,tier_3_rural,artisan_freelance
APP_10112,57276.47,39098.93,0.3174,0.1066,0.0,18.4,264,4,1,female,tier_1_metro,grocery_kirana
APP_10113,47056.21,36247.13,0.2297,0.1778,0.0,10.3,192,3,1,male,tier_2_urban,grocery_kirana
APP_10114,31151.1,11977.62,0.6155,0.3242,0.5365,8.6,84,12,1,male,tier_3_rural,artisan_freelance
APP_10115,28053.41,13850.82,0.5063,0.2736,0.3236,20.7,421,4,0,male,tier_2_urban,street_food
APP_10116,28869.42,17243.37,0.4027,0.3571,0.0,3.6,47,6,0,male,tier_1_metro,artisan_freelance
APP_10117,37994.33,19875.87,0.4769,0.1555,0.0,2.7,431,9,0,male,tier_3_rural,street_food
APP_10118,45876.44,24032.54,0.4761,0.3237,0.276,31.5,86,6,0,male,tier_1_metro,artisan_freelance
APP_10119,38528.76,25040.28,0.3501,0.2642,0.205,60.0,427,4,1,male,tier_3_rural,street_food
APP_10120,31928.0,14245.76,0.5538,0.3945,0.0,7.0,86,4,1,male,tier_2_urban,artisan_freelance
APP_10121,30075.15,11634.88,0.6131,0.3061,0.562,8.2,192,9,1,male,tier_1_metro,gig_delivery
APP_10122,30914.19,10855.01,0.6489,0.2157,0.3048,6.2,132,6,1,male,tier_1_metro,gig_delivery
APP_10123,19801.13,7950.26,0.5985,0.1909,0.0,29.4,137,12,1,male,tier_1_metro,gig_delivery
APP_10124,41897.32,25316.92,0.3957,0.273,0.1721,3.6,416,6,0,female,tier_3_rural,street_food
APP_10125,38575.24,18152.96,0.5294,0.4657,0.7385,12.1,75,9,0,male,tier_1_metro,artisan_freelance
APP_10126,74406.55,58070.63,0.2195,0.1294,0.0,32.8,196,6,1,female,tier_1_metro,grocery_kirana
APP_10127,33043.56,11441.17,0.6538,0.3703,0.4658,24.3,23,9,1,female,tier_2_urban,artisan_freelance
APP_10128,38900.13,23694.37,0.3909,0.1608,0.1587,12.6,326,4,1,male,tier_1_metro,street_food
APP_10129,66797.83,54467.39,0.1846,0.169,0.4913,1.0,368,4,0,female,tier_1_metro,grocery_kirana
APP_10130,27055.71,11866.31,0.5614,0.2878,0.0,1.0,119,6,0,male,tier_2_urban,gig_delivery
APP_10131,39096.41,14933.86,0.618,0.4822,0.5513,14.9,43,3,0,female,tier_3_rural,artisan_freelance
APP_10132,23771.3,13429.7,0.435,0.126,0.2399,11.1,433,4,0,male,tier_2_urban,street_food
APP_10133,40557.21,22046.73,0.4564,0.2145,0.4635,10.3,367,2,1,male,tier_2_urban,street_food
APP_10134,23342.43,10607.0,0.5456,0.1892,0.1355,1.0,130,3,0,female,tier_1_metro,gig_delivery
APP_10135,21768.04,11812.74,0.4573,0.343,0.0,19.0,55,3,0,male,tier_1_metro,artisan_freelance
APP_10136,29482.69,15010.25,0.4909,0.3476,0.1325,4.1,44,4,1,male,tier_1_metro,artisan_freelance
APP_10137,43336.23,22472.8,0.4814,0.2876,0.5602,23.0,66,6,0,male,tier_3_rural,artisan_freelance
APP_10138,46597.32,18717.94,0.5983,0.2735,0.5605,19.6,50,2,0,male,tier_2_urban,artisan_freelance
APP_10139,14798.97,8787.61,0.4062,0.3307,0.2725,4.4,28,6,1,male,tier_1_metro,artisan_freelance
APP_10140,25376.13,11311.25,0.5543,0.3114,0.0,17.5,190,4,0,male,tier_2_urban,gig_delivery
APP_10141,38501.98,14867.51,0.6139,0.1674,0.1956,17.3,144,6,1,female,tier_2_urban,gig_delivery
APP_10142,28353.9,17408.19,0.386,0.1357,0.0,35.5,377,4,1,male,tier_3_rural,street_food
APP_10143,52827.93,38181.73,0.2772,0.1821,0.6397,5.9,275,9,0,female,tier_3_rural,grocery_kirana
APP_10144,35054.2,18122.0,0.483,0.1452,0.1183,20.3,242,9,1,male,tier_3_rural,street_food
APP_10145,27402.69,10925.0,0.6013,0.3806,0.3428,9.6,83,2,0,female,tier_1_metro,artisan_freelance
APP_10146,41899.59,29745.83,0.2901,0.1828,0.0,1.0,295,3,0,female,tier_1_metro,grocery_kirana
APP_10147,50354.8,35776.89,0.2895,0.0974,0.5645,17.0,227,3,1,male,tier_1_metro,grocery_kirana
APP_10148,54276.53,42721.26,0.2129,0.1787,0.6432,17.1,232,3,1,female,tier_1_metro,grocery_kirana
APP_10149,60457.54,45052.92,0.2548,0.1557,0.1725,9.8,394,2,1,male,tier_2_urban,grocery_kirana
APP_10150,38988.28,21296.31,0.4538,0.49,0.6926,7.1,38,2,0,female,tier_1_metro,artisan_freelance
APP_10151,41367.78,25799.31,0.3763,0.2584,0.0,15.8,327,4,1,male,tier_1_metro,street_food
APP_10152,26086.8,12696.91,0.5133,0.2002,0.0,5.3,186,3,1,male,tier_3_rural,street_food
APP_10153,67179.03,46290.27,0.3109,0.1991,0.69,33.1,396,4,1,male,tier_2_urban,grocery_kirana
APP_10154,32697.47,16797.02,0.4863,0.342,0.0,7.4,46,3,1,male,tier_3_rural,artisan_freelance
APP_10155,25602.35,8180.0,0.6805,0.3792,0.0,7.3,47,12,0,female,tier_1_metro,artisan_freelance
APP_10156,48570.38,35166.8,0.276,0.1265,0.5836,3.2,343,4,1,male,tier_2_urban,grocery_kirana
APP_10157,14926.42,7247.79,0.5144,0.5446,0.0,18.5,73,12,0,male,tier_2_urban,artisan_freelance
APP_10158,58166.07,41301.54,0.2899,0.1642,0.5399,4.6,297,4,1,male,tier_2_urban,grocery_kirana
APP_10159,28396.25,14683.82,0.4829,0.3796,0.2443,1.0,76,12,1,male,tier_1_metro,artisan_freelance
APP_10160,59858.97,48220.17,0.1944,0.1567,0.6888,7.2,305,6,0,female,tier_2_urban,grocery_kirana
APP_10161,31576.64,11956.01,0.6214,0.4614,0.0,3.2,60,6,1,male,tier_2_urban,artisan_freelance
APP_10162,31622.86,16725.44,0.4711,0.2027,0.1808,13.9,387,12,1,male,tier_3_rural,street_food
APP_10163,27184.37,11351.08,0.5824,0.2673,0.0,13.0,105,12,1,male,tier_1_metro,gig_delivery
APP_10164,26583.08,12924.43,0.5138,0.2518,0.1225,1.4,163,3,0,male,tier_3_rural,gig_delivery
APP_10165,27928.46,11645.98,0.583,0.2591,0.624,46.9,101,3,0,male,tier_1_metro,gig_delivery
APP_10166,31056.98,12236.62,0.606,0.2537,0.0,10.4,184,6,1,male,tier_1_metro,gig_delivery
APP_10167,20517.37,10774.55,0.4749,0.2506,0.2556,41.1,87,3,1,female,tier_1_metro,artisan_freelance
APP_10168,52421.08,38673.02,0.2623,0.1782,0.2755,1.0,174,4,1,female,tier_1_metro,grocery_kirana
APP_10169,28383.97,11520.4,0.5941,0.2156,0.0,4.1,86,6,1,male,tier_1_metro,gig_delivery
APP_10170,29860.29,13142.85,0.5599,0.2928,0.3717,18.8,185,6,1,male,tier_2_urban,gig_delivery
APP_10171,26689.04,12485.13,0.5322,0.263,0.5439,1.0,153,4,1,male,tier_1_metro,gig_delivery
APP_10172,31084.87,15552.48,0.4997,0.2663,0.3711,8.0,311,4,1,female,tier_3_rural,street_food
APP_10173,53308.87,38314.0,0.2813,0.0813,0.0,3.6,397,12,1,male,tier_1_metro,grocery_kirana
APP_10174,51653.41,20131.39,0.6103,0.3112,0.2788,3.1,58,2,0,male,tier_3_rural,artisan_freelance
APP_10175,42318.24,20080.26,0.5255,0.2382,0.4949,1.0,226,4,1,male,tier_2_urban,street_food
APP_10176,30215.08,18338.47,0.3931,0.2155,0.0,1.2,195,9,1,male,tier_2_urban,street_food
APP_10177,32470.69,22300.58,0.3132,0.1974,0.6079,6.8,187,6,0,male,tier_3_rural,grocery_kirana
APP_10178,23380.21,11518.17,0.5074,0.1836,0.6815,10.3,270,6,0,male,tier_3_rural,street_food
APP_10179,37561.53,23900.71,0.3637,0.1794,0.5107,3.2,252,2,0,male,tier_3_rural,street_food
APP_10180,33228.84,15848.87,0.523,0.2664,0.5854,15.4,216,3,0,male,tier_1_metro,street_food
APP_10181,46594.14,22948.67,0.5075,0.1927,0.4893,4.0,237,3,0,male,tier_2_urban,street_food
APP_10182,33153.11,18615.17,0.4385,0.2239,0.1696,21.5,216,4,1,female,tier_2_urban,street_food
APP_10183,75632.53,57577.95,0.2387,0.15,0.3201,12.8,288,4,0,female,tier_3_rural,grocery_kirana
APP_10184,59759.56,45592.44,0.2371,0.1457,0.3066,36.7,237,4,0,male,tier_1_metro,grocery_kirana
APP_10185,20430.69,9892.36,0.5158,0.28,0.0,1.0,157,3,1,male,tier_1_metro,gig_delivery
APP_10186,30686.46,14828.25,0.5168,0.2378,0.5256,2.9,192,3,1,male,tier_1_metro,gig_delivery
APP_10187,36731.07,18995.7,0.4828,0.2611,0.6891,24.5,288,6,1,female,tier_1_metro,street_food
APP_10188,45594.11,27247.53,0.4024,0.5274,0.303,10.1,46,4,0,male,tier_2_urban,artisan_freelance
APP_10189,25804.38,10829.25,0.5803,0.2107,0.613,1.1,142,2,1,female,tier_1_metro,gig_delivery
APP_10190,38885.46,23595.23,0.3932,0.2495,0.237,14.0,215,4,0,male,tier_2_urban,street_food
APP_10191,27628.5,12266.28,0.556,0.1962,0.6365,29.3,159,2,1,female,tier_3_rural,gig_delivery
APP_10192,25851.0,10779.72,0.583,0.2355,0.226,10.3,101,4,0,female,tier_1_metro,gig_delivery
APP_10193,31188.75,15316.88,0.5089,0.2615,0.238,27.4,255,3,1,female,tier_3_rural,street_food
APP_10194,50327.18,36966.5,0.2655,0.1025,0.0,7.4,314,12,1,female,tier_1_metro,grocery_kirana
APP_10195,74090.86,53266.13,0.2811,0.1339,0.7067,1.8,261,4,1,male,tier_1_metro,grocery_kirana
APP_10196,31879.08,13477.2,0.5772,0.1774,0.0,5.9,112,12,0,male,tier_2_urban,gig_delivery
APP_10197,45347.64,25719.36,0.4328,0.2372,0.2042,6.1,301,4,0,male,tier_1_metro,street_food
APP_10198,25914.91,10939.11,0.5779,0.2533,0.1302,2.6,157,6,1,male,tier_2_urban,gig_delivery
APP_10199,25457.59,11798.08,0.5366,0.1955,0.6192,3.5,197,9,0,female,tier_2_urban,gig_delivery
APP_10200,33125.51,14341.24,0.5671,0.3747,0.5245,28.7,81,2,1,female,tier_1_metro,artisan_freelance
APP_10201,29225.18,11636.1,0.6018,0.22,0.3338,2.6,185,6,0,male,tier_2_urban,gig_delivery
APP_10202,12000.0,4066.1,0.6612,0.4394,0.6326,40.6,67,6,1,male,tier_2_urban,artisan_freelance
APP_10203,55040.51,39765.23,0.2775,0.1494,0.3752,5.8,210,4,1,female,tier_2_urban,grocery_kirana
APP_10204,29167.45,13681.35,0.5309,0.2166,0.0,15.9,128,3,1,female,tier_1_metro,gig_delivery
APP_10205,45327.19,32263.07,0.2882,0.2132,0.3855,1.0,342,4,0,male,tier_2_urban,grocery_kirana
APP_10206,58207.93,23950.94,0.5885,0.4566,0.2089,1.0,35,6,1,male,tier_1_metro,artisan_freelance
APP_10207,29104.26,14706.71,0.4947,0.2057,0.1547,24.1,272,3,1,male,tier_1_metro,street_food
APP_10208,37575.03,21916.55,0.4167,0.2466,0.2244,10.0,385,4,1,female,tier_1_metro,street_food
APP_10209,33117.84,12482.45,0.6231,0.2188,0.6518,8.8,94,6,1,male,tier_1_metro,gig_delivery
APP_10210,26077.08,9895.45,0.6205,0.3033,0.0,3.3,127,6,1,female,tier_1_metro,gig_delivery
APP_10211,25018.04,14695.71,0.4126,0.3938,0.5408,19.0,76,12,0,male,tier_3_rural,artisan_freelance
APP_10212,33546.08,10247.92,0.6945,0.3851,0.2246,60.0,64,4,1,male,tier_1_metro,artisan_freelance
APP_10213,43800.45,23237.69,0.4695,0.5328,0.0,3.5,86,4,1,male,tier_2_urban,artisan_freelance
APP_10214,19457.01,11273.12,0.4206,0.3609,0.3956,18.0,79,4,1,male,tier_1_metro,artisan_freelance
APP_10215,26232.73,13605.71,0.4813,0.2334,0.2611,24.9,414,4,0,male,tier_2_urban,street_food
APP_10216,25052.33,10151.24,0.5948,0.1662,0.0,11.1,199,12,1,female,tier_1_metro,gig_delivery
APP_10217,32259.9,15808.33,0.51,0.2803,0.0,21.3,137,4,1,male,tier_2_urban,gig_delivery
APP_10218,39511.31,17566.63,0.5554,0.2921,0.1967,17.5,83,3,1,male,tier_1_metro,artisan_freelance
APP_10219,38240.71,18509.04,0.516,0.4487,0.5309,19.4,25,3,0,female,tier_2_urban,artisan_freelance
APP_10220,33972.92,14297.62,0.5791,0.4462,0.0,26.8,55,4,1,female,tier_1_metro,artisan_freelance
APP_10221,28556.54,11958.14,0.5812,0.2789,0.4324,9.0,155,3,0,female,tier_2_urban,gig_delivery
APP_10222,22121.69,11930.75,0.4607,0.3441,0.3994,12.8,59,6,1,male,tier_1_metro,artisan_freelance
APP_10223,66198.79,46298.64,0.3006,0.2016,0.5541,9.9,287,4,0,female,tier_1_metro,grocery_kirana
APP_10224,22461.22,8461.71,0.6233,0.2621,0.0,7.9,175,3,1,male,tier_2_urban,gig_delivery
APP_10225,73231.41,54417.67,0.2569,0.1547,0.2452,39.2,344,4,1,male,tier_1_metro,grocery_kirana
APP_10226,17779.93,9230.39,0.4809,0.3073,0.0,14.9,32,3,0,male,tier_2_urban,artisan_freelance
APP_10227,43050.61,15191.26,0.6471,0.2689,0.0,23.6,72,4,1,male,tier_1_metro,artisan_freelance
APP_10228,63551.54,50442.06,0.2063,0.0924,0.389,19.3,250,4,0,female,tier_1_metro,grocery_kirana
APP_10229,44076.37,27321.99,0.3801,0.1548,0.6645,4.2,344,3,0,male,tier_1_metro,street_food
APP_10230,28748.25,14206.04,0.5058,0.2634,0.0,7.8,85,12,0,female,tier_2_urban,gig_delivery
APP_10231,16351.97,8824.84,0.4603,0.4043,0.0,8.0,48,2,1,male,tier_3_rural,artisan_freelance
APP_10232,23652.62,9172.47,0.6122,0.2882,0.1324,1.4,117,2,0,female,tier_1_metro,gig_delivery
APP_10233,34752.21,10437.21,0.6997,0.348,0.0,22.6,50,4,1,male,tier_1_metro,artisan_freelance
APP_10234,57595.68,33935.02,0.4108,0.1709,0.0,26.5,366,4,1,female,tier_2_urban,street_food
APP_10235,28589.57,16261.68,0.4312,0.1222,0.0,1.0,265,3,0,female,tier_2_urban,street_food
APP_10236,62464.84,44554.77,0.2867,0.0855,0.2797,10.0,356,4,1,female,tier_1_metro,grocery_kirana
APP_10237,48631.47,31558.45,0.3511,0.2701,0.3796,28.0,376,3,0,female,tier_2_urban,street_food
APP_10238,74607.38,50830.37,0.3187,0.1859,0.4223,15.8,320,6,0,female,tier_1_metro,grocery_kirana
APP_10239,52038.2,32384.05,0.3777,0.2126,0.0795,12.7,227,6,0,female,tier_1_metro,street_food
APP_10240,59411.79,46957.36,0.2096,0.2194,0.3859,9.5,161,12,1,female,tier_1_metro,grocery_kirana
APP_10241,29799.68,20843.5,0.3005,0.1446,0.0,12.6,315,2,0,female,tier_2_urban,grocery_kirana
APP_10242,54206.28,39328.28,0.2745,0.1749,0.6303,1.6,359,4,0,female,tier_2_urban,grocery_kirana
APP_10243,47162.9,32565.67,0.3095,0.1684,0.2532,16.4,236,3,1,male,tier_3_rural,grocery_kirana
APP_10244,46091.7,27421.91,0.4051,0.145,0.3876,23.3,243,2,0,female,tier_1_metro,street_food
APP_10245,33707.38,14761.33,0.5621,0.1847,0.5941,8.5,101,4,0,male,tier_1_metro,gig_delivery
APP_10246,66431.18,52895.03,0.2038,0.0827,0.5141,1.0,261,4,0,female,tier_1_metro,grocery_kirana
APP_10247,60684.32,48304.67,0.204,0.1435,0.0,22.7,189,4,0,male,tier_1_metro,grocery_kirana
APP_10248,32435.15,14707.76,0.5465,0.3706,0.0,11.9,85,4,1,female,tier_1_metro,artisan_freelance
APP_10249,61697.67,48199.35,0.2188,0.209,0.1247,18.9,175,6,1,male,tier_2_urban,grocery_kirana
APP_10250,57330.43,41371.38,0.2784,0.0893,0.1333,1.2,367,4,1,male,tier_2_urban,grocery_kirana
APP_10251,44965.87,33051.77,0.265,0.2033,0.5786,16.4,293,12,1,male,tier_1_metro,grocery_kirana
APP_10252,27208.61,9620.2,0.6464,0.2662,0.0,18.7,106,2,0,female,tier_1_metro,gig_delivery
APP_10253,57625.28,29621.94,0.486,0.4908,0.6434,3.1,54,4,1,female,tier_2_urban,artisan_freelance
APP_10254,43506.13,23031.8,0.4706,0.219,0.5384,26.3,386,6,1,male,tier_3_rural,street_food
APP_10255,21785.59,12663.57,0.4187,0.3506,0.2023,51.8,72,4,0,female,tier_2_urban,artisan_freelance
APP_10256,40744.54,18840.56,0.5376,0.1336,0.131,21.8,190,4,0,female,tier_2_urban,street_food
APP_10257,58701.4,44714.59,0.2383,0.1035,0.0,1.0,169,4,0,female,tier_1_metro,grocery_kirana
APP_10258,69783.81,47596.57,0.3179,0.1032,0.461,8.1,221,12,1,male,tier_1_metro,grocery_kirana
APP_10259,12000.0,6197.87,0.4835,0.4895,0.341,5.0,83,4,0,male,tier_1_metro,artisan_freelance
APP_10260,27127.97,14189.59,0.4769,0.3566,0.0,1.0,32,2,1,male,tier_2_urban,artisan_freelance
APP_10261,35184.63,21388.69,0.3921,0.2494,0.2067,21.0,402,6,1,male,tier_2_urban,street_food
APP_10262,27111.5,9521.71,0.6488,0.462,0.4049,22.8,65,4,0,female,tier_1_metro,artisan_freelance
APP_10263,51658.81,41368.33,0.1992,0.1613,0.4483,5.1,317,6,0,female,tier_1_metro,grocery_kirana
APP_10264,33164.38,15503.55,0.5325,0.5453,0.4105,17.6,76,6,0,male,tier_3_rural,artisan_freelance
APP_10265,30989.61,15972.8,0.4846,0.3591,0.7059,18.1,41,3,0,male,tier_3_rural,artisan_freelance
APP_10266,36162.79,13866.35,0.6166,0.2966,0.5514,1.0,94,6,1,male,tier_2_urban,gig_delivery
APP_10267,44513.21,27808.68,0.3753,0.21,0.0,30.8,211,3,1,male,tier_2_urban,street_food
APP_10268,21078.2,8991.77,0.5734,0.2761,0.0,11.5,142,6,1,male,tier_2_urban,gig_delivery
APP_10269,27006.16,10637.41,0.6061,0.4474,0.4724,7.3,67,6,1,female,tier_3_rural,artisan_freelance
APP_10270,33790.7,16811.23,0.5025,0.1402,0.0,10.0,408,4,1,male,tier_2_urban,street_food
APP_10271,22285.66,11204.16,0.4972,0.2021,0.6454,14.5,449,3,1,female,tier_2_urban,street_food
APP_10272,34956.24,17070.81,0.5117,0.4485,0.0,11.8,82,12,0,male,tier_2_urban,artisan_freelance
APP_10273,25866.86,15854.99,0.3871,0.1646,0.2355,2.8,310,6,0,male,tier_2_urban,street_food
APP_10274,26517.31,8534.94,0.6781,0.541,0.4112,2.2,81,2,0,female,tier_2_urban,artisan_freelance
APP_10275,40333.34,19667.97,0.5124,0.4893,0.0,31.4,22,3,1,male,tier_2_urban,artisan_freelance
APP_10276,69858.86,51678.0,0.2603,0.1273,0.0,15.6,201,4,0,female,tier_1_metro,grocery_kirana
APP_10277,44476.09,35097.39,0.2109,0.1105,0.0,10.3,399,3,0,male,tier_1_metro,grocery_kirana
APP_10278,46939.38,19383.93,0.587,0.4301,0.4971,13.8,68,2,1,male,tier_1_metro,artisan_freelance
APP_10279,42223.22,21109.37,0.5001,0.1443,0.3955,3.8,237,6,1,female,tier_1_metro,street_food
APP_10280,43610.04,21492.66,0.5072,0.2144,0.0,8.8,408,6,1,male,tier_1_metro,street_food
APP_10281,57179.31,40798.55,0.2865,0.1016,0.7414,20.0,151,6,0,female,tier_2_urban,grocery_kirana
APP_10282,50873.36,16251.41,0.6806,0.3627,0.5252,15.7,32,4,1,male,tier_2_urban,artisan_freelance
APP_10283,56434.03,40248.46,0.2868,0.0864,0.1303,10.0,230,4,1,male,tier_3_rural,grocery_kirana
APP_10284,44145.66,24193.11,0.452,0.2002,0.6389,4.6,359,12,1,male,tier_1_metro,street_food
APP_10285,39723.17,19043.43,0.5206,0.2685,0.0,22.3,180,9,1,female,tier_3_rural,street_food
APP_10286,24226.1,12093.62,0.5008,0.3897,0.5233,2.9,76,12,1,male,tier_2_urban,artisan_freelance
APP_10287,30466.62,11018.1,0.6384,0.2683,0.0,22.6,186,6,1,male,tier_3_rural,gig_delivery
APP_10288,46291.17,26032.03,0.4376,0.4818,0.3633,11.4,51,12,0,male,tier_1_metro,artisan_freelance
APP_10289,33080.4,15835.63,0.5213,0.2536,0.1819,6.9,235,4,1,female,tier_2_urban,street_food
APP_10290,38784.54,19196.45,0.505,0.1575,0.5298,4.8,318,4,0,male,tier_1_metro,street_food
APP_10291,70550.46,54570.16,0.2265,0.1211,0.4486,37.9,253,3,1,male,tier_3_rural,grocery_kirana
APP_10292,43560.17,22402.99,0.4857,0.1708,0.7018,41.2,217,4,1,male,tier_1_metro,street_food
APP_10293,19688.88,7231.17,0.6327,0.2756,0.6855,34.2,169,3,1,female,tier_1_metro,gig_delivery
APP_10294,26398.13,10468.6,0.6034,0.4129,0.0,60.0,79,12,1,male,tier_1_metro,artisan_freelance
APP_10295,21820.31,12822.14,0.4124,0.1744,0.0,8.2,363,6,1,female,tier_2_urban,street_food
APP_10296,23798.23,8320.54,0.6504,0.5306,0.1542,3.1,23,2,0,female,tier_3_rural,artisan_freelance
APP_10297,39983.46,31863.47,0.2031,0.1136,0.6671,12.7,333,12,0,female,tier_2_urban,grocery_kirana
APP_10298,38681.68,23234.86,0.3993,0.1954,0.3505,19.5,252,4,0,male,tier_1_metro,street_food
APP_10299,19106.37,13650.71,0.2855,0.1609,0.4627,4.9,216,4,0,male,tier_2_urban,grocery_kirana
APP_10300,52651.86,36798.66,0.3011,0.1149,0.5403,7.2,324,3,1,female,tier_3_rural,grocery_kirana
APP_10301,49829.79,23573.61,0.5269,0.2633,0.0,5.3,311,3,0,female,tier_2_urban,street_food
APP_10302,20955.89,11375.21,0.4572,0.3054,0.7301,7.9,40,2,0,female,tier_2_urban,artisan_freelance
APP_10303,66087.65,46503.7,0.2963,0.0968,0.0,9.3,339,9,1,female,tier_3_rural,grocery_kirana
APP_10304,40786.31,18762.52,0.54,0.1419,0.0,2.5,204,6,1,male,tier_3_rural,street_food
APP_10305,46210.38,37138.28,0.1963,0.1565,0.5617,1.0,262,12,0,male,tier_3_rural,grocery_kirana
APP_10306,22876.13,7734.28,0.6619,0.4069,0.6999,32.0,83,6,1,male,tier_1_metro,artisan_freelance
APP_10307,39507.74,22523.22,0.4299,0.1723,0.621,24.5,379,9,0,male,tier_1_metro,street_food
APP_10308,30772.91,13138.27,0.5731,0.3892,0.4059,1.4,75,9,1,male,tier_2_urban,artisan_freelance
APP_10309,56120.47,41421.9,0.2619,0.1117,0.0,12.6,208,4,1,female,tier_2_urban,grocery_kirana
APP_10310,60080.1,48397.1,0.1945,0.1042,0.0,19.3,272,3,1,male,tier_1_metro,grocery_kirana
APP_10311,37403.83,15552.95,0.5842,0.1919,0.7366,57.5,171,6,1,female,tier_3_rural,gig_delivery
APP_10312,32106.31,26100.86,0.187,0.0874,0.3703,10.4,225,4,0,male,tier_2_urban,grocery_kirana
APP_10313,44675.38,35268.69,0.2106,0.2185,0.0,4.1,278,6,0,female,tier_2_urban,grocery_kirana
APP_10314,13344.55,4709.75,0.6471,0.4962,0.5501,31.7,57,4,1,male,tier_3_rural,artisan_freelance
APP_10315,46229.24,22708.45,0.5088,0.1453,0.0,11.4,196,3,1,male,tier_1_metro,street_food
APP_10316,34827.89,17152.72,0.5075,0.5239,0.0,3.5,54,3,0,male,tier_1_metro,artisan_freelance
APP_10317,29092.89,14130.49,0.5143,0.4925,0.564,20.1,73,9,0,female,tier_1_metro,artisan_freelance
APP_10318,24854.85,13389.96,0.4613,0.255,0.463,38.0,88,9,1,female,tier_3_rural,artisan_freelance
APP_10319,45175.8,23185.42,0.4868,0.2051,0.0,38.7,205,3,0,female,tier_2_urban,street_food
APP_10320,41877.31,30504.17,0.2716,0.1667,0.1561,11.6,281,4,0,male,tier_1_metro,grocery_kirana
APP_10321,31420.23,15931.61,0.493,0.131,0.7369,1.7,223,4,1,male,tier_2_urban,street_food
APP_10322,62322.59,45330.41,0.2726,0.0908,0.2872,3.7,296,12,1,male,tier_1_metro,grocery_kirana
APP_10323,27784.86,11052.74,0.6022,0.3098,0.5487,23.6,123,4,0,male,tier_2_urban,gig_delivery
APP_10324,19193.24,8861.51,0.5383,0.168,0.0,19.4,111,6,1,male,tier_2_urban,gig_delivery
APP_10325,49038.71,26660.77,0.4563,0.206,0.0,4.8,418,12,1,female,tier_1_metro,street_food
APP_10326,49515.23,34313.32,0.307,0.1019,0.0,2.6,239,4,1,female,tier_2_urban,grocery_kirana
APP_10327,27273.4,10039.35,0.6319,0.2447,0.1422,5.4,197,3,1,male,tier_1_metro,gig_delivery
APP_10328,65728.6,53435.37,0.187,0.145,0.0,14.1,252,12,1,female,tier_2_urban,grocery_kirana
APP_10329,49039.47,35888.32,0.2682,0.1364,0.4393,5.3,351,3,0,male,tier_2_urban,grocery_kirana
APP_10330,21168.81,7746.96,0.634,0.2619,0.497,10.9,173,2,1,male,tier_3_rural,gig_delivery
APP_10331,21073.27,10137.65,0.5189,0.189,0.1917,20.5,183,12,1,male,tier_2_urban,street_food
APP_10332,20878.18,16390.82,0.2149,0.1566,0.4911,5.2,350,12,1,female,tier_3_rural,grocery_kirana
APP_10333,38163.94,20432.65,0.4646,0.172,0.6672,1.0,285,4,0,female,tier_2_urban,street_food
APP_10334,50061.07,29077.41,0.4192,0.2274,0.0,2.0,201,4,1,male,tier_2_urban,street_food
APP_10335,32462.78,18619.01,0.4265,0.2191,0.3298,21.2,430,6,0,male,tier_1_metro,street_food
APP_10336,12000.0,6103.83,0.4913,0.3094,0.5089,7.6,66,3,1,female,tier_2_urban,artisan_freelance
APP_10337,18332.68,8266.78,0.5491,0.5251,0.0,2.4,44,6,1,female,tier_2_urban,artisan_freelance
APP_10338,51389.68,36691.23,0.286,0.2057,0.3865,16.4,398,4,1,male,tier_2_urban,grocery_kirana
APP_10339,20952.62,9406.01,0.5511,0.2868,0.0,15.2,104,9,1,male,tier_1_metro,gig_delivery
APP_10340,21336.65,9920.01,0.5351,0.154,0.6081,41.5,100,9,1,female,tier_2_urban,gig_delivery
APP_10341,40754.85,24007.85,0.4109,0.1623,0.1275,4.6,243,6,1,male,tier_2_urban,street_food
APP_10342,28119.02,16789.7,0.4029,0.5074,0.0,12.3,78,6,0,female,tier_3_rural,artisan_freelance
APP_10343,38332.18,31371.73,0.1816,0.1902,0.0,4.0,324,9,0,male,tier_2_urban,grocery_kirana
APP_10344,22292.48,9588.79,0.5699,0.2519,0.0,10.7,78,2,1,female,tier_1_metro,artisan_freelance
APP_10345,34062.24,14138.87,0.5849,0.2777,0.0,6.6,142,9,0,male,tier_1_metro,gig_delivery
APP_10346,32958.25,18614.02,0.4352,0.2532,0.0,3.5,196,9,1,male,tier_2_urban,street_food
APP_10347,55839.15,43305.63,0.2245,0.1163,0.3424,37.3,157,2,1,female,tier_1_metro,grocery_kirana
APP_10348,53672.02,41475.39,0.2272,0.2019,0.0,4.6,307,3,0,female,tier_1_metro,grocery_kirana
APP_10349,30826.86,17990.57,0.4164,0.226,0.1183,9.5,359,6,1,male,tier_1_metro,street_food
APP_10350,17339.16,7643.35,0.5592,0.2401,0.6866,3.4,98,12,0,male,tier_3_rural,gig_delivery
APP_10351,25245.19,13567.36,0.4626,0.3389,0.3139,2.3,74,3,1,female,tier_1_metro,artisan_freelance
APP_10352,49490.92,38080.76,0.2306,0.1372,0.2537,2.6,165,4,0,female,tier_1_metro,grocery_kirana
APP_10353,25054.0,8813.82,0.6482,0.4255,0.5242,16.7,38,3,1,male,tier_1_metro,artisan_freelance
APP_10354,29625.95,13658.33,0.539,0.3006,0.2707,5.2,131,12,0,male,tier_1_metro,gig_delivery
APP_10355,20621.93,11617.7,0.4366,0.2833,0.3762,3.9,57,9,1,female,tier_1_metro,artisan_freelance
APP_10356,66703.75,48411.39,0.2742,0.1954,0.3033,1.0,231,2,0,female,tier_1_metro,grocery_kirana
APP_10357,37156.28,14977.11,0.5969,0.4105,0.4014,15.6,41,4,0,male,tier_3_rural,artisan_freelance
APP_10358,50479.59,34378.55,0.319,0.1019,0.0,1.7,284,4,0,male,tier_1_metro,grocery_kirana
APP_10359,29936.85,16443.76,0.4507,0.3555,0.0,12.1,54,3,1,male,tier_1_metro,artisan_freelance
APP_10360,34722.51,19321.82,0.4435,0.2191,0.0,7.8,317,4,0,female,tier_2_urban,street_food
APP_10361,43698.58,25517.48,0.4161,0.2103,0.5904,14.5,323,3,1,female,tier_1_metro,street_food
APP_10362,54321.64,42422.41,0.2191,0.0981,0.0,21.2,234,12,1,male,tier_1_metro,grocery_kirana
APP_10363,28172.81,16766.76,0.4049,0.4955,0.0,14.8,84,6,1,male,tier_1_metro,artisan_freelance
APP_10364,62941.47,46303.16,0.2643,0.1516,0.1883,1.9,168,3,1,male,tier_1_metro,grocery_kirana
APP_10365,30189.24,10660.64,0.6469,0.2646,0.4918,2.0,188,2,1,male,tier_3_rural,gig_delivery
APP_10366,21937.31,13041.38,0.4055,0.3892,0.0,3.7,61,3,1,male,tier_2_urban,artisan_freelance
APP_10367,35248.19,18502.97,0.4751,0.2395,0.2674,4.0,221,3,1,male,tier_2_urban,street_food
APP_10368,20351.89,11466.21,0.4366,0.4604,0.1691,18.5,46,6,1,male,tier_1_metro,artisan_freelance
APP_10369,30045.49,13484.48,0.5512,0.2313,0.2125,7.4,145,12,1,male,tier_2_urban,gig_delivery
APP_10370,32976.1,12323.09,0.6263,0.2321,0.0,7.8,145,6,1,male,tier_1_metro,gig_delivery
APP_10371,29391.01,12278.92,0.5822,0.1797,0.0,14.0,106,4,1,female,tier_2_urban,gig_delivery
APP_10372,24898.21,9438.99,0.6209,0.2506,0.0,11.6,163,3,1,male,tier_1_metro,gig_delivery
APP_10373,48061.55,26431.18,0.4501,0.1311,0.0,1.9,325,9,1,male,tier_1_metro,street_food
APP_10374,35763.22,19841.21,0.4452,0.5055,0.3191,4.9,64,6,0,female,tier_3_rural,artisan_freelance
APP_10375,58734.59,43841.5,0.2536,0.1777,0.3723,13.0,249,6,0,female,tier_2_urban,grocery_kirana
APP_10376,31368.3,12792.84,0.5922,0.2488,0.0,1.0,102,12,1,male,tier_3_rural,gig_delivery
APP_10377,27027.36,14011.35,0.4816,0.3154,0.0,5.5,87,3,1,male,tier_2_urban,artisan_freelance
APP_10378,53045.52,43181.93,0.1859,0.1758,0.7335,15.3,230,3,0,male,tier_1_metro,grocery_kirana
APP_10379,21480.85,9301.78,0.567,0.3528,0.0,23.5,51,3,1,male,tier_2_urban,artisan_freelance
APP_10380,31261.54,14077.34,0.5497,0.3455,0.2244,7.2,46,2,0,male,tier_2_urban,artisan_freelance
APP_10381,44372.6,22373.21,0.4958,0.2448,0.5507,1.0,222,4,1,male,tier_3_rural,street_food
APP_10382,44004.71,34516.09,0.2156,0.0818,0.2906,23.6,364,4,1,female,tier_1_metro,grocery_kirana
APP_10383,71265.31,49513.96,0.3052,0.1953,0.6638,10.1,282,2,0,female,tier_3_rural,grocery_kirana
APP_10384,56189.66,43086.4,0.2332,0.165,0.4991,3.8,368,4,1,female,tier_2_urban,grocery_kirana
APP_10385,22791.44,11071.06,0.5142,0.2035,0.3299,1.2,166,2,0,male,tier_2_urban,gig_delivery
APP_10386,23021.55,11283.51,0.5099,0.3015,0.7323,23.4,146,4,0,male,tier_1_metro,gig_delivery
APP_10387,36529.22,21355.42,0.4154,0.1689,0.0,15.6,373,3,1,male,tier_2_urban,street_food
APP_10388,41159.79,32983.43,0.1986,0.1685,0.513,15.4,312,9,0,female,tier_3_rural,grocery_kirana
APP_10389,68647.77,55142.1,0.1967,0.1602,0.2058,19.6,169,4,1,male,tier_1_metro,grocery_kirana
APP_10390,31998.81,12189.15,0.6191,0.4358,0.4065,15.7,32,6,0,male,tier_1_metro,artisan_freelance
APP_10391,46666.72,23170.04,0.5035,0.1692,0.0,13.4,290,6,1,male,tier_1_metro,street_food
APP_10392,50662.45,40652.71,0.1976,0.2149,0.0,4.6,389,12,1,female,tier_1_metro,grocery_kirana
APP_10393,59997.35,46694.1,0.2217,0.1189,0.3536,1.3,286,2,0,male,tier_2_urban,grocery_kirana
APP_10394,47443.93,28620.64,0.3967,0.222,0.7088,1.0,190,4,0,male,tier_1_metro,street_food
APP_10395,56227.22,30946.0,0.4496,0.2303,0.0,14.8,409,4,1,female,tier_3_rural,street_food
APP_10396,41756.35,29016.11,0.3051,0.0904,0.0,8.8,252,9,1,male,tier_1_metro,grocery_kirana
APP_10397,33356.32,18113.12,0.457,0.4605,0.0,6.2,31,6,1,female,tier_1_metro,artisan_freelance
APP_10398,35006.56,17387.57,0.5033,0.2323,0.6413,15.8,295,3,0,female,tier_1_metro,street_food
APP_10399,36755.47,20980.49,0.4292,0.241,0.2829,7.4,301,12,0,male,tier_1_metro,street_food
APP_10400,39744.2,18128.75,0.5439,0.1805,0.7204,8.8,233,3,1,male,tier_2_urban,street_food
APP_10401,22105.93,10798.56,0.5115,0.1782,0.0,15.0,114,9,1,male,tier_1_metro,gig_delivery
APP_10402,41160.01,33087.69,0.1961,0.2037,0.4257,1.0,328,9,0,female,tier_1_metro,grocery_kirana
APP_10403,18563.28,7572.02,0.5921,0.2548,0.0,14.6,197,6,0,female,tier_1_metro,gig_delivery
APP_10404,39380.21,18078.94,0.5409,0.1442,0.0,4.3,317,6,1,male,tier_2_urban,street_food
APP_10405,61130.36,45631.6,0.2535,0.0956,0.0,5.8,368,4,1,male,tier_1_metro,grocery_kirana
APP_10406,29201.9,16096.14,0.4488,0.4703,0.7467,16.8,62,3,0,female,tier_3_rural,artisan_freelance
APP_10407,22177.31,10373.71,0.5322,0.1571,0.0,28.8,129,6,1,male,tier_2_urban,gig_delivery
APP_10408,32847.42,23242.12,0.2924,0.1556,0.4048,15.9,272,4,1,male,tier_3_rural,grocery_kirana
APP_10409,66036.44,48669.65,0.263,0.1008,0.4699,4.9,305,6,0,male,tier_1_metro,grocery_kirana
APP_10410,37408.22,21077.5,0.4366,0.2153,0.0,10.4,196,2,1,female,tier_1_metro,street_food
APP_10411,54092.01,41938.77,0.2247,0.1458,0.6552,24.7,382,9,0,female,tier_3_rural,grocery_kirana
APP_10412,26770.69,10855.14,0.5945,0.2909,0.705,5.1,97,4,1,male,tier_2_urban,gig_delivery
APP_10413,45024.75,35689.88,0.2073,0.175,0.0,29.1,276,6,1,female,tier_1_metro,grocery_kirana
APP_10414,41487.8,22149.13,0.4661,0.2697,0.1488,31.6,428,4,1,male,tier_2_urban,street_food
APP_10415,24613.05,19668.79,0.2009,0.19,0.3378,1.0,243,4,0,female,tier_1_metro,grocery_kirana
APP_10416,47921.09,38408.51,0.1985,0.1416,0.4701,1.0,329,12,0,male,tier_2_urban,grocery_kirana
APP_10417,31221.42,15065.31,0.5175,0.1716,0.166,32.6,86,2,1,male,tier_1_metro,gig_delivery
APP_10418,39488.5,29933.83,0.242,0.0868,0.0,8.1,271,6,0,female,tier_2_urban,grocery_kirana
APP_10419,24339.16,11441.55,0.5299,0.195,0.0,22.5,177,4,1,male,tier_3_rural,gig_delivery
APP_10420,48153.38,25218.32,0.4763,0.2455,0.2104,1.0,364,6,1,male,tier_2_urban,street_food
APP_10421,57555.4,45201.94,0.2146,0.2013,0.17,13.0,316,6,1,male,tier_3_rural,grocery_kirana
APP_10422,37737.44,16171.16,0.5715,0.3055,0.0,24.4,51,6,1,female,tier_3_rural,artisan_freelance
APP_10423,27789.56,13685.01,0.5075,0.1653,0.0,15.4,430,4,1,female,tier_1_metro,street_food
APP_10424,53661.89,42775.43,0.2029,0.1058,0.6009,3.9,241,4,0,female,tier_2_urban,grocery_kirana
APP_10425,31560.27,16739.51,0.4696,0.1816,0.1303,42.6,256,12,1,female,tier_1_metro,street_food
APP_10426,35248.94,21543.01,0.3888,0.1959,0.3379,1.0,358,3,1,male,tier_1_metro,street_food
APP_10427,61900.4,50141.69,0.19,0.1603,0.2082,60.0,226,6,1,male,tier_1_metro,grocery_kirana
APP_10428,32819.42,20587.35,0.3727,0.2668,0.6221,24.2,281,4,0,male,tier_2_urban,street_food
APP_10429,31614.48,14841.33,0.5306,0.204,0.6742,5.6,180,2,0,female,tier_1_metro,street_food
APP_10430,41124.19,31122.0,0.2432,0.2112,0.0,1.9,238,3,0,male,tier_3_rural,grocery_kirana
APP_10431,38281.36,18432.76,0.5185,0.2382,0.4961,2.5,120,12,1,female,tier_1_metro,gig_delivery
APP_10432,33588.77,12809.55,0.6186,0.2641,0.7215,6.7,81,4,0,male,tier_1_metro,artisan_freelance
APP_10433,35061.84,18900.21,0.4609,0.1323,0.0,14.4,271,4,0,female,tier_3_rural,street_food
APP_10434,35582.56,20172.16,0.4331,0.1238,0.2903,2.7,247,2,0,male,tier_2_urban,street_food
APP_10435,13984.31,6785.7,0.5148,0.3126,0.0,11.2,87,3,1,female,tier_1_metro,gig_delivery
APP_10436,20571.59,10128.5,0.5076,0.255,0.0,15.8,161,12,0,male,tier_2_urban,gig_delivery
APP_10437,31626.88,13786.83,0.5641,0.3925,0.6548,21.3,82,12,1,male,tier_1_metro,artisan_freelance
APP_10438,37052.41,14927.72,0.5971,0.2934,0.1248,3.9,182,4,1,male,tier_2_urban,gig_delivery
APP_10439,30074.44,14289.52,0.5249,0.2529,0.0,7.1,395,3,0,male,tier_2_urban,street_food
APP_10440,40583.8,24911.21,0.3862,0.2479,0.4687,18.4,255,9,1,female,tier_1_metro,street_food
APP_10441,31389.96,14878.74,0.526,0.4235,0.4436,10.3,38,9,1,female,tier_2_urban,artisan_freelance
APP_10442,48392.58,35103.66,0.2746,0.1666,0.0,1.0,203,6,1,male,tier_2_urban,grocery_kirana
APP_10443,37388.39,15145.27,0.5949,0.2807,0.2126,2.0,124,6,1,female,tier_1_metro,gig_delivery
APP_10444,45680.98,20778.42,0.5451,0.3755,0.5018,39.1,49,4,1,female,tier_1_metro,artisan_freelance
APP_10445,20312.59,10055.62,0.505,0.3231,0.0,8.9,40,12,1,male,tier_1_metro,artisan_freelance
APP_10446,80150.12,63365.48,0.2094,0.1839,0.0,4.1,317,3,0,male,tier_3_rural,grocery_kirana
APP_10447,50755.54,28189.35,0.4446,0.1269,0.6637,5.6,313,4,1,female,tier_1_metro,street_food
APP_10448,48458.68,38408.07,0.2074,0.1518,0.0,9.4,194,2,0,female,tier_2_urban,grocery_kirana
APP_10449,34614.9,16615.94,0.52,0.1944,0.7113,1.0,196,4,0,female,tier_3_rural,gig_delivery
APP_10450,43859.54,34005.78,0.2247,0.1382,0.0,4.7,224,4,0,male,tier_3_rural,grocery_kirana
APP_10451,61813.08,44329.55,0.2828,0.0834,0.3008,1.5,291,12,0,male,tier_1_metro,grocery_kirana
APP_10452,28028.15,13758.03,0.5091,0.1553,0.0,11.2,143,4,1,male,tier_1_metro,gig_delivery
APP_10453,21658.63,10348.28,0.5222,0.4064,0.0,14.4,81,12,0,male,tier_1_metro,artisan_freelance
APP_10454,31563.33,17785.67,0.4365,0.4264,0.587,12.7,35,3,0,male,tier_2_urban,artisan_freelance
APP_10455,33532.13,23693.04,0.2934,0.1402,0.2667,4.9,165,6,0,female,tier_2_urban,grocery_kirana
APP_10456,22863.26,10867.06,0.5247,0.1808,0.0,4.0,183,4,0,female,tier_3_rural,gig_delivery
APP_10457,20290.28,10308.99,0.4919,0.4165,0.3615,12.5,25,4,0,male,tier_2_urban,artisan_freelance
APP_10458,29801.19,11446.62,0.6159,0.2715,0.1999,4.7,97,4,1,female,tier_1_metro,gig_delivery
APP_10459,23896.16,11467.92,0.5201,0.4936,0.0,6.9,34,6,0,male,tier_1_metro,artisan_freelance
APP_10460,34696.07,20515.54,0.4087,0.1626,0.5243,2.3,322,6,1,male,tier_3_rural,street_food
APP_10461,39851.25,13316.24,0.6659,0.3876,0.4959,23.1,39,4,0,male,tier_2_urban,artisan_freelance
APP_10462,27306.14,13575.47,0.5028,0.2751,0.0,4.7,140,4,1,female,tier_3_rural,gig_delivery
APP_10463,32747.55,11005.61,0.6639,0.2648,0.0,2.1,28,4,0,female,tier_3_rural,artisan_freelance
APP_10464,13867.67,4527.55,0.6735,0.2621,0.3278,16.0,21,9,1,female,tier_1_metro,artisan_freelance
APP_10465,21413.89,6862.95,0.6795,0.4361,0.0,14.5,83,2,1,female,tier_2_urban,artisan_freelance
APP_10466,26104.53,9990.63,0.6173,0.2802,0.0,2.3,168,4,1,male,tier_3_rural,gig_delivery
APP_10467,35958.2,18030.61,0.4986,0.2663,0.5131,47.0,21,9,0,male,tier_1_metro,artisan_freelance
APP_10468,51262.08,19590.65,0.6178,0.3601,0.0,14.2,83,3,0,male,tier_1_metro,artisan_freelance
APP_10469,42426.14,32423.78,0.2358,0.081,0.0,3.1,275,4,1,female,tier_1_metro,grocery_kirana
APP_10470,33094.08,16180.7,0.5111,0.4754,0.4543,20.3,74,12,1,male,tier_3_rural,artisan_freelance
APP_10471,38606.07,23988.57,0.3786,0.2252,0.0,6.6,279,3,1,female,tier_1_metro,street_food
APP_10472,34024.54,18807.59,0.4472,0.1374,0.0,1.2,251,12,1,female,tier_2_urban,street_food
APP_10473,26087.16,10695.86,0.59,0.2326,0.2239,5.0,96,9,0,male,tier_1_metro,gig_delivery
APP_10474,26350.18,10353.07,0.6071,0.5335,0.7073,5.6,48,6,0,male,tier_2_urban,artisan_freelance
APP_10475,41385.7,26455.62,0.3608,0.2271,0.1926,3.9,205,3,1,male,tier_1_metro,street_food
APP_10476,34861.43,21424.95,0.3854,0.1208,0.0,1.2,269,4,1,female,tier_2_urban,street_food
APP_10477,36604.83,18795.46,0.4865,0.1577,0.2242,40.8,358,4,0,male,tier_1_metro,street_food
APP_10478,40168.68,22514.3,0.4395,0.4615,0.2038,1.2,82,4,0,female,tier_3_rural,artisan_freelance
APP_10479,34589.85,18008.6,0.4794,0.22,0.7466,5.1,425,4,1,female,tier_1_metro,street_food
APP_10480,26692.23,12567.23,0.5292,0.2895,0.121,11.1,121,4,1,female,tier_3_rural,gig_delivery
APP_10481,26789.05,12634.27,0.5284,0.2725,0.2475,5.2,184,6,0,female,tier_1_metro,gig_delivery
APP_10482,34266.41,12089.66,0.6472,0.3085,0.5508,1.6,126,6,1,female,tier_1_metro,gig_delivery
APP_10483,30869.37,10753.15,0.6517,0.4513,0.0,6.3,80,3,1,male,tier_1_metro,artisan_freelance
APP_10484,28807.08,13917.03,0.5169,0.2193,0.0,5.5,157,4,1,female,tier_3_rural,gig_delivery
APP_10485,62298.75,50466.46,0.1899,0.129,0.0,14.0,199,4,0,male,tier_3_rural,grocery_kirana
APP_10486,22418.4,8041.28,0.6413,0.2007,0.4705,53.2,167,4,1,male,tier_2_urban,gig_delivery
APP_10487,31304.63,16700.22,0.4665,0.2793,0.0,3.5,420,3,1,male,tier_1_metro,street_food
APP_10488,20566.19,9766.5,0.5251,0.2286,0.0,9.9,198,4,1,female,tier_1_metro,gig_delivery
APP_10489,56296.01,42160.86,0.2511,0.0994,0.608,7.1,285,3,1,male,tier_1_metro,grocery_kirana
APP_10490,17046.06,8116.74,0.5238,0.2048,0.3551,7.4,264,3,1,female,tier_2_urban,street_food
APP_10491,20014.66,7552.66,0.6226,0.3022,0.2954,14.6,129,6,0,male,tier_2_urban,gig_delivery
APP_10492,28402.42,17003.69,0.4013,0.2403,0.0,15.1,264,4,0,male,tier_2_urban,street_food
APP_10493,27206.27,19466.34,0.2845,0.1236,0.7446,8.0,366,4,1,male,tier_1_metro,grocery_kirana
APP_10494,52259.94,42452.7,0.1877,0.1086,0.1656,27.7,346,2,0,male,tier_2_urban,grocery_kirana
APP_10495,42958.47,27017.4,0.3711,0.2086,0.0,19.0,393,4,0,female,tier_3_rural,street_food
APP_10496,39195.36,18195.99,0.5358,0.1889,0.6345,5.1,395,4,1,female,tier_1_metro,street_food
APP_10497,25558.04,11850.59,0.5363,0.1624,0.31,13.6,138,6,1,male,tier_2_urban,gig_delivery
APP_10498,26140.72,15405.33,0.4107,0.5483,0.0,1.0,53,9,0,male,tier_2_urban,artisan_freelance
APP_10499,40632.85,24868.32,0.388,0.1262,0.164,1.2,192,4,0,female,tier_1_metro,street_food
APP_10500,48620.1,19158.55,0.606,0.4945,0.0,28.1,37,9,1,female,tier_1_metro,artisan_freelance
APP_10501,35341.94,22902.21,0.352,0.2445,0.6146,60.0,375,3,0,male,tier_3_rural,street_food
APP_10502,40576.66,20251.25,0.5009,0.1598,0.0,30.5,372,4,1,male,tier_1_metro,street_food
APP_10503,54866.9,41928.74,0.2358,0.2008,0.2098,17.2,178,4,0,female,tier_2_urban,grocery_kirana
APP_10504,17788.47,6303.15,0.6457,0.3512,0.2796,1.0,46,4,1,male,tier_2_urban,artisan_freelance
APP_10505,24414.31,11079.88,0.5462,0.191,0.2807,10.8,103,3,1,male,tier_1_metro,gig_delivery
APP_10506,51475.14,41766.96,0.1886,0.1113,0.201,6.6,211,12,1,male,tier_2_urban,grocery_kirana
APP_10507,27694.36,13149.81,0.5252,0.2648,0.4186,1.6,221,4,0,male,tier_2_urban,street_food
APP_10508,21718.36,9815.39,0.5481,0.1779,0.2221,34.6,189,4,0,female,tier_2_urban,gig_delivery
APP_10509,42297.96,30432.93,0.2805,0.1197,0.5133,1.0,206,3,0,male,tier_3_rural,grocery_kirana
APP_10510,39448.5,25027.26,0.3656,0.2729,0.6659,18.7,398,6,1,female,tier_1_metro,street_food
APP_10511,48426.22,30130.78,0.3778,0.1904,0.0,1.0,233,3,1,female,tier_2_urban,street_food
APP_10512,47698.66,15242.65,0.6804,0.5228,0.2957,30.7,78,3,1,female,tier_1_metro,artisan_freelance
APP_10513,32686.37,17658.29,0.4598,0.3353,0.1634,6.6,53,6,0,female,tier_2_urban,artisan_freelance
APP_10514,41327.44,22814.24,0.448,0.4574,0.2656,3.0,29,6,0,female,tier_1_metro,artisan_freelance
APP_10515,20133.77,11286.18,0.4394,0.2528,0.0,18.8,329,3,1,male,tier_2_urban,street_food
APP_10516,30049.1,16244.27,0.4594,0.134,0.2853,2.9,224,9,0,female,tier_2_urban,street_food
APP_10517,36201.92,11394.71,0.6852,0.313,0.0,48.9,63,9,1,female,tier_1_metro,artisan_freelance
APP_10518,65818.62,46111.88,0.2994,0.0962,0.5518,2.1,218,3,1,female,tier_1_metro,grocery_kirana
APP_10519,67721.77,48292.92,0.2869,0.0952,0.2826,13.6,236,12,1,male,tier_2_urban,grocery_kirana
APP_10520,15333.26,5900.31,0.6152,0.2569,0.428,2.2,108,12,0,female,tier_2_urban,gig_delivery
APP_10521,12000.0,3822.97,0.6814,0.5253,0.2271,24.5,22,6,0,female,tier_1_metro,artisan_freelance
APP_10522,29355.37,11065.55,0.623,0.2455,0.2473,14.1,131,3,0,male,tier_3_rural,gig_delivery
APP_10523,28091.73,12545.95,0.5534,0.1752,0.1923,16.3,177,2,1,male,tier_3_rural,gig_delivery
APP_10524,19149.88,8351.27,0.5639,0.3145,0.0,5.0,190,3,1,male,tier_2_urban,gig_delivery
APP_10525,28579.27,11534.04,0.5964,0.2522,0.3089,10.5,120,4,0,male,tier_2_urban,gig_delivery
APP_10526,40015.14,21690.29,0.4579,0.3914,0.0,2.8,77,2,0,male,tier_1_metro,artisan_freelance
APP_10527,66727.78,53690.45,0.1954,0.2037,0.2702,3.1,164,6,0,female,tier_2_urban,grocery_kirana
APP_10528,23392.92,9676.06,0.5864,0.2951,0.0,13.2,104,4,1,female,tier_1_metro,gig_delivery
APP_10529,26260.97,12181.92,0.5361,0.2158,0.0,11.0,124,4,0,male,tier_3_rural,gig_delivery
APP_10530,57577.69,45346.81,0.2124,0.1988,0.0,9.3,245,4,1,male,tier_1_metro,grocery_kirana
APP_10531,19844.91,9555.58,0.5185,0.2023,0.3532,1.7,160,6,1,female,tier_1_metro,gig_delivery
APP_10532,50755.71,19570.96,0.6144,0.3221,0.1254,30.2,37,2,0,male,tier_2_urban,artisan_freelance
APP_10533,74428.82,55259.0,0.2576,0.1548,0.0,18.3,167,6,1,female,tier_2_urban,grocery_kirana
APP_10534,31032.91,14579.59,0.5302,0.3013,0.3902,5.8,108,3,0,female,tier_2_urban,gig_delivery
APP_10535,25108.26,11539.44,0.5404,0.2381,0.5327,29.8,226,2,1,female,tier_1_metro,street_food
APP_10536,19336.5,7510.57,0.6116,0.3063,0.7242,16.5,168,4,0,male,tier_3_rural,gig_delivery
APP_10537,26018.6,11987.74,0.5393,0.2561,0.6974,9.4,175,3,1,male,tier_1_metro,gig_delivery
APP_10538,30491.6,12643.55,0.5853,0.2796,0.3498,5.2,128,12,0,male,tier_1_metro,gig_delivery
APP_10539,25735.24,10068.48,0.6088,0.2854,0.6688,6.3,105,9,1,female,tier_2_urban,gig_delivery
APP_10540,71721.45,50727.61,0.2927,0.1983,0.2784,8.3,211,3,0,male,tier_1_metro,grocery_kirana
APP_10541,39105.49,23228.39,0.406,0.2688,0.0,8.4,35,4,1,female,tier_2_urban,artisan_freelance
APP_10542,24580.17,10067.46,0.5904,0.3059,0.0,1.7,62,4,1,male,tier_2_urban,artisan_freelance
APP_10543,44916.35,18912.92,0.5789,0.3954,0.4446,6.7,64,12,1,male,tier_1_metro,artisan_freelance
APP_10544,55924.13,42759.09,0.2354,0.1658,0.4397,9.0,257,3,0,female,tier_2_urban,grocery_kirana
APP_10545,22163.32,8096.41,0.6347,0.2393,0.5377,13.5,92,4,0,male,tier_1_metro,gig_delivery
APP_10546,43428.1,19399.71,0.5533,0.3786,0.7405,1.0,59,3,0,female,tier_3_rural,artisan_freelance
APP_10547,33191.81,11730.23,0.6466,0.1912,0.0,6.9,102,3,1,male,tier_2_urban,gig_delivery
APP_10548,41337.61,19784.48,0.5214,0.2702,0.7277,18.4,362,3,0,male,tier_2_urban,street_food
APP_10549,47398.31,33758.76,0.2878,0.2166,0.0,5.2,165,2,1,female,tier_1_metro,grocery_kirana
APP_10550,55315.93,41508.22,0.2496,0.105,0.1863,5.6,167,2,1,female,tier_1_metro,grocery_kirana
APP_10551,39334.53,13974.63,0.6447,0.4292,0.6989,3.0,70,3,0,male,tier_1_metro,artisan_freelance
APP_10552,80348.15,63557.07,0.209,0.1992,0.6322,21.0,250,6,0,male,tier_3_rural,grocery_kirana
APP_10553,49175.45,23628.33,0.5195,0.1491,0.6246,24.6,371,6,1,male,tier_1_metro,street_food
APP_10554,64878.33,52118.39,0.1967,0.0997,0.0,3.3,347,12,1,female,tier_2_urban,grocery_kirana
APP_10555,30415.95,15018.65,0.5062,0.2048,0.3695,17.1,90,4,1,male,tier_1_metro,gig_delivery
APP_10556,33340.41,16940.92,0.4919,0.3295,0.1139,37.3,29,6,1,male,tier_1_metro,artisan_freelance
APP_10557,34406.33,15198.09,0.5583,0.3277,0.0,24.1,60,4,1,male,tier_1_metro,artisan_freelance
APP_10558,27645.68,10457.37,0.6217,0.232,0.6579,12.8,182,3,0,female,tier_1_metro,gig_delivery
APP_10559,30236.45,16633.78,0.4499,0.3639,0.5299,12.2,23,4,0,female,tier_2_urban,artisan_freelance
APP_10560,44988.24,34822.07,0.226,0.1482,0.3849,12.9,334,12,0,male,tier_1_metro,grocery_kirana
APP_10561,37834.43,17141.43,0.5469,0.4086,0.5525,2.1,30,4,0,male,tier_3_rural,artisan_freelance
APP_10562,31084.19,14341.57,0.5386,0.2817,0.0,8.0,185,4,1,female,tier_1_metro,gig_delivery
APP_10563,37947.65,15274.22,0.5975,0.3813,0.0,2.1,40,3,0,female,tier_1_metro,artisan_freelance
APP_10564,16850.76,6446.95,0.6174,0.5009,0.0,9.0,80,12,0,male,tier_3_rural,artisan_freelance
APP_10565,45387.2,35080.43,0.2271,0.2089,0.0,1.0,271,4,0,male,tier_1_metro,grocery_kirana
APP_10566,33217.92,19435.08,0.4149,0.2276,0.5897,2.8,427,4,1,female,tier_1_metro,street_food
APP_10567,39352.0,23364.46,0.4063,0.1932,0.0,1.1,197,4,0,female,tier_3_rural,street_food
APP_10568,46419.24,34782.51,0.2507,0.1876,0.0,55.6,181,3,1,male,tier_1_metro,grocery_kirana
APP_10569,25900.99,11917.67,0.5399,0.4876,0.4814,1.0,76,6,0,male,tier_3_rural,artisan_freelance
APP_10570,54051.19,37935.34,0.2982,0.1167,0.6018,7.0,310,4,0,female,tier_1_metro,grocery_kirana
APP_10571,24104.38,9822.37,0.5925,0.2963,0.0,14.8,197,6,1,male,tier_1_metro,gig_delivery
APP_10572,69540.02,48408.68,0.3039,0.1124,0.4909,20.4,236,4,1,male,tier_2_urban,grocery_kirana
APP_10573,25612.34,11698.31,0.5433,0.2752,0.0,10.2,343,4,1,male,tier_1_metro,street_food
APP_10574,27729.46,10336.79,0.6272,0.2665,0.445,9.2,173,2,0,male,tier_1_metro,gig_delivery
APP_10575,17869.77,6903.69,0.6137,0.1979,0.0,1.4,144,2,0,female,tier_3_rural,gig_delivery
APP_10576,22249.32,10550.92,0.5258,0.243,0.0,11.1,105,12,1,male,tier_1_metro,gig_delivery
APP_10577,30013.15,15759.21,0.4749,0.353,0.0,10.1,77,4,0,male,tier_2_urban,artisan_freelance
APP_10578,26478.29,10843.34,0.5905,0.1636,0.2271,7.0,180,9,1,female,tier_2_urban,gig_delivery
APP_10579,59719.68,41855.54,0.2991,0.1284,0.0,12.2,300,6,0,male,tier_2_urban,grocery_kirana
APP_10580,48985.05,34133.89,0.3032,0.1708,0.4969,17.8,223,9,0,male,tier_2_urban,grocery_kirana
APP_10581,34132.96,15676.16,0.5407,0.2038,0.4908,3.2,94,2,0,male,tier_3_rural,gig_delivery
APP_10582,57271.94,41539.58,0.2747,0.1221,0.4277,2.4,389,6,1,female,tier_1_metro,grocery_kirana
APP_10583,28486.22,12649.31,0.5559,0.1855,0.7049,13.4,187,2,0,male,tier_2_urban,gig_delivery
APP_10584,53884.21,40650.35,0.2456,0.1007,0.0,26.3,368,6,1,male,tier_2_urban,grocery_kirana
APP_10585,36032.97,21936.83,0.3912,0.2723,0.5578,59.6,368,4,1,female,tier_1_metro,street_food
APP_10586,41187.55,24153.17,0.4136,0.1214,0.2162,23.7,269,4,1,male,tier_3_rural,street_food
APP_10587,60246.77,41935.76,0.3039,0.0921,0.5847,7.2,161,9,0,female,tier_1_metro,grocery_kirana
APP_10588,48791.04,30535.91,0.3741,0.2763,0.0,19.5,405,9,1,female,tier_3_rural,street_food
APP_10589,72972.38,50220.56,0.3118,0.1747,0.478,1.5,227,9,0,female,tier_1_metro,grocery_kirana
APP_10590,78216.17,61781.25,0.2101,0.1678,0.1419,37.1,250,3,1,male,tier_2_urban,grocery_kirana
APP_10591,21256.95,11448.13,0.4614,0.4894,0.0,5.2,57,9,1,male,tier_2_urban,artisan_freelance
APP_10592,19838.76,9313.84,0.5305,0.3123,0.5396,14.4,174,4,1,male,tier_3_rural,gig_delivery
APP_10593,33515.64,16974.49,0.4935,0.2763,0.0,22.7,277,6,1,male,tier_1_metro,street_food
APP_10594,67658.31,53768.6,0.2053,0.2127,0.3038,14.8,212,4,1,male,tier_3_rural,grocery_kirana
APP_10595,52757.37,41237.35,0.2184,0.163,0.6038,13.1,242,12,1,female,tier_1_metro,grocery_kirana
APP_10596,51037.14,30843.46,0.3957,0.1294,0.7264,4.8,248,2,0,male,tier_1_metro,street_food
APP_10597,28273.24,13831.09,0.5108,0.4491,0.1326,7.2,36,3,1,male,tier_2_urban,artisan_freelance
APP_10598,33195.99,11110.6,0.6653,0.2955,0.5883,5.8,68,12,0,male,tier_2_urban,artisan_freelance
APP_10599,23822.88,9068.2,0.6193,0.1632,0.0,7.4,138,4,1,male,tier_3_rural,gig_delivery
APP_10600,25784.69,10216.98,0.6038,0.2624,0.0,9.9,174,6,0,male,tier_2_urban,gig_delivery
APP_10601,38018.3,19006.64,0.5001,0.1697,0.0,27.2,277,12,1,male,tier_3_rural,street_food
APP_10602,12000.0,5269.84,0.5608,0.4652,0.0,8.5,46,3,0,male,tier_1_metro,artisan_freelance
APP_10603,26874.32,12294.13,0.5425,0.3658,0.1127,19.8,55,6,0,male,tier_2_urban,artisan_freelance
APP_10604,44328.24,19976.0,0.5494,0.1883,0.4547,11.2,255,2,1,male,tier_3_rural,street_food
APP_10605,29056.98,12710.26,0.5626,0.2992,0.0,3.5,110,6,1,male,tier_2_urban,gig_delivery
APP_10606,24278.18,10676.22,0.5603,0.2355,0.1213,27.3,116,2,1,male,tier_3_rural,gig_delivery
APP_10607,31656.7,14380.52,0.5457,0.1828,0.1257,10.1,141,12,1,male,tier_2_urban,gig_delivery
APP_10608,26019.06,9807.06,0.6231,0.1512,0.6098,9.3,175,3,1,male,tier_3_rural,gig_delivery
APP_10609,46946.28,37318.4,0.2051,0.2048,0.1853,4.1,287,3,1,female,tier_2_urban,grocery_kirana
APP_10610,45378.06,20126.75,0.5565,0.2874,0.0,1.0,49,2,0,female,tier_2_urban,artisan_freelance
APP_10611,22181.55,11018.09,0.5033,0.2817,0.0,2.9,136,9,1,female,tier_3_rural,gig_delivery
APP_10612,43403.27,24244.55,0.4414,0.1664,0.3764,1.7,340,4,1,female,tier_2_urban,street_food
APP_10613,26336.78,10760.53,0.5914,0.2466,0.0,10.7,122,2,1,male,tier_2_urban,gig_delivery
APP_10614,15065.35,5527.27,0.6331,0.302,0.0,9.4,137,4,1,female,tier_1_metro,gig_delivery
APP_10615,24520.61,8783.14,0.6418,0.1597,0.2003,10.0,189,2,0,male,tier_2_urban,gig_delivery
APP_10616,24066.37,11027.83,0.5418,0.1429,0.5695,5.5,197,6,0,female,tier_1_metro,street_food
APP_10617,25143.63,8980.76,0.6428,0.29,0.5246,60.0,176,3,0,female,tier_3_rural,gig_delivery
APP_10618,38884.28,24632.63,0.3665,0.1447,0.0,6.2,306,4,0,male,tier_3_rural,street_food
APP_10619,25736.85,14948.73,0.4192,0.2723,0.0,1.3,63,6,1,female,tier_2_urban,artisan_freelance
APP_10620,30403.15,13035.16,0.5713,0.5229,0.691,38.8,85,4,0,female,tier_1_metro,artisan_freelance
APP_10621,29150.33,11603.12,0.602,0.2469,0.0,45.3,121,6,1,female,tier_1_metro,gig_delivery
APP_10622,28795.37,15051.64,0.4773,0.385,0.6953,18.5,38,6,0,female,tier_1_metro,artisan_freelance
APP_10623,32247.64,9718.58,0.6986,0.3363,0.0,7.3,58,12,0,female,tier_2_urban,artisan_freelance
APP_10624,54933.28,40405.93,0.2645,0.1118,0.1926,1.5,200,3,1,male,tier_2_urban,grocery_kirana
APP_10625,32892.56,14988.7,0.5443,0.1654,0.1826,13.2,162,4,0,male,tier_1_metro,gig_delivery
APP_10626,70439.51,56079.38,0.2039,0.1338,0.1824,1.0,228,3,0,male,tier_3_rural,grocery_kirana
APP_10627,25900.15,13678.03,0.4719,0.2597,0.3933,22.1,79,6,0,female,tier_2_urban,artisan_freelance
APP_10628,32897.23,23245.28,0.2934,0.1134,0.4065,19.4,326,3,0,male,tier_2_urban,grocery_kirana
APP_10629,65704.81,51707.09,0.213,0.1001,0.0,14.6,245,9,1,female,tier_2_urban,grocery_kirana
APP_10630,14764.28,6741.47,0.5434,0.2114,0.0,14.9,197,4,1,female,tier_3_rural,street_food
APP_10631,37914.16,12824.24,0.6618,0.3232,0.5827,36.4,73,6,1,male,tier_2_urban,artisan_freelance
APP_10632,29134.02,18171.4,0.3763,0.162,0.55,3.9,380,4,1,female,tier_1_metro,street_food
APP_10633,74128.99,50752.94,0.3153,0.2141,0.0,10.1,282,2,1,male,tier_2_urban,grocery_kirana
APP_10634,31402.54,14179.86,0.5484,0.3011,0.424,10.5,145,12,1,male,tier_1_metro,gig_delivery
APP_10635,36960.88,14550.36,0.6063,0.332,0.6229,3.7,39,6,0,female,tier_1_metro,artisan_freelance
APP_10636,59951.57,48758.13,0.1867,0.2128,0.0,3.0,257,4,1,female,tier_1_metro,grocery_kirana
APP_10637,47771.18,37102.65,0.2233,0.2165,0.6801,21.2,295,3,0,female,tier_1_metro,grocery_kirana
APP_10638,55687.13,27438.92,0.5073,0.1848,0.1972,6.7,431,9,0,male,tier_3_rural,street_food
APP_10639,40821.52,22484.14,0.4492,0.1212,0.0,18.8,224,4,1,female,tier_2_urban,street_food
APP_10640,37086.08,21913.94,0.4091,0.5031,0.7121,3.4,51,4,0,female,tier_3_rural,artisan_freelance
APP_10641,49836.29,39932.38,0.1987,0.2135,0.5742,1.0,216,9,0,female,tier_3_rural,grocery_kirana
APP_10642,16815.46,8808.02,0.4762,0.5133,0.344,4.8,29,6,0,female,tier_2_urban,artisan_freelance
APP_10643,37286.09,22455.53,0.3978,0.1542,0.2028,10.0,398,4,1,female,tier_2_urban,street_food
APP_10644,36204.94,20315.35,0.4389,0.1685,0.0,5.3,355,4,0,female,tier_2_urban,street_food
APP_10645,32105.51,14767.92,0.54,0.236,0.0,1.3,119,6,0,male,tier_1_metro,gig_delivery
APP_10646,29252.11,17654.21,0.3965,0.2217,0.0,1.0,437,3,1,male,tier_1_metro,street_food
APP_10647,36981.86,17649.42,0.5228,0.3488,0.0,28.2,62,3,1,male,tier_1_metro,artisan_freelance
APP_10648,29214.09,13951.41,0.5224,0.2506,0.0,33.7,395,2,1,male,tier_3_rural,street_food
APP_10649,52973.28,37120.99,0.2993,0.0874,0.0,15.2,206,6,1,female,tier_2_urban,grocery_kirana
APP_10650,64056.8,51124.33,0.2019,0.1853,0.0,11.8,229,3,1,male,tier_2_urban,grocery_kirana
APP_10651,57393.09,47045.65,0.1803,0.1165,0.5262,12.1,367,4,0,male,tier_3_rural,grocery_kirana
APP_10652,27851.01,11286.39,0.5948,0.2382,0.0,1.0,151,6,1,female,tier_1_metro,gig_delivery
APP_10653,41553.24,19331.38,0.5348,0.3389,0.3847,2.8,89,4,1,male,tier_1_metro,artisan_freelance
APP_10654,12000.0,6270.81,0.4774,0.3892,0.6547,36.8,58,4,1,male,tier_2_urban,artisan_freelance
APP_10655,55569.92,38816.8,0.3015,0.1791,0.6516,13.6,240,4,0,female,tier_1_metro,grocery_kirana
APP_10656,30023.42,12181.67,0.5943,0.2246,0.3784,25.2,192,4,0,female,tier_1_metro,gig_delivery
APP_10657,25500.93,10542.01,0.5866,0.2599,0.1299,23.0,101,4,1,female,tier_2_urban,gig_delivery
APP_10658,63592.21,51386.47,0.1919,0.2013,0.7301,4.8,392,6,1,male,tier_2_urban,grocery_kirana
APP_10659,33608.65,18179.4,0.4591,0.1413,0.6067,60.0,355,4,1,female,tier_3_rural,street_food
APP_10660,35751.96,19055.54,0.467,0.1982,0.2208,10.5,181,3,1,male,tier_2_urban,street_food
APP_10661,52623.2,39708.6,0.2454,0.0949,0.3782,8.0,268,4,1,female,tier_1_metro,grocery_kirana
APP_10662,41043.13,21399.03,0.4786,0.1705,0.0,8.2,307,3,1,female,tier_1_metro,street_food
APP_10663,26176.93,8643.0,0.6698,0.2901,0.5052,40.1,88,6,1,female,tier_1_metro,artisan_freelance
APP_10664,46977.63,23861.33,0.4921,0.138,0.6255,4.5,243,9,0,female,tier_3_rural,street_food
APP_10665,40958.19,21387.48,0.4778,0.1746,0.0,8.7,439,4,1,male,tier_1_metro,street_food
APP_10666,60622.9,44158.27,0.2716,0.2197,0.639,18.1,352,9,0,male,tier_1_metro,grocery_kirana
APP_10667,45165.46,15766.65,0.6509,0.5423,0.1927,1.0,65,3,0,female,tier_2_urban,artisan_freelance
APP_10668,34725.69,11674.87,0.6638,0.4043,0.3434,14.7,54,3,1,male,tier_1_metro,artisan_freelance
APP_10669,47621.16,32499.18,0.3175,0.2077,0.0,12.4,379,12,0,male,tier_1_metro,grocery_kirana
APP_10670,36684.87,23373.85,0.3628,0.2148,0.6042,27.4,248,4,1,male,tier_2_urban,street_food
APP_10671,37062.28,20653.91,0.4427,0.2455,0.0,4.5,189,12,1,female,tier_2_urban,street_food
APP_10672,63096.74,48751.55,0.2274,0.2079,0.1587,9.1,280,4,0,male,tier_1_metro,grocery_kirana
APP_10673,53085.22,40889.43,0.2297,0.1756,0.5873,16.8,386,9,1,male,tier_1_metro,grocery_kirana
APP_10674,28606.23,14219.71,0.5029,0.4501,0.4674,1.0,35,4,0,female,tier_3_rural,artisan_freelance
APP_10675,53224.73,39190.67,0.2637,0.2018,0.6591,50.5,244,12,1,male,tier_1_metro,grocery_kirana
APP_10676,37963.03,18075.32,0.5239,0.2379,0.0846,3.9,269,4,1,female,tier_1_metro,street_food
APP_10677,59449.69,45242.27,0.239,0.1974,0.3789,6.1,288,3,0,male,tier_1_metro,grocery_kirana
APP_10678,51293.31,25637.9,0.5002,0.3263,0.0649,1.0,82,3,0,male,tier_1_metro,artisan_freelance
APP_10679,23973.79,9395.12,0.6081,0.2374,0.5237,8.1,125,3,0,male,tier_2_urban,gig_delivery
APP_10680,62161.1,50177.1,0.1928,0.1859,0.5029,18.2,178,4,1,male,tier_3_rural,grocery_kirana
APP_10681,16881.73,6238.77,0.6304,0.1822,0.0,1.0,116,3,1,male,tier_3_rural,gig_delivery
APP_10682,43496.72,25869.7,0.4052,0.2647,0.1297,3.2,57,12,1,male,tier_1_metro,artisan_freelance
APP_10683,58558.92,39833.85,0.3198,0.1558,0.1436,12.7,398,6,1,female,tier_1_metro,grocery_kirana
APP_10684,43976.58,23476.85,0.4662,0.2387,0.4988,3.2,221,12,1,male,tier_1_metro,street_food
APP_10685,45985.91,22728.8,0.5057,0.2878,0.3409,5.1,65,3,0,female,tier_2_urban,artisan_freelance
APP_10686,62532.46,50598.91,0.1908,0.1518,0.0,1.6,302,3,1,female,tier_1_metro,grocery_kirana
APP_10687,48871.21,23821.29,0.5126,0.2126,0.3242,21.3,232,4,0,male,tier_1_metro,street_food
APP_10688,31229.01,15351.18,0.5084,0.2771,0.6905,42.0,182,3,1,male,tier_3_rural,gig_delivery
APP_10689,61168.75,47589.81,0.222,0.0827,0.0,1.0,278,3,1,female,tier_3_rural,grocery_kirana
APP_10690,43247.77,26227.79,0.3935,0.2194,0.4268,2.2,203,4,0,male,tier_1_metro,street_food
APP_10691,30451.33,11758.89,0.6138,0.2351,0.3436,3.3,159,6,0,male,tier_1_metro,gig_delivery
APP_10692,22901.34,8375.9,0.6343,0.2476,0.6745,12.6,177,9,0,male,tier_1_metro,gig_delivery
APP_10693,31216.65,12073.85,0.6132,0.2026,0.4075,36.8,122,6,1,male,tier_2_urban,gig_delivery
APP_10694,15346.91,5162.33,0.6636,0.309,0.0,15.0,67,9,1,female,tier_2_urban,artisan_freelance
APP_10695,25542.39,9296.21,0.636,0.1787,0.7486,11.0,83,12,1,female,tier_2_urban,gig_delivery
APP_10696,43187.2,32264.12,0.2529,0.1457,0.3585,5.1,184,3,0,male,tier_3_rural,grocery_kirana
APP_10697,29923.2,14544.09,0.514,0.1745,0.6988,10.1,168,6,1,female,tier_1_metro,gig_delivery
APP_10698,22095.71,9644.28,0.5635,0.2269,0.0,3.1,188,6,1,male,tier_2_urban,gig_delivery
APP_10699,38264.92,24125.19,0.3695,0.1467,0.0,24.1,359,12,0,male,tier_3_rural,street_food
APP_10700,45466.43,19951.46,0.5612,0.4531,0.0,13.9,63,6,0,male,tier_2_urban,artisan_freelance
APP_10701,27910.31,16656.3,0.4032,0.1262,0.0,7.9,264,6,1,male,tier_1_metro,street_food
APP_10702,41224.77,31352.69,0.2395,0.1278,0.4171,16.5,151,6,1,male,tier_1_metro,grocery_kirana
APP_10703,27168.01,10836.12,0.6011,0.3166,0.1028,3.6,178,9,0,female,tier_3_rural,gig_delivery
APP_10704,22486.98,8352.46,0.6286,0.2889,0.0,13.9,83,6,1,female,tier_3_rural,gig_delivery
APP_10705,32122.35,18116.09,0.436,0.19,0.0,8.4,285,6,1,male,tier_3_rural,street_food
APP_10706,62646.03,47211.88,0.2464,0.2026,0.2771,34.1,211,3,1,female,tier_2_urban,grocery_kirana
APP_10707,38941.52,28480.07,0.2686,0.1809,0.0,5.3,292,4,1,male,tier_2_urban,grocery_kirana
APP_10708,43178.6,25479.21,0.4099,0.1932,0.0,32.0,351,4,1,male,tier_1_metro,street_food
APP_10709,46356.49,21459.12,0.5371,0.2768,0.2792,12.7,293,6,1,female,tier_3_rural,street_food
APP_10710,52068.63,36721.15,0.2948,0.2199,0.1507,1.1,379,6,1,female,tier_2_urban,grocery_kirana
APP_10711,60211.55,45886.09,0.2379,0.175,0.3495,34.6,201,3,1,male,tier_2_urban,grocery_kirana
APP_10712,34260.59,16432.68,0.5204,0.3162,0.2168,1.0,88,12,1,male,tier_1_metro,gig_delivery
APP_10713,32141.49,12203.96,0.6203,0.4065,0.3106,23.7,48,6,1,male,tier_1_metro,artisan_freelance
APP_10714,46007.71,35522.02,0.2279,0.2174,0.4696,10.1,323,3,0,male,tier_1_metro,grocery_kirana
APP_10715,25892.32,10192.65,0.6063,0.304,0.3195,24.1,114,12,1,male,tier_2_urban,gig_delivery
APP_10716,25306.58,12438.34,0.5085,0.1705,0.4128,21.6,187,2,1,male,tier_1_metro,gig_delivery
APP_10717,52934.27,41600.03,0.2141,0.1228,0.4806,8.3,218,6,0,male,tier_2_urban,grocery_kirana
APP_10718,32107.58,15215.96,0.5261,0.2114,0.0,9.7,180,2,1,male,tier_2_urban,gig_delivery
APP_10719,31594.57,15191.56,0.5192,0.249,0.3272,60.0,146,3,1,male,tier_1_metro,gig_delivery
APP_10720,48763.05,27482.2,0.4364,0.2474,0.5424,31.0,365,6,1,male,tier_1_metro,street_food
APP_10721,53699.14,37916.68,0.2939,0.1801,0.5395,13.9,160,4,0,female,tier_1_metro,grocery_kirana
APP_10722,41894.3,33804.58,0.1931,0.0823,0.4231,4.5,171,6,0,male,tier_2_urban,grocery_kirana
APP_10723,29463.24,13703.26,0.5349,0.3536,0.292,9.9,49,4,0,female,tier_2_urban,artisan_freelance
APP_10724,72303.34,57832.36,0.2001,0.0812,0.5324,14.0,189,6,1,male,tier_3_rural,grocery_kirana
APP_10725,33901.01,19084.28,0.4371,0.204,0.0,19.4,349,4,1,male,tier_1_metro,street_food
APP_10726,32965.82,15639.13,0.5256,0.1631,0.2906,23.5,195,3,0,female,tier_2_urban,street_food
APP_10727,36374.41,15403.49,0.5765,0.3132,0.0,8.1,24,9,1,female,tier_1_metro,artisan_freelance
APP_10728,33303.27,14011.03,0.5793,0.4717,0.3426,15.5,47,3,1,female,tier_1_metro,artisan_freelance
APP_10729,24823.85,11557.35,0.5344,0.3964,0.0,34.0,49,2,1,male,tier_3_rural,artisan_freelance
APP_10730,55834.47,42333.11,0.2418,0.0983,0.5422,34.8,279,9,1,female,tier_1_metro,grocery_kirana
APP_10731,53213.09,26065.71,0.5102,0.1922,0.0,12.6,395,2,0,male,tier_1_metro,street_food
APP_10732,64531.08,52177.56,0.1914,0.1105,0.6389,34.5,335,6,0,female,tier_2_urban,grocery_kirana
APP_10733,49734.6,28991.22,0.4171,0.2724,0.2155,14.0,319,4,1,female,tier_2_urban,street_food
APP_10734,42100.42,32307.24,0.2326,0.0939,0.6433,8.6,290,2,0,female,tier_1_metro,grocery_kirana
APP_10735,33245.47,18135.75,0.4545,0.3407,0.1685,2.5,28,9,1,male,tier_1_metro,artisan_freelance
APP_10736,43747.34,22219.96,0.4921,0.187,0.0,6.7,409,3,1,male,tier_2_urban,street_food
APP_10737,30422.53,17995.88,0.4085,0.5065,0.0,14.0,67,6,1,female,tier_2_urban,artisan_freelance
APP_10738,33576.0,19766.58,0.4113,0.274,0.4958,4.8,318,9,1,female,tier_1_metro,street_food
APP_10739,35469.69,15183.02,0.5719,0.3154,0.0,13.3,171,12,1,male,tier_2_urban,gig_delivery
APP_10740,40911.11,27888.21,0.3183,0.1345,0.5435,60.0,249,3,1,male,tier_3_rural,grocery_kirana
APP_10741,23056.64,8759.67,0.6201,0.2938,0.0,4.6,191,4,1,male,tier_1_metro,gig_delivery
APP_10742,19781.98,9832.68,0.5029,0.2995,0.1808,17.0,143,4,1,male,tier_1_metro,gig_delivery
APP_10743,27170.9,13861.58,0.4898,0.3307,0.0,16.0,85,4,1,female,tier_1_metro,artisan_freelance
APP_10744,25529.51,12153.32,0.5239,0.2843,0.1349,1.0,104,3,0,male,tier_1_metro,gig_delivery
APP_10745,34708.37,19558.8,0.4365,0.4399,0.5721,6.4,37,6,0,female,tier_1_metro,artisan_freelance
APP_10746,30331.35,13344.17,0.5601,0.311,0.6963,10.3,149,12,0,male,tier_1_metro,gig_delivery
APP_10747,37779.79,22247.23,0.4111,0.2742,0.4947,33.4,36,6,0,female,tier_1_metro,artisan_freelance
APP_10748,41920.64,25563.95,0.3902,0.2488,0.7022,2.2,337,6,0,male,tier_1_metro,street_food
APP_10749,42381.25,19572.71,0.5382,0.1493,0.0,46.9,395,6,1,male,tier_1_metro,street_food
APP_10750,25209.57,7692.5,0.6949,0.4109,0.7466,2.2,30,6,0,male,tier_3_rural,artisan_freelance
APP_10751,36609.92,29948.31,0.182,0.1594,0.3381,1.0,376,12,1,female,tier_2_urban,grocery_kirana
APP_10752,34835.48,23915.8,0.3135,0.2064,0.6947,9.7,169,6,1,male,tier_1_metro,grocery_kirana
APP_10753,42545.36,24605.51,0.4217,0.4553,0.0,20.3,21,3,1,male,tier_1_metro,artisan_freelance
APP_10754,23761.05,8960.65,0.6229,0.2412,0.0,28.8,84,3,1,female,tier_1_metro,gig_delivery
APP_10755,21366.91,8890.03,0.5839,0.2972,0.3652,10.2,54,12,1,male,tier_2_urban,artisan_freelance
APP_10756,27966.76,12921.21,0.538,0.2866,0.6553,13.6,82,4,0,male,tier_1_metro,gig_delivery
APP_10757,47186.77,32520.23,0.3108,0.1089,0.6543,19.6,253,12,0,female,tier_2_urban,grocery_kirana
APP_10758,27693.23,11577.51,0.5819,0.1652,0.2928,4.9,155,6,1,male,tier_1_metro,gig_delivery
APP_10759,21138.74,12679.26,0.4002,0.5389,0.3787,8.3,66,4,0,male,tier_1_metro,artisan_freelance
APP_10760,41495.69,19479.17,0.5306,0.2315,0.0,5.4,393,12,1,female,tier_2_urban,street_food
APP_10761,56321.98,40166.53,0.2868,0.1923,0.3529,28.2,295,3,1,male,tier_1_metro,grocery_kirana
APP_10762,22027.86,9601.25,0.5641,0.1773,0.0,8.5,161,6,1,female,tier_1_metro,gig_delivery
APP_10763,34495.48,11868.08,0.656,0.4244,0.0,23.6,52,3,1,female,tier_1_metro,artisan_freelance
APP_10764,38182.86,17561.98,0.5401,0.2057,0.5036,26.4,337,4,1,male,tier_2_urban,street_food
APP_10765,63850.15,47950.34,0.249,0.1461,0.636,5.8,300,4,0,male,tier_3_rural,grocery_kirana
APP_10766,55963.68,41284.05,0.2623,0.2108,0.0,11.9,331,6,1,female,tier_1_metro,grocery_kirana
APP_10767,32729.19,19713.86,0.3977,0.247,0.0,10.5,280,4,1,male,tier_1_metro,street_food
APP_10768,59592.64,42415.45,0.2882,0.0949,0.0,2.6,293,4,0,male,tier_1_metro,grocery_kirana
APP_10769,38367.68,21404.0,0.4421,0.1691,0.4006,16.4,259,2,1,female,tier_1_metro,street_food
APP_10770,28275.46,16269.61,0.4246,0.3395,0.0,47.1,40,3,1,male,tier_2_urban,artisan_freelance
APP_10771,63044.18,48365.68,0.2328,0.1162,0.0,9.6,190,4,1,male,tier_1_metro,grocery_kirana
APP_10772,45624.01,28956.44,0.3653,0.2262,0.4881,9.4,438,12,0,male,tier_1_metro,street_food
APP_10773,22757.08,11701.07,0.4858,0.4668,0.3392,34.9,89,12,1,female,tier_2_urban,artisan_freelance
APP_10774,21337.83,7564.47,0.6455,0.455,0.0,24.1,65,6,1,female,tier_2_urban,artisan_freelance
APP_10775,55790.09,26295.8,0.5287,0.3067,0.2327,1.9,48,6,1,female,tier_3_rural,artisan_freelance
APP_10776,37769.58,23931.27,0.3664,0.1514,0.6292,12.3,288,9,0,male,tier_1_metro,street_food
APP_10777,27371.98,13769.42,0.497,0.1714,0.5259,11.0,295,4,1,male,tier_1_metro,street_food
APP_10778,66082.1,48091.5,0.2722,0.2185,0.6111,18.3,297,6,1,male,tier_3_rural,grocery_kirana
APP_10779,21746.88,9150.87,0.5792,0.1844,0.286,1.0,171,4,0,female,tier_1_metro,gig_delivery
APP_10780,32505.36,16577.08,0.49,0.2954,0.2647,15.4,50,3,1,male,tier_3_rural,artisan_freelance
APP_10781,46898.03,25314.9,0.4602,0.514,0.5876,5.3,45,3,0,male,tier_2_urban,artisan_freelance
APP_10782,73115.49,52795.68,0.2779,0.0957,0.0,22.7,208,4,1,male,tier_3_rural,grocery_kirana
APP_10783,33577.36,14439.73,0.57,0.2115,0.5779,29.2,87,6,1,male,tier_2_urban,gig_delivery
APP_10784,24190.79,10236.6,0.5768,0.2329,0.6542,60.0,178,4,1,female,tier_3_rural,gig_delivery
APP_10785,41834.89,25729.43,0.385,0.2276,0.0,18.1,360,12,1,male,tier_1_metro,street_food
APP_10786,79244.31,62729.62,0.2084,0.1844,0.4211,2.0,164,4,0,male,tier_3_rural,grocery_kirana
APP_10787,32601.0,11383.5,0.6508,0.2964,0.3995,18.3,69,4,1,male,tier_2_urban,artisan_freelance
APP_10788,26705.19,14332.58,0.4633,0.2239,0.2962,1.0,325,6,0,female,tier_1_metro,street_food
APP_10789,52134.85,38182.64,0.2676,0.0876,0.0,2.4,192,12,0,male,tier_1_metro,grocery_kirana
APP_10790,57214.54,44259.33,0.2264,0.1812,0.5131,3.3,306,12,0,female,tier_2_urban,grocery_kirana
APP_10791,31922.78,15404.34,0.5174,0.3149,0.0,3.9,123,9,0,male,tier_2_urban,gig_delivery
APP_10792,36223.12,22874.78,0.3685,0.1362,0.6207,38.8,347,3,0,male,tier_1_metro,street_food
APP_10793,50504.15,36521.08,0.2769,0.1018,0.7367,35.5,214,3,1,male,tier_1_metro,grocery_kirana
APP_10794,55642.49,43580.66,0.2168,0.1874,0.0,4.2,191,3,1,male,tier_2_urban,grocery_kirana
APP_10795,66659.31,51513.67,0.2272,0.1363,0.4013,16.0,173,4,0,male,tier_1_metro,grocery_kirana
APP_10796,28672.3,13288.77,0.5365,0.3084,0.3858,22.8,176,4,1,female,tier_2_urban,gig_delivery
APP_10797,63104.69,50390.49,0.2015,0.1313,0.3896,1.0,324,12,0,female,tier_2_urban,grocery_kirana
APP_10798,25941.76,12402.09,0.5219,0.4928,0.0,1.8,72,6,1,female,tier_2_urban,artisan_freelance
APP_10799,47825.83,21656.16,0.5472,0.2449,0.4945,9.8,291,4,1,male,tier_1_metro,street_food
APP_10800,26113.53,11093.7,0.5752,0.2152,0.0,2.4,99,3,1,female,tier_3_rural,gig_delivery
APP_10801,26987.99,12060.31,0.5531,0.2213,0.0,31.4,166,3,1,female,tier_2_urban,gig_delivery
APP_10802,48637.33,18137.93,0.6271,0.432,0.0,2.9,67,6,1,female,tier_2_urban,artisan_freelance
APP_10803,35052.43,20920.5,0.4032,0.2774,0.0,8.7,44,3,1,male,tier_1_metro,artisan_freelance
APP_10804,48974.61,40035.2,0.1825,0.136,0.4766,1.0,392,3,1,male,tier_1_metro,grocery_kirana
APP_10805,42913.0,29675.88,0.3085,0.1742,0.6013,3.4,355,6,0,female,tier_2_urban,grocery_kirana
APP_10806,55037.77,37568.84,0.3174,0.0936,0.4812,32.2,317,4,0,male,tier_1_metro,grocery_kirana
APP_10807,69759.88,48014.11,0.3117,0.1739,0.0,1.0,260,4,1,male,tier_3_rural,grocery_kirana
APP_10808,38027.65,15290.57,0.5979,0.1935,0.2767,13.1,139,4,0,male,tier_2_urban,gig_delivery
APP_10809,47594.69,22850.5,0.5199,0.2066,0.0,11.6,416,4,0,male,tier_2_urban,street_food
APP_10810,39899.2,21455.66,0.4623,0.4206,0.0,1.5,88,3,0,female,tier_2_urban,artisan_freelance
APP_10811,31847.85,13365.91,0.5803,0.1645,0.3369,2.2,88,4,0,female,tier_3_rural,gig_delivery
APP_10812,61276.48,47503.92,0.2248,0.2015,0.1566,4.9,174,3,0,male,tier_2_urban,grocery_kirana
APP_10813,30719.73,12238.26,0.6016,0.4606,0.0,1.0,65,4,0,male,tier_3_rural,artisan_freelance
APP_10814,21368.27,9195.17,0.5697,0.4012,0.1604,6.3,59,2,1,male,tier_1_metro,artisan_freelance
APP_10815,29073.16,11915.24,0.5902,0.2943,0.6711,10.4,112,2,0,female,tier_1_metro,gig_delivery
APP_10816,20020.34,10345.37,0.4833,0.53,0.4966,5.3,40,4,0,male,tier_3_rural,artisan_freelance
APP_10817,31435.4,15319.86,0.5127,0.2665,0.4419,10.0,194,3,1,male,tier_2_urban,gig_delivery
APP_10818,21205.15,13437.81,0.3663,0.1509,0.0,7.4,412,12,1,male,tier_3_rural,street_food
APP_10819,38832.23,17862.63,0.54,0.2658,0.226,54.0,68,4,1,female,tier_2_urban,artisan_freelance
APP_10820,19711.88,8609.62,0.5632,0.166,0.2084,2.6,135,4,1,male,tier_1_metro,gig_delivery
APP_10821,24883.4,13512.18,0.457,0.3882,0.7436,15.3,49,4,0,male,tier_2_urban,artisan_freelance
APP_10822,40470.07,21162.38,0.4771,0.2489,0.4399,28.4,259,3,1,male,tier_3_rural,street_food
APP_10823,32331.27,18337.45,0.4328,0.2317,0.0,17.3,237,6,1,male,tier_2_urban,street_food
APP_10824,38070.27,24459.93,0.3575,0.2111,0.0,48.4,241,3,1,male,tier_2_urban,street_food
APP_10825,29623.17,12970.04,0.5622,0.3875,0.0,3.3,74,12,1,male,tier_3_rural,artisan_freelance
APP_10826,37864.75,17473.18,0.5385,0.2861,0.4305,2.5,94,6,0,male,tier_1_metro,gig_delivery
APP_10827,38983.88,17499.25,0.5511,0.4991,0.494,13.4,31,4,1,male,tier_3_rural,artisan_freelance
APP_10828,29145.58,11611.03,0.6016,0.2394,0.5337,18.9,198,4,1,female,tier_1_metro,gig_delivery
APP_10829,40125.34,28253.64,0.2959,0.2155,0.6754,1.6,256,9,1,male,tier_2_urban,grocery_kirana
APP_10830,61400.15,44798.56,0.2704,0.2049,0.4874,13.9,220,9,0,female,tier_1_metro,grocery_kirana
APP_10831,22423.97,9337.61,0.5836,0.2762,0.2608,25.1,116,3,1,female,tier_3_rural,gig_delivery
APP_10832,50853.82,19416.98,0.6182,0.4401,0.0,8.2,61,6,1,female,tier_3_rural,artisan_freelance
APP_10833,22719.87,9805.18,0.5684,0.5047,0.666,8.1,27,9,1,male,tier_1_metro,artisan_freelance
APP_10834,41433.42,19619.21,0.5265,0.1526,0.328,45.1,199,9,1,male,tier_1_metro,street_food
APP_10835,64979.65,47276.14,0.2724,0.1532,0.1931,5.3,285,3,0,male,tier_2_urban,grocery_kirana
APP_10836,30546.76,15054.45,0.5072,0.2099,0.7403,2.9,155,6,1,female,tier_2_urban,gig_delivery
APP_10837,27097.29,13038.07,0.5188,0.2029,0.3512,6.8,127,4,0,male,tier_2_urban,gig_delivery
APP_10838,39143.6,21488.93,0.451,0.2781,0.0,1.0,295,4,0,male,tier_1_metro,street_food
APP_10839,28133.56,12959.97,0.5393,0.2241,0.0,18.3,141,9,0,male,tier_1_metro,gig_delivery
APP_10840,48424.52,26702.28,0.4486,0.1489,0.2892,9.4,363,3,1,female,tier_3_rural,street_food
APP_10841,33867.15,21502.03,0.3651,0.2189,0.0,6.7,312,6,1,female,tier_1_metro,street_food
APP_10842,67367.05,52860.49,0.2153,0.172,0.3717,12.7,227,3,1,male,tier_3_rural,grocery_kirana
APP_10843,67036.47,49909.51,0.2555,0.2156,0.6699,7.9,253,3,1,male,tier_2_urban,grocery_kirana
APP_10844,39633.42,23190.38,0.4149,0.2784,0.6455,9.7,81,6,1,male,tier_1_metro,artisan_freelance
APP_10845,25551.8,13539.35,0.4701,0.13,0.67,7.3,368,12,1,male,tier_1_metro,street_food
APP_10846,30848.9,16054.74,0.4796,0.4558,0.1663,41.4,36,4,1,male,tier_2_urban,artisan_freelance
APP_10847,28540.81,12956.8,0.546,0.4607,0.7391,10.8,64,9,0,female,tier_3_rural,artisan_freelance
APP_10848,63473.54,44726.92,0.2953,0.1707,0.3991,11.1,272,9,1,male,tier_3_rural,grocery_kirana
APP_10849,32953.73,13264.11,0.5975,0.2781,0.5588,1.7,96,4,0,female,tier_2_urban,gig_delivery
APP_10850,42115.74,31041.44,0.2629,0.1475,0.0,7.3,392,3,0,male,tier_1_metro,grocery_kirana
APP_10851,38648.66,17620.4,0.5441,0.138,0.2408,42.1,419,3,1,female,tier_2_urban,street_food
APP_10852,20831.93,8182.69,0.6072,0.2526,0.0,17.1,89,4,1,male,tier_1_metro,gig_delivery
APP_10853,17507.38,8128.13,0.5357,0.2161,0.5501,2.0,100,4,0,female,tier_2_urban,gig_delivery
APP_10854,35939.04,21766.27,0.3944,0.2449,0.6174,13.1,273,12,1,male,tier_2_urban,street_food
APP_10855,37442.93,16973.73,0.5467,0.2546,0.0812,15.0,191,4,0,female,tier_3_rural,street_food
APP_10856,60832.46,47503.56,0.2191,0.1288,0.4007,1.0,378,3,0,male,tier_2_urban,grocery_kirana
APP_10857,14615.73,5336.87,0.6349,0.5037,0.0,27.0,50,12,1,female,tier_1_metro,artisan_freelance
APP_10858,71180.64,56281.21,0.2093,0.1552,0.4571,3.6,183,6,0,male,tier_1_metro,grocery_kirana
APP_10859,30560.16,14309.19,0.5318,0.2847,0.0,15.8,95,4,1,female,tier_2_urban,gig_delivery
APP_10860,58028.49,41608.46,0.283,0.0912,0.0,25.8,285,3,1,male,tier_1_metro,grocery_kirana
APP_10861,60374.36,44819.1,0.2576,0.2062,0.7397,5.5,365,2,0,female,tier_3_rural,grocery_kirana
APP_10862,54988.56,44618.37,0.1886,0.18,0.0,2.9,217,3,0,male,tier_1_metro,grocery_kirana
APP_10863,68289.48,48301.47,0.2927,0.2154,0.0,10.2,241,4,0,female,tier_2_urban,grocery_kirana
APP_10864,28816.87,14445.31,0.4987,0.24,0.7159,4.2,231,4,0,female,tier_3_rural,street_food
APP_10865,44090.11,28430.22,0.3552,0.1656,0.0,4.7,272,3,0,male,tier_2_urban,street_food
APP_10866,57812.12,42486.08,0.2651,0.1365,0.2297,2.4,235,2,0,male,tier_2_urban,grocery_kirana
APP_10867,41544.29,20487.23,0.5069,0.4591,0.0,11.6,45,9,1,male,tier_1_metro,artisan_freelance
APP_10868,60520.65,47333.46,0.2179,0.1319,0.5644,9.8,237,6,1,female,tier_2_urban,grocery_kirana
APP_10869,39812.04,20605.82,0.4824,0.266,0.6307,1.3,265,6,0,male,tier_1_metro,street_food
APP_10870,43984.29,33168.63,0.2459,0.0869,0.5002,4.0,367,3,1,female,tier_1_metro,grocery_kirana
APP_10871,75774.04,58355.48,0.2299,0.1048,0.0,6.8,216,3,0,female,tier_3_rural,grocery_kirana
APP_10872,60227.97,47090.8,0.2181,0.0965,0.3224,20.5,305,6,1,female,tier_1_metro,grocery_kirana
APP_10873,42960.64,20175.09,0.5304,0.1914,0.3657,40.5,236,9,1,male,tier_2_urban,street_food
APP_10874,33035.6,15116.55,0.5424,0.3275,0.0,32.2,89,6,1,male,tier_1_metro,artisan_freelance
APP_10875,26161.21,12913.53,0.5064,0.1513,0.4103,20.2,334,4,0,male,tier_1_metro,street_food
APP_10876,34909.65,18854.67,0.4599,0.3614,0.7484,5.1,70,6,0,female,tier_2_urban,artisan_freelance
APP_10877,24464.96,10307.7,0.5787,0.2608,0.5578,10.9,178,4,1,male,tier_1_metro,gig_delivery
APP_10878,34569.22,16884.77,0.5116,0.2309,0.0,19.0,349,3,1,female,tier_3_rural,street_food
APP_10879,29079.18,12628.6,0.5657,0.289,0.0,15.3,110,2,1,male,tier_1_metro,gig_delivery
APP_10880,54123.91,26986.2,0.5014,0.5221,0.5177,4.1,74,3,0,male,tier_1_metro,artisan_freelance
APP_10881,35916.4,17163.62,0.5221,0.4533,0.4277,22.1,34,12,1,male,tier_2_urban,artisan_freelance
APP_10882,45776.46,27304.11,0.4035,0.1857,0.0,18.0,295,4,1,male,tier_2_urban,street_food
APP_10883,54840.34,43513.74,0.2065,0.2049,0.0,1.3,391,4,1,male,tier_1_metro,grocery_kirana
APP_10884,34792.68,21374.31,0.3857,0.1583,0.0,4.0,222,4,1,male,tier_1_metro,street_food
APP_10885,40157.65,20232.62,0.4962,0.2905,0.0,11.5,30,6,1,male,tier_3_rural,artisan_freelance
APP_10886,68602.88,52527.29,0.2343,0.1914,0.6979,19.8,298,9,0,male,tier_1_metro,grocery_kirana
APP_10887,24408.32,10988.62,0.5498,0.2766,0.728,22.0,161,3,0,male,tier_1_metro,gig_delivery
APP_10888,31402.25,11587.54,0.631,0.1571,0.6109,2.0,139,3,0,male,tier_2_urban,gig_delivery
APP_10889,20357.28,7556.38,0.6288,0.2577,0.0,29.1,103,3,1,male,tier_2_urban,gig_delivery
APP_10890,40814.13,26385.15,0.3535,0.2027,0.0,7.2,365,9,1,male,tier_1_metro,street_food
APP_10891,29619.04,13488.24,0.5446,0.2659,0.2986,1.1,82,4,1,male,tier_1_metro,gig_delivery
APP_10892,25589.19,10156.06,0.6031,0.491,0.3172,9.2,51,4,1,male,tier_1_metro,artisan_freelance
APP_10893,62908.65,45247.61,0.2807,0.1302,0.4719,6.7,271,12,0,female,tier_3_rural,grocery_kirana
APP_10894,32455.75,12340.56,0.6198,0.1954,0.5444,15.2,162,3,1,male,tier_2_urban,gig_delivery
APP_10895,29092.63,9572.0,0.671,0.2796,0.315,3.4,41,3,1,female,tier_3_rural,artisan_freelance
APP_10896,29378.48,13615.58,0.5365,0.2297,0.2424,20.7,95,9,1,male,tier_2_urban,gig_delivery
APP_10897,45381.11,36732.66,0.1906,0.1959,0.6539,1.0,314,12,1,female,tier_2_urban,grocery_kirana
APP_10898,71796.35,58699.24,0.1824,0.157,0.3031,23.0,215,12,0,male,tier_1_metro,grocery_kirana
APP_10899,35666.5,16481.85,0.5379,0.3171,0.4598,2.4,43,4,0,male,tier_3_rural,artisan_freelance
APP_10900,44490.0,24319.84,0.4534,0.5166,0.0,2.2,85,6,0,male,tier_2_urban,artisan_freelance
APP_10901,31918.57,12300.21,0.6146,0.2843,0.6827,27.7,114,12,1,female,tier_3_rural,gig_delivery
APP_10902,27991.97,11144.28,0.6019,0.1626,0.6359,60.0,94,6,1,male,tier_1_metro,gig_delivery
APP_10903,54889.81,39438.86,0.2815,0.096,0.0,5.1,213,6,1,male,tier_1_metro,grocery_kirana
APP_10904,47803.76,25600.68,0.4645,0.2799,0.0,1.0,239,6,1,male,tier_3_rural,street_food
APP_10905,52799.08,38873.52,0.2637,0.1643,0.5052,4.7,186,4,0,male,tier_2_urban,grocery_kirana
APP_10906,50833.76,40880.63,0.1958,0.2018,0.0,1.0,339,9,1,male,tier_1_metro,grocery_kirana
APP_10907,64249.63,47257.1,0.2645,0.1929,0.0,18.7,379,3,1,female,tier_1_metro,grocery_kirana
APP_10908,40086.59,25617.37,0.3609,0.1768,0.0,12.8,244,12,0,male,tier_2_urban,street_food
APP_10909,54702.01,42754.12,0.2184,0.136,0.0,39.1,236,4,1,female,tier_2_urban,grocery_kirana
APP_10910,36079.57,15688.71,0.5652,0.4978,0.0,1.9,73,4,1,male,tier_1_metro,artisan_freelance
APP_10911,40840.2,25675.82,0.3713,0.2301,0.7353,4.1,420,6,0,female,tier_2_urban,street_food
APP_10912,77295.14,59429.77,0.2311,0.155,0.5894,22.5,213,3,1,female,tier_2_urban,grocery_kirana
APP_10913,43596.14,16486.21,0.6218,0.3779,0.3357,11.6,40,6,0,female,tier_2_urban,artisan_freelance
APP_10914,33566.54,12008.06,0.6423,0.4026,0.0,3.8,20,3,1,male,tier_1_metro,artisan_freelance
APP_10915,49971.07,34452.52,0.3106,0.2003,0.2172,23.2,158,4,1,male,tier_2_urban,grocery_kirana
APP_10916,44023.38,26554.0,0.3968,0.1296,0.0994,3.4,211,6,0,male,tier_1_metro,street_food
APP_10917,44571.21,22944.43,0.4852,0.1848,0.7399,10.0,194,2,1,female,tier_2_urban,street_food
APP_10918,25000.09,10178.33,0.5929,0.1771,0.6588,12.3,99,12,1,male,tier_1_metro,gig_delivery
APP_10919,21698.58,9169.7,0.5774,0.4658,0.6694,10.1,45,12,0,female,tier_1_metro,artisan_freelance
APP_10920,66381.02,51552.74,0.2234,0.1511,0.0,1.0,219,3,1,male,tier_3_rural,grocery_kirana
APP_10921,27249.97,14496.23,0.468,0.5294,0.7235,16.4,36,12,0,female,tier_1_metro,artisan_freelance
APP_10922,22581.45,9569.45,0.5762,0.275,0.0,33.6,104,4,1,female,tier_3_rural,gig_delivery
APP_10923,39843.97,20847.25,0.4768,0.1315,0.0,23.6,198,12,0,male,tier_2_urban,street_food
APP_10924,24959.12,9620.72,0.6145,0.3445,0.0,12.1,85,2,1,male,tier_2_urban,artisan_freelance
APP_10925,47490.51,32572.93,0.3141,0.1504,0.3631,18.5,354,4,0,male,tier_1_metro,grocery_kirana
APP_10926,19503.34,10034.97,0.4855,0.3935,0.0,20.5,73,9,1,male,tier_3_rural,artisan_freelance
APP_10927,28452.02,16982.51,0.4031,0.2428,0.4869,8.8,311,4,1,female,tier_2_urban,street_food
APP_10928,48156.23,38480.88,0.2009,0.1514,0.0,32.3,318,3,1,female,tier_1_metro,grocery_kirana
APP_10929,20208.92,6487.03,0.679,0.3651,0.1761,9.2,53,4,1,female,tier_1_metro,artisan_freelance
APP_10930,27686.63,11843.28,0.5722,0.2657,0.543,1.0,151,2,0,male,tier_2_urban,gig_delivery
APP_10931,71907.06,52486.99,0.2701,0.1168,0.6829,3.7,235,4,0,female,tier_3_rural,grocery_kirana
APP_10932,41348.58,22881.76,0.4466,0.1866,0.2071,1.0,344,12,1,female,tier_2_urban,street_food
APP_10933,35595.36,11458.1,0.6781,0.4445,0.3172,6.7,71,6,0,male,tier_2_urban,artisan_freelance
APP_10934,39721.77,22546.5,0.4324,0.2695,0.2996,2.6,419,6,1,female,tier_2_urban,street_food
APP_10935,44132.41,21179.04,0.5201,0.2605,0.0,1.0,318,3,1,male,tier_1_metro,street_food
APP_10936,75455.11,54498.97,0.2777,0.1693,0.1917,14.9,251,4,1,male,tier_2_urban,grocery_kirana
APP_10937,20918.88,9340.76,0.5535,0.2977,0.5443,11.8,77,9,1,female,tier_1_metro,artisan_freelance
APP_10938,33871.54,15382.85,0.5458,0.2508,0.0,15.6,93,3,1,male,tier_1_metro,gig_delivery
APP_10939,25733.56,15077.57,0.4141,0.4199,0.0,29.9,36,3,0,female,tier_3_rural,artisan_freelance
APP_10940,29268.11,10360.77,0.646,0.2844,0.5461,9.0,160,4,0,male,tier_2_urban,gig_delivery
APP_10941,45888.97,34758.68,0.2425,0.081,0.6215,30.6,161,2,1,female,tier_1_metro,grocery_kirana
APP_10942,41840.35,32593.89,0.221,0.1325,0.0,10.6,198,12,1,female,tier_3_rural,grocery_kirana
APP_10943,35969.75,15828.2,0.56,0.3121,0.1551,28.6,94,9,0,male,tier_1_metro,gig_delivery
APP_10944,51922.12,24374.01,0.5306,0.2561,0.7469,1.7,378,4,1,male,tier_2_urban,street_food
APP_10945,46466.67,37610.67,0.1906,0.1608,0.5721,7.5,323,2,0,male,tier_1_metro,grocery_kirana
APP_10946,16028.09,6214.08,0.6123,0.2907,0.1774,2.0,133,12,0,female,tier_1_metro,gig_delivery
APP_10947,74193.65,53855.72,0.2741,0.1512,0.0834,38.2,182,3,0,male,tier_2_urban,grocery_kirana
APP_10948,28477.8,12943.7,0.5455,0.223,0.5175,22.9,168,4,1,female,tier_3_rural,gig_delivery
APP_10949,28445.11,12648.17,0.5553,0.2953,0.315,3.9,140,6,1,female,tier_2_urban,gig_delivery
APP_10950,29728.94,9556.3,0.6786,0.4239,0.4506,17.1,86,3,0,female,tier_1_metro,artisan_freelance
APP_10951,36865.94,17910.65,0.5142,0.1578,0.0908,2.9,236,6,1,female,tier_1_metro,street_food
APP_10952,29522.91,13208.66,0.5526,0.2141,0.2457,25.3,178,4,1,female,tier_1_metro,gig_delivery
APP_10953,38265.38,21796.62,0.4304,0.4528,0.5051,4.0,56,4,1,female,tier_2_urban,artisan_freelance
APP_10954,25788.62,13991.45,0.4575,0.4013,0.5109,3.9,35,4,0,male,tier_3_rural,artisan_freelance
APP_10955,40624.02,23417.28,0.4236,0.3569,0.0,3.6,71,4,0,female,tier_2_urban,artisan_freelance
APP_10956,44562.66,31183.83,0.3002,0.1781,0.2951,9.5,204,6,0,male,tier_2_urban,grocery_kirana
APP_10957,42972.08,25266.69,0.412,0.5453,0.0986,1.0,52,9,1,male,tier_3_rural,artisan_freelance
APP_10958,39581.78,18355.48,0.5363,0.509,0.0,4.3,81,12,1,male,tier_1_metro,artisan_freelance
APP_10959,20300.04,8783.93,0.5673,0.2414,0.0,4.3,163,4,1,male,tier_1_metro,gig_delivery
APP_10960,33656.1,20012.03,0.4054,0.5298,0.0,22.2,68,3,1,female,tier_2_urban,artisan_freelance
APP_10961,86263.64,69099.83,0.199,0.1427,0.6663,10.5,218,6,0,female,tier_1_metro,grocery_kirana
APP_10962,31707.84,14359.38,0.5471,0.2859,0.5138,8.5,52,3,1,male,tier_2_urban,artisan_freelance
APP_10963,44200.92,23816.23,0.4612,0.1846,0.0,10.3,386,12,0,male,tier_2_urban,street_food
APP_10964,42877.1,24041.0,0.4393,0.4303,0.1847,3.9,53,4,0,female,tier_1_metro,artisan_freelance
APP_10965,63299.42,43712.73,0.3094,0.153,0.4587,7.9,221,3,0,female,tier_3_rural,grocery_kirana
APP_10966,46982.28,35212.43,0.2505,0.1056,0.0,35.6,277,3,1,male,tier_2_urban,grocery_kirana
APP_10967,57320.55,39985.76,0.3024,0.16,0.0,5.7,252,4,0,female,tier_3_rural,grocery_kirana
APP_10968,34944.97,19330.27,0.4468,0.2237,0.1017,12.5,331,9,1,male,tier_2_urban,street_food
APP_10969,50046.33,27283.71,0.4548,0.1653,0.1689,1.3,445,3,0,male,tier_1_metro,street_food
APP_10970,23230.69,10372.31,0.5535,0.2507,0.0,1.0,172,4,1,female,tier_2_urban,gig_delivery
APP_10971,59591.84,46891.11,0.2131,0.2046,0.6873,5.4,253,3,0,female,tier_1_metro,grocery_kirana
APP_10972,26084.53,11847.25,0.5458,0.4492,0.7392,29.9,29,6,0,male,tier_1_metro,artisan_freelance
APP_10973,30196.32,17115.8,0.4332,0.2353,0.5948,1.6,298,3,0,female,tier_2_urban,street_food
APP_10974,23273.66,8464.56,0.6363,0.3433,0.7421,1.0,28,4,0,male,tier_2_urban,artisan_freelance
APP_10975,60776.25,43871.85,0.2781,0.0959,0.5329,1.8,258,4,1,female,tier_1_metro,grocery_kirana
APP_10976,46308.85,26303.21,0.432,0.1971,0.2776,1.0,195,4,1,female,tier_3_rural,street_food
APP_10977,56117.9,42255.76,0.247,0.1041,0.0,4.7,359,12,1,female,tier_3_rural,grocery_kirana
APP_10978,51938.63,28636.1,0.4487,0.3959,0.1803,3.1,76,9,1,male,tier_1_metro,artisan_freelance
APP_10979,24722.7,8711.84,0.6476,0.2752,0.3028,40.8,137,3,1,male,tier_3_rural,gig_delivery
APP_10980,28757.03,13236.22,0.5397,0.3087,0.2749,13.8,114,12,1,male,tier_1_metro,gig_delivery
APP_10981,34239.43,16152.79,0.5282,0.2009,0.0,1.5,262,12,1,female,tier_1_metro,street_food
APP_10982,44291.25,24197.87,0.4537,0.1939,0.337,4.7,423,6,1,female,tier_1_metro,street_food
APP_10983,26404.54,10004.18,0.6211,0.271,0.0,17.4,70,6,1,male,tier_1_metro,artisan_freelance
APP_10984,18591.36,8621.47,0.5363,0.2321,0.2661,6.0,155,3,1,female,tier_1_metro,gig_delivery
APP_10985,29044.98,10388.76,0.6423,0.3569,0.0,9.0,43,4,1,female,tier_3_rural,artisan_freelance
APP_10986,38058.9,22959.99,0.3967,0.1855,0.0,5.3,240,3,1,female,tier_1_metro,street_food
APP_10987,26171.62,14470.3,0.4471,0.1965,0.0,2.7,290,9,1,male,tier_1_metro,street_food
APP_10988,34510.38,16119.62,0.5329,0.1381,0.0,9.8,325,2,1,female,tier_2_urban,street_food
APP_10989,25684.31,14051.28,0.4529,0.4938,0.0,2.0,87,6,1,female,tier_2_urban,artisan_freelance
APP_10990,53212.63,42624.79,0.199,0.1526,0.1975,34.5,227,12,1,male,tier_1_metro,grocery_kirana
APP_10991,61103.89,47595.73,0.2211,0.1487,0.5107,7.3,372,3,0,male,tier_1_metro,grocery_kirana
APP_10992,44551.46,20632.0,0.5369,0.3012,0.5274,1.0,67,9,1,female,tier_2_urban,artisan_freelance
APP_10993,49027.93,34339.35,0.2996,0.1894,0.0,11.7,176,3,0,female,tier_2_urban,grocery_kirana
APP_10994,58424.79,40446.57,0.3077,0.2125,0.2081,8.1,259,4,0,male,tier_2_urban,grocery_kirana
APP_10995,56679.92,42186.53,0.2557,0.2155,0.37,50.1,241,6,1,male,tier_1_metro,grocery_kirana
APP_10996,26475.16,13200.61,0.5014,0.2252,0.5301,11.0,89,12,1,male,tier_3_rural,gig_delivery
APP_10997,62353.49,48174.46,0.2274,0.1463,0.5779,16.7,280,6,0,female,tier_1_metro,grocery_kirana
APP_10998,42014.87,19174.65,0.5436,0.2447,0.7344,12.8,378,6,1,male,tier_2_urban,street_food
APP_10999,23682.15,9370.75,0.6043,0.2903,0.0,15.5,173,4,1,male,tier_2_urban,gig_delivery
APP_11000,26332.44,9957.29,0.6219,0.2951,0.4206,25.1,80,6,1,male,tier_2_urban,gig_delivery
APP_11001,56724.17,39133.03,0.3101,0.168,0.0,11.3,336,4,0,female,tier_1_metro,grocery_kirana
APP_11002,24830.63,11460.73,0.5384,0.1824,0.0,7.4,197,4,0,male,tier_3_rural,gig_delivery
APP_11003,49221.55,24707.65,0.498,0.4735,0.7153,3.0,56,9,0,male,tier_1_metro,artisan_freelance
APP_11004,28799.0,14212.35,0.5065,0.3462,0.1119,1.8,55,6,0,male,tier_3_rural,artisan_freelance
APP_11005,26139.17,20894.52,0.2006,0.0842,0.2936,29.1,351,4,1,male,tier_1_metro,grocery_kirana
APP_11006,48111.01,34342.9,0.2862,0.1648,0.7213,1.0,187,4,1,male,tier_1_metro,grocery_kirana
APP_11007,29188.75,16597.63,0.4314,0.5143,0.6564,9.8,60,4,0,male,tier_2_urban,artisan_freelance
APP_11008,18154.75,6494.61,0.6423,0.2932,0.4248,45.7,148,3,1,female,tier_3_rural,gig_delivery
APP_11009,35667.46,15543.1,0.5642,0.2693,0.2826,2.5,20,3,0,male,tier_3_rural,artisan_freelance
APP_11010,12000.0,4898.21,0.5918,0.2887,0.395,4.9,79,4,0,male,tier_2_urban,artisan_freelance
APP_11011,52488.2,40295.42,0.2323,0.1738,0.4033,34.3,337,4,1,male,tier_1_metro,grocery_kirana
APP_11012,24406.67,9313.74,0.6184,0.1553,0.0,8.2,125,6,0,male,tier_2_urban,gig_delivery
APP_11013,40532.02,14947.9,0.6312,0.3292,0.2875,1.0,39,3,1,male,tier_2_urban,artisan_freelance
APP_11014,23350.65,8351.65,0.6423,0.1918,0.0,13.1,96,6,1,male,tier_2_urban,gig_delivery
APP_11015,78692.76,60091.84,0.2364,0.1091,0.4227,3.0,200,2,0,male,tier_2_urban,grocery_kirana
APP_11016,30487.93,14379.0,0.5284,0.2475,0.6783,11.3,111,12,1,male,tier_1_metro,gig_delivery
APP_11017,23639.08,12847.48,0.4565,0.2669,0.0,6.1,80,6,1,female,tier_1_metro,artisan_freelance
APP_11018,44793.14,24335.07,0.4567,0.271,0.3143,9.4,298,6,1,female,tier_2_urban,street_food
APP_11019,20627.4,8727.73,0.5769,0.1955,0.6771,13.5,184,3,0,male,tier_3_rural,gig_delivery
APP_11020,68157.21,50577.05,0.2579,0.1704,0.5728,9.6,184,6,1,male,tier_3_rural,grocery_kirana
APP_11021,30469.84,12746.47,0.5817,0.1786,0.0,15.9,179,9,1,female,tier_1_metro,gig_delivery
APP_11022,61661.59,44467.95,0.2788,0.1128,0.0,8.5,305,6,1,female,tier_1_metro,grocery_kirana
APP_11023,23702.74,10377.46,0.5622,0.5049,0.3561,18.4,36,3,1,male,tier_2_urban,artisan_freelance
APP_11024,27635.94,11684.47,0.5772,0.168,0.5573,10.3,81,4,1,female,tier_1_metro,gig_delivery
APP_11025,53515.75,41649.81,0.2217,0.1392,0.33,1.8,354,4,1,female,tier_1_metro,grocery_kirana
APP_11026,32532.12,15588.23,0.5208,0.4266,0.3502,16.1,28,4,0,male,tier_2_urban,artisan_freelance
APP_11027,31433.12,17276.65,0.4504,0.2445,0.0,11.5,240,2,1,female,tier_2_urban,street_food
APP_11028,41622.13,33578.1,0.1933,0.2166,0.2441,6.0,310,3,0,male,tier_2_urban,grocery_kirana
APP_11029,47575.29,24055.96,0.4944,0.1328,0.3469,23.3,355,6,1,male,tier_2_urban,street_food
APP_11030,23884.41,15230.58,0.3623,0.146,0.2627,1.0,302,9,0,male,tier_2_urban,street_food
APP_11031,34910.07,13723.44,0.6069,0.3404,0.0,11.9,31,3,1,male,tier_1_metro,artisan_freelance
APP_11032,24254.9,14713.92,0.3934,0.2271,0.1823,2.7,395,3,1,male,tier_1_metro,street_food
APP_11033,40566.36,29873.22,0.2636,0.1394,0.3766,6.2,204,6,1,female,tier_3_rural,grocery_kirana
APP_11034,17351.12,6885.16,0.6032,0.2969,0.0,2.8,146,4,1,male,tier_2_urban,gig_delivery
APP_11035,39276.34,24854.77,0.3672,0.2343,0.5574,8.2,411,4,1,male,tier_1_metro,street_food
APP_11036,61377.79,49053.89,0.2008,0.1576,0.5161,1.5,228,6,1,female,tier_1_metro,grocery_kirana
APP_11037,21586.08,9790.48,0.5464,0.2628,0.5056,17.0,135,4,1,female,tier_2_urban,gig_delivery
APP_11038,24003.41,10447.51,0.5647,0.289,0.3955,31.8,80,12,1,male,tier_1_metro,gig_delivery
APP_11039,26626.23,14292.64,0.4632,0.3183,0.1887,1.0,52,12,1,female,tier_1_metro,artisan_freelance
APP_11040,27535.3,11906.1,0.5676,0.2781,0.0,5.8,112,9,1,male,tier_3_rural,gig_delivery
APP_11041,39281.06,19970.9,0.4916,0.2092,0.0,2.6,330,9,1,female,tier_2_urban,street_food
APP_11042,34567.63,16297.87,0.5285,0.1934,0.3051,9.6,267,4,0,female,tier_1_metro,street_food
APP_11043,29347.04,14259.77,0.5141,0.1994,0.0,7.3,146,12,1,male,tier_2_urban,gig_delivery
APP_11044,23313.1,9979.91,0.5719,0.2124,0.0,1.0,136,2,1,male,tier_2_urban,gig_delivery
APP_11045,31326.52,14714.4,0.5303,0.2092,0.0,25.1,234,12,0,male,tier_3_rural,street_food
APP_11046,21610.64,9715.62,0.5504,0.2024,0.0,10.1,110,2,1,male,tier_1_metro,gig_delivery
APP_11047,67288.88,51425.19,0.2358,0.1496,0.2781,2.1,287,6,1,male,tier_3_rural,grocery_kirana
APP_11048,36244.91,22869.86,0.369,0.1287,0.7054,17.6,266,9,0,female,tier_3_rural,street_food
APP_11049,55236.42,43363.49,0.2149,0.2029,0.0,45.6,397,6,0,male,tier_1_metro,grocery_kirana
APP_11050,44576.19,25283.31,0.4328,0.3692,0.0,2.6,80,4,0,female,tier_1_metro,artisan_freelance
APP_11051,29030.28,13331.98,0.5408,0.1862,0.5742,1.1,132,3,1,male,tier_1_metro,gig_delivery
APP_11052,28014.93,11188.44,0.6006,0.4129,0.0,49.8,53,4,0,male,tier_1_metro,artisan_freelance
APP_11053,41889.37,24913.8,0.4052,0.2468,0.0,41.0,301,6,1,male,tier_2_urban,street_food
APP_11054,33971.47,24971.19,0.2649,0.2103,0.6753,3.6,169,3,0,female,tier_3_rural,grocery_kirana
APP_11055,31114.17,17151.07,0.4488,0.2739,0.6581,13.2,397,4,0,female,tier_3_rural,street_food
APP_11056,48200.42,37910.13,0.2135,0.1902,0.1992,5.5,280,4,0,male,tier_2_urban,grocery_kirana
APP_11057,65150.08,46845.36,0.281,0.1721,0.0,18.3,165,4,1,male,tier_1_metro,grocery_kirana
APP_11058,33135.17,13658.11,0.5878,0.2431,0.7389,7.8,92,6,1,male,tier_1_metro,gig_delivery
APP_11059,16193.96,8393.78,0.4817,0.3652,0.0,2.3,66,2,1,male,tier_2_urban,artisan_freelance
APP_11060,48589.65,39594.34,0.1851,0.1074,0.6063,7.3,221,9,1,female,tier_1_metro,grocery_kirana
APP_11061,13484.35,7703.12,0.4287,0.1507,0.0,20.7,437,3,1,male,tier_1_metro,street_food
APP_11062,73339.85,50268.1,0.3146,0.1443,0.0,4.1,238,6,0,male,tier_3_rural,grocery_kirana
APP_11063,26949.26,9462.07,0.6489,0.4612,0.4188,11.9,70,2,1,male,tier_1_metro,artisan_freelance
APP_11064,47340.91,25746.87,0.4561,0.1608,0.0,2.9,300,6,1,male,tier_1_metro,street_food
APP_11065,27009.54,11447.06,0.5762,0.2399,0.0,24.1,169,4,0,female,tier_2_urban,gig_delivery
APP_11066,32788.52,16234.4,0.5049,0.3378,0.5862,5.9,31,3,0,female,tier_1_metro,artisan_freelance
APP_11067,29159.13,10215.27,0.6497,0.3324,0.0,1.0,79,6,0,male,tier_1_metro,artisan_freelance
APP_11068,43486.86,26978.37,0.3796,0.2394,0.0,7.4,371,4,0,male,tier_2_urban,street_food
APP_11069,16231.35,7570.84,0.5336,0.3085,0.643,34.8,122,2,1,male,tier_3_rural,gig_delivery
APP_11070,46107.57,26333.5,0.4289,0.1202,0.0,3.5,187,2,1,male,tier_1_metro,street_food
APP_11071,47698.94,23137.55,0.5149,0.2173,0.5418,3.0,383,4,1,female,tier_1_metro,street_food
APP_11072,60983.26,42367.1,0.3053,0.0965,0.0,23.3,232,6,1,male,tier_1_metro,grocery_kirana
APP_11073,39537.36,19282.69,0.5123,0.3194,0.247,5.1,88,4,0,male,tier_3_rural,artisan_freelance
APP_11074,42037.07,24696.41,0.4125,0.2663,0.0,2.9,410,12,0,male,tier_1_metro,street_food
APP_11075,33435.49,17555.0,0.475,0.1738,0.0,12.9,314,2,1,male,tier_1_metro,street_food
APP_11076,43124.5,20780.8,0.5181,0.1957,0.0,5.4,208,12,1,male,tier_1_metro,street_food
APP_11077,25315.49,9830.94,0.6117,0.3151,0.2992,2.9,168,6,0,male,tier_1_metro,gig_delivery
APP_11078,47426.34,34045.83,0.2821,0.1286,0.0,14.7,363,4,1,female,tier_2_urban,grocery_kirana
APP_11079,40184.3,18969.5,0.5279,0.1905,0.3853,19.4,208,6,1,male,tier_3_rural,street_food
APP_11080,57937.47,33886.69,0.4151,0.2774,0.182,30.0,321,4,0,female,tier_1_metro,street_food
APP_11081,35799.03,16667.68,0.5344,0.1367,0.1824,31.4,233,9,1,female,tier_1_metro,street_food
APP_11082,20114.99,7507.12,0.6268,0.4421,0.0,5.4,68,6,1,male,tier_1_metro,artisan_freelance
APP_11083,26029.63,10996.42,0.5775,0.2717,0.5439,23.4,62,9,1,female,tier_1_metro,artisan_freelance
APP_11084,40202.32,15482.01,0.6149,0.4508,0.174,14.4,60,3,0,male,tier_3_rural,artisan_freelance
APP_11085,44538.45,28608.28,0.3577,0.2194,0.0,5.0,248,2,1,female,tier_1_metro,street_food
APP_11086,32666.67,16179.25,0.5047,0.2735,0.2748,28.7,89,4,1,female,tier_2_urban,gig_delivery
APP_11087,28288.34,16450.61,0.4185,0.2432,0.0,30.0,226,4,1,male,tier_1_metro,street_food
APP_11088,76192.6,56313.74,0.2609,0.1849,0.1847,4.8,306,4,0,male,tier_3_rural,grocery_kirana
APP_11089,59860.5,31123.28,0.4801,0.5289,0.3857,10.6,86,12,0,male,tier_2_urban,artisan_freelance
APP_11090,28347.19,16211.84,0.4281,0.4804,0.3117,5.2,62,6,1,female,tier_1_metro,artisan_freelance
APP_11091,38939.84,17681.18,0.5459,0.2924,0.523,18.8,153,4,1,male,tier_1_metro,gig_delivery
APP_11092,42849.45,32365.49,0.2447,0.1983,0.2727,5.9,357,6,1,female,tier_1_metro,grocery_kirana
APP_11093,57682.93,45060.97,0.2188,0.2195,0.4606,1.0,378,9,1,male,tier_1_metro,grocery_kirana
APP_11094,76706.34,54353.33,0.2914,0.1276,0.0,20.1,203,4,0,female,tier_3_rural,grocery_kirana
APP_11095,42486.15,23049.77,0.4575,0.2545,0.0,5.5,232,9,1,female,tier_2_urban,street_food
APP_11096,34620.76,25568.78,0.2615,0.0877,0.0,3.5,172,2,1,male,tier_3_rural,grocery_kirana
APP_11097,27161.72,8781.59,0.6767,0.3778,0.0,11.3,70,4,1,male,tier_1_metro,artisan_freelance
APP_11098,59781.38,47851.35,0.1996,0.0935,0.6192,17.2,224,9,0,female,tier_2_urban,grocery_kirana
APP_11099,57944.85,43761.32,0.2448,0.1929,0.1541,2.1,235,4,1,male,tier_1_metro,grocery_kirana
APP_11100,39864.34,18619.71,0.5329,0.1534,0.0,12.1,207,2,1,male,tier_2_urban,street_food
APP_11101,23409.68,11134.17,0.5244,0.2646,0.0,18.6,135,4,1,male,tier_2_urban,gig_delivery
APP_11102,25276.11,10365.37,0.5899,0.1791,0.4174,1.0,187,6,0,male,tier_3_rural,gig_delivery
APP_11103,32536.35,22482.66,0.309,0.098,0.3549,16.3,225,4,1,female,tier_2_urban,grocery_kirana
APP_11104,25965.08,12019.73,0.5371,0.2772,0.0,45.6,165,4,1,male,tier_2_urban,gig_delivery
APP_11105,21844.87,8947.65,0.5904,0.2451,0.3104,13.3,159,9,1,male,tier_3_rural,gig_delivery
APP_11106,29968.19,11567.83,0.614,0.4478,0.0,10.5,36,3,1,male,tier_1_metro,artisan_freelance
APP_11107,45732.19,32455.66,0.2903,0.1977,0.55,17.8,162,6,1,male,tier_3_rural,grocery_kirana
APP_11108,77423.24,60788.69,0.2149,0.1254,0.5683,3.7,399,9,0,male,tier_2_urban,grocery_kirana
APP_11109,55417.69,39627.4,0.2849,0.1683,0.6762,31.9,323,9,1,male,tier_2_urban,grocery_kirana
APP_11110,12000.0,7089.03,0.4092,0.5138,0.5443,4.7,79,3,0,female,tier_2_urban,artisan_freelance
APP_11111,32797.98,14954.41,0.544,0.2179,0.3458,36.1,125,2,0,female,tier_1_metro,gig_delivery
APP_11112,27318.25,11409.74,0.5823,0.1873,0.0,13.0,83,4,1,male,tier_3_rural,gig_delivery
APP_11113,28282.21,9045.06,0.6802,0.311,0.7377,38.7,47,4,1,female,tier_1_metro,artisan_freelance
APP_11114,27110.08,14123.21,0.479,0.2613,0.5978,8.5,43,12,1,female,tier_1_metro,artisan_freelance
APP_11115,33074.1,17062.66,0.4841,0.1709,0.6082,17.8,338,12,0,male,tier_1_metro,street_food
APP_11116,49725.04,40628.97,0.1829,0.1112,0.2301,13.4,390,12,0,male,tier_1_metro,grocery_kirana
APP_11117,30206.4,12922.95,0.5722,0.2281,0.4652,10.2,110,3,0,female,tier_1_metro,gig_delivery
APP_11118,56721.12,43696.85,0.2296,0.1334,0.2548,17.6,316,9,0,male,tier_1_metro,grocery_kirana
APP_11119,65458.29,48573.82,0.2579,0.1997,0.4665,40.4,225,6,0,female,tier_2_urban,grocery_kirana
APP_11120,39111.92,22351.8,0.4285,0.3101,0.2494,1.0,23,6,0,female,tier_1_metro,artisan_freelance
APP_11121,31932.23,23822.99,0.254,0.1727,0.0,13.0,280,4,0,female,tier_1_metro,grocery_kirana
APP_11122,22691.15,7698.43,0.6607,0.4205,0.0,1.0,32,4,1,female,tier_1_metro,artisan_freelance
APP_11123,73329.15,55359.37,0.2451,0.1949,0.3369,3.6,277,4,1,male,tier_2_urban,grocery_kirana
APP_11124,19221.52,6708.97,0.651,0.4037,0.1329,7.7,56,4,1,male,tier_1_metro,artisan_freelance
APP_11125,39452.78,18812.79,0.5232,0.3194,0.0,13.8,75,6,1,female,tier_2_urban,artisan_freelance
APP_11126,26477.39,13044.02,0.5074,0.2525,0.3372,21.0,27,3,0,male,tier_1_metro,artisan_freelance
APP_11127,41834.28,29916.44,0.2849,0.126,0.0,10.7,294,6,1,male,tier_1_metro,grocery_kirana
APP_11128,54438.84,31171.13,0.4274,0.2236,0.3011,7.5,423,4,1,male,tier_2_urban,street_food
APP_11129,37825.45,14222.32,0.624,0.2781,0.2204,9.5,50,4,0,female,tier_3_rural,artisan_freelance
APP_11130,24740.02,7830.46,0.6835,0.3945,0.4307,2.3,81,4,1,female,tier_1_metro,artisan_freelance
APP_11131,49588.77,27238.41,0.4507,0.2483,0.0,9.4,352,2,0,female,tier_3_rural,street_food
APP_11132,41734.04,23033.4,0.4481,0.1612,0.432,12.0,342,3,1,male,tier_2_urban,street_food
APP_11133,64480.18,50877.4,0.211,0.1177,0.0,9.1,226,3,1,female,tier_3_rural,grocery_kirana
APP_11134,37297.06,22062.68,0.4085,0.2498,0.525,9.5,271,6,0,female,tier_1_metro,street_food
APP_11135,52478.93,36562.54,0.3033,0.1378,0.2044,7.9,344,2,0,male,tier_1_metro,grocery_kirana
APP_11136,45724.84,22688.85,0.5038,0.1915,0.0,14.4,414,3,1,female,tier_1_metro,street_food
APP_11137,47917.26,27196.72,0.4324,0.3809,0.434,1.0,51,3,0,female,tier_2_urban,artisan_freelance
APP_11138,21278.92,8617.55,0.595,0.168,0.1316,20.7,196,4,1,male,tier_3_rural,gig_delivery
APP_11139,41409.38,32976.91,0.2036,0.1951,0.0,5.5,346,3,0,male,tier_1_metro,grocery_kirana
APP_11140,22083.68,9877.88,0.5527,0.3197,0.2327,9.0,158,3,1,female,tier_2_urban,gig_delivery
APP_11141,36883.85,21292.94,0.4227,0.2226,0.3975,3.3,284,6,0,female,tier_1_metro,street_food
APP_11142,38272.91,18994.12,0.5037,0.3014,0.0,12.9,45,4,1,male,tier_2_urban,artisan_freelance
APP_11143,32558.49,16000.22,0.5086,0.3019,0.0,15.5,159,4,1,male,tier_2_urban,gig_delivery
APP_11144,29212.91,17189.53,0.4116,0.5137,0.1475,1.9,43,2,0,male,tier_1_metro,artisan_freelance
APP_11145,28321.35,12170.56,0.5703,0.2517,0.2897,1.0,84,2,0,male,tier_1_metro,gig_delivery
APP_11146,45108.46,20877.86,0.5372,0.1574,0.0,14.2,401,4,1,male,tier_1_metro,street_food
APP_11147,74284.56,59232.33,0.2026,0.2068,0.1103,34.5,192,3,1,female,tier_2_urban,grocery_kirana
APP_11148,21357.9,12697.03,0.4055,0.3312,0.2913,3.1,73,3,0,male,tier_1_metro,artisan_freelance
APP_11149,33811.48,26726.59,0.2095,0.1764,0.0,5.2,157,3,1,male,tier_3_rural,grocery_kirana
APP_11150,12000.0,4179.7,0.6517,0.3393,0.0,25.5,27,2,1,male,tier_3_rural,artisan_freelance
APP_11151,30033.21,12120.42,0.5964,0.3185,0.0,5.3,30,2,1,male,tier_1_metro,artisan_freelance
APP_11152,25266.14,11839.01,0.5314,0.2274,0.0,1.5,193,3,0,female,tier_3_rural,gig_delivery
APP_11153,24071.04,9434.88,0.608,0.2668,0.3429,60.0,172,4,1,male,tier_1_metro,gig_delivery
APP_11154,29915.58,17388.9,0.4187,0.4963,0.6247,16.6,21,4,0,female,tier_1_metro,artisan_freelance
APP_11155,23298.87,13701.75,0.4119,0.5018,0.0,25.9,23,4,0,male,tier_1_metro,artisan_freelance
APP_11156,42288.97,24091.67,0.4303,0.1681,0.0,4.4,210,4,0,female,tier_3_rural,street_food
APP_11157,14742.32,5772.48,0.6084,0.1851,0.5267,25.8,102,3,1,male,tier_1_metro,gig_delivery
APP_11158,34896.99,21077.19,0.396,0.185,0.4737,21.0,240,4,0,male,tier_1_metro,street_food
APP_11159,70672.87,49822.19,0.295,0.0883,0.0,14.4,257,3,0,male,tier_1_metro,grocery_kirana
APP_11160,49680.84,35213.09,0.2912,0.0939,0.1464,4.4,231,4,0,female,tier_3_rural,grocery_kirana
APP_11161,29114.25,10377.28,0.6436,0.41,0.0,54.6,26,4,1,male,tier_1_metro,artisan_freelance
APP_11162,24839.78,12044.49,0.5151,0.2703,0.4707,8.9,114,9,0,male,tier_3_rural,gig_delivery
APP_11163,36037.95,14175.59,0.6066,0.2246,0.5333,2.7,162,6,1,female,tier_2_urban,gig_delivery
APP_11164,27158.8,10314.76,0.6202,0.2176,0.6277,2.8,149,4,1,male,tier_3_rural,gig_delivery
APP_11165,27378.37,11049.47,0.5964,0.2057,0.7185,14.0,118,4,0,male,tier_2_urban,gig_delivery
APP_11166,37893.34,22104.19,0.4167,0.1919,0.0,3.9,429,3,0,male,tier_3_rural,street_food
APP_11167,28572.93,16030.28,0.439,0.4646,0.0,16.2,85,4,1,male,tier_3_rural,artisan_freelance
APP_11168,26874.11,11210.31,0.5829,0.4256,0.202,37.4,34,4,0,female,tier_1_metro,artisan_freelance
APP_11169,43465.7,19981.68,0.5403,0.1778,0.3424,18.8,444,4,1,male,tier_2_urban,street_food
APP_11170,36987.52,20117.71,0.4561,0.1865,0.4105,3.7,253,12,0,female,tier_1_metro,street_food
APP_11171,41553.77,21944.01,0.4719,0.3618,0.0,2.0,25,3,0,male,tier_2_urban,artisan_freelance
APP_11172,62079.25,47348.37,0.2373,0.1848,0.6548,12.3,340,3,1,male,tier_1_metro,grocery_kirana
APP_11173,35947.41,17497.56,0.5132,0.2781,0.0,43.2,251,12,1,male,tier_1_metro,street_food
APP_11174,38912.53,28494.39,0.2677,0.1759,0.2249,5.1,399,12,1,female,tier_3_rural,grocery_kirana
APP_11175,25402.8,8991.03,0.6461,0.2628,0.2954,5.6,101,2,0,female,tier_2_urban,gig_delivery
APP_11176,31077.73,15061.47,0.5154,0.2152,0.0,4.8,291,3,1,male,tier_3_rural,street_food
APP_11177,43105.06,17730.34,0.5887,0.2854,0.2605,4.7,87,9,1,male,tier_3_rural,artisan_freelance
APP_11178,30688.13,12542.68,0.5913,0.3151,0.0,21.9,148,3,1,male,tier_1_metro,gig_delivery
APP_11179,32352.97,20165.33,0.3767,0.1697,0.3697,46.5,432,4,1,female,tier_2_urban,street_food
APP_11180,13962.5,7873.71,0.4361,0.4611,0.3943,1.0,70,6,0,female,tier_3_rural,artisan_freelance
APP_11181,58977.65,43810.97,0.2572,0.1792,0.0,5.1,347,3,1,male,tier_2_urban,grocery_kirana
APP_11182,52202.84,40962.76,0.2153,0.1548,0.0,1.5,281,3,0,female,tier_1_metro,grocery_kirana
APP_11183,61577.52,42363.92,0.312,0.1913,0.0,9.7,329,6,1,female,tier_1_metro,grocery_kirana
APP_11184,39346.85,17941.1,0.544,0.3974,0.711,38.9,60,4,0,female,tier_1_metro,artisan_freelance
APP_11185,76766.27,61967.64,0.1928,0.0827,0.3548,16.2,244,4,1,male,tier_3_rural,grocery_kirana
APP_11186,20273.32,7655.1,0.6224,0.2864,0.7289,3.8,183,6,0,male,tier_1_metro,gig_delivery
APP_11187,29188.36,11739.41,0.5978,0.5229,0.0,3.8,20,4,1,female,tier_1_metro,artisan_freelance
APP_11188,49723.6,34256.7,0.3111,0.1528,0.0,1.0,159,4,1,male,tier_1_metro,grocery_kirana
APP_11189,24022.88,11524.32,0.5203,0.2682,0.5005,3.3,161,12,0,male,tier_1_metro,gig_delivery
APP_11190,36921.7,26774.78,0.2748,0.1205,0.5762,11.7,365,9,1,male,tier_1_metro,grocery_kirana
APP_11191,29965.68,15380.83,0.4867,0.1205,0.0,1.6,197,3,1,male,tier_1_metro,street_food
APP_11192,34045.89,14800.27,0.5653,0.311,0.0,5.1,168,6,1,male,tier_2_urban,gig_delivery
APP_11193,27125.72,14992.43,0.4473,0.3022,0.7275,36.6,75,4,1,male,tier_2_urban,artisan_freelance
APP_11194,34881.6,17088.51,0.5101,0.2818,0.5017,18.2,31,6,1,female,tier_1_metro,artisan_freelance
APP_11195,36953.41,11876.13,0.6786,0.4913,0.2192,1.4,53,4,0,male,tier_3_rural,artisan_freelance
APP_11196,29157.1,12671.81,0.5654,0.3579,0.0,1.0,25,9,1,male,tier_1_metro,artisan_freelance
APP_11197,30767.02,13937.73,0.547,0.2395,0.2357,1.6,172,9,1,female,tier_1_metro,gig_delivery
APP_11198,25146.92,11772.62,0.5318,0.1363,0.0,2.3,265,3,0,male,tier_1_metro,street_food
APP_11199,28273.28,10940.29,0.6131,0.4532,0.0,18.4,43,6,1,male,tier_1_metro,artisan_freelance
APP_11200,53249.05,30778.86,0.422,0.2268,0.4442,21.9,359,6,0,male,tier_2_urban,street_food
APP_11201,27166.82,9755.56,0.6409,0.4648,0.2191,7.5,55,6,1,female,tier_2_urban,artisan_freelance
APP_11202,50005.48,34136.53,0.3173,0.1659,0.5857,3.3,277,3,0,female,tier_3_rural,grocery_kirana
APP_11203,30017.41,12767.81,0.5747,0.2309,0.1956,1.0,91,2,0,male,tier_1_metro,gig_delivery
APP_11204,20883.9,8526.39,0.5917,0.2683,0.1693,23.7,133,3,1,male,tier_3_rural,gig_delivery
APP_11205,49397.02,27220.19,0.449,0.1414,0.0,10.3,272,6,1,female,tier_3_rural,street_food
APP_11206,55820.21,42471.23,0.2391,0.1357,0.6008,2.8,246,6,0,male,tier_1_metro,grocery_kirana
APP_11207,51603.43,31212.2,0.3952,0.124,0.0,5.6,198,4,1,male,tier_2_urban,street_food
APP_11208,68436.25,51889.85,0.2418,0.0825,0.0,31.9,162,6,0,female,tier_1_metro,grocery_kirana
APP_11209,40264.43,22570.94,0.4394,0.1899,0.4321,1.0,343,6,1,female,tier_3_rural,street_food
APP_11210,29886.24,11171.0,0.6262,0.255,0.0,16.8,119,4,1,male,tier_1_metro,gig_delivery
APP_11211,25391.06,13651.98,0.4623,0.2561,0.609,10.1,28,6,1,female,tier_1_metro,artisan_freelance
APP_11212,49040.12,36188.22,0.2621,0.187,0.0,5.8,392,4,1,male,tier_3_rural,grocery_kirana
APP_11213,25281.38,11053.84,0.5628,0.2365,0.3974,59.7,121,2,1,female,tier_2_urban,gig_delivery
APP_11214,31730.19,11363.61,0.6419,0.3081,0.0,28.2,82,12,1,male,tier_2_urban,gig_delivery
APP_11215,40940.24,20496.79,0.4993,0.2572,0.5918,11.0,251,4,1,female,tier_1_metro,street_food
APP_11216,22342.37,8917.32,0.6009,0.2697,0.0,28.0,100,6,1,male,tier_1_metro,gig_delivery
APP_11217,38821.38,17882.1,0.5394,0.4733,0.2753,7.8,89,12,1,male,tier_1_metro,artisan_freelance
APP_11218,27919.88,12291.45,0.5598,0.1984,0.6517,9.3,167,12,0,male,tier_3_rural,gig_delivery
APP_11219,21820.52,9396.07,0.5694,0.2835,0.135,2.5,186,12,1,female,tier_1_metro,gig_delivery
APP_11220,42163.04,20372.01,0.5168,0.1984,0.6489,3.1,260,4,1,male,tier_3_rural,street_food
APP_11221,26641.5,12052.92,0.5476,0.1979,0.4759,8.9,132,4,1,female,tier_2_urban,gig_delivery
APP_11222,34722.01,22497.46,0.3521,0.2202,0.4623,48.1,345,9,0,male,tier_1_metro,street_food
APP_11223,32088.18,11890.42,0.6294,0.2263,0.347,2.4,130,12,1,male,tier_3_rural,gig_delivery
APP_11224,12000.0,4523.24,0.6231,0.4242,0.0,4.9,49,3,1,female,tier_1_metro,artisan_freelance
APP_11225,28062.01,16683.72,0.4055,0.2,0.3551,5.8,251,4,1,male,tier_1_metro,street_food
APP_11226,65292.23,52930.09,0.1893,0.1962,0.4791,9.5,308,9,0,female,tier_1_metro,grocery_kirana
APP_11227,24138.82,10980.62,0.5451,0.1733,0.5833,43.8,358,9,1,male,tier_2_urban,street_food
APP_11228,46342.52,37582.16,0.189,0.1609,0.3294,8.4,317,6,0,female,tier_3_rural,grocery_kirana
APP_11229,61571.96,43089.76,0.3002,0.214,0.4913,5.3,330,4,0,female,tier_2_urban,grocery_kirana
APP_11230,27873.47,12446.76,0.5535,0.2915,0.6917,1.0,85,3,1,male,tier_1_metro,gig_delivery
APP_11231,39412.49,23714.44,0.3983,0.2016,0.0965,10.4,217,3,1,female,tier_2_urban,street_food
APP_11232,30670.34,10940.53,0.6433,0.3009,0.0,11.8,87,4,0,male,tier_2_urban,gig_delivery
APP_11233,64184.25,45795.54,0.2865,0.101,0.0,9.0,346,6,1,female,tier_1_metro,grocery_kirana
APP_11234,39499.91,18733.77,0.5257,0.485,0.0,1.7,59,4,0,female,tier_1_metro,artisan_freelance
APP_11235,39918.19,18076.09,0.5472,0.1694,0.2093,1.0,436,3,0,female,tier_3_rural,street_food
APP_11236,37833.05,21413.97,0.434,0.1507,0.5257,1.0,407,6,1,female,tier_3_rural,street_food
APP_11237,34075.12,24885.08,0.2697,0.1379,0.2735,19.3,211,6,0,female,tier_3_rural,grocery_kirana
APP_11238,55752.5,43687.17,0.2164,0.1623,0.2821,11.7,374,4,1,male,tier_2_urban,grocery_kirana
APP_11239,32776.59,15675.92,0.5217,0.1388,0.1608,4.6,259,3,1,male,tier_2_urban,street_food
APP_11240,58273.56,41823.18,0.2823,0.2085,0.0,2.1,333,4,0,female,tier_1_metro,grocery_kirana
APP_11241,30969.95,12498.7,0.5964,0.2149,0.6589,3.2,176,9,0,female,tier_1_metro,gig_delivery
APP_11242,31258.86,12071.13,0.6138,0.2406,0.0,60.0,93,2,1,female,tier_1_metro,gig_delivery
APP_11243,43147.15,22617.78,0.4758,0.381,0.5076,13.2,46,3,1,male,tier_1_metro,artisan_freelance
APP_11244,31708.48,13368.74,0.5784,0.2829,0.5217,43.8,182,6,1,male,tier_2_urban,gig_delivery
APP_11245,47411.65,30788.93,0.3506,0.1597,0.6832,7.6,188,3,1,male,tier_1_metro,street_food
APP_11246,54198.13,43404.95,0.1991,0.187,0.7247,3.7,382,4,0,male,tier_2_urban,grocery_kirana
APP_11247,31735.97,17316.25,0.4544,0.4931,0.1741,39.7,59,4,0,female,tier_2_urban,artisan_freelance
APP_11248,24974.54,11239.46,0.55,0.2225,0.3668,2.6,112,9,1,female,tier_2_urban,gig_delivery
APP_11249,30503.47,13805.39,0.5474,0.2222,0.2515,13.1,158,2,1,male,tier_1_metro,gig_delivery
APP_11250,34141.94,13409.04,0.6073,0.4861,0.3643,12.7,36,4,0,male,tier_2_urban,artisan_freelance
APP_11251,42431.13,19807.33,0.5332,0.1661,0.0963,14.8,230,4,1,female,tier_2_urban,street_food
APP_11252,45976.47,26948.5,0.4139,0.1604,0.561,9.2,236,3,1,male,tier_1_metro,street_food
APP_11253,32636.75,15028.37,0.5395,0.2106,0.0,8.4,156,4,0,female,tier_1_metro,gig_delivery
APP_11254,20403.79,9632.19,0.5279,0.4112,0.0,8.2,27,6,1,female,tier_3_rural,artisan_freelance
APP_11255,25722.75,9846.58,0.6172,0.2656,0.5933,48.5,183,2,0,male,tier_2_urban,gig_delivery
APP_11256,52369.87,39962.15,0.2369,0.1608,0.6506,5.5,191,9,1,male,tier_2_urban,grocery_kirana
APP_11257,23927.28,13378.34,0.4409,0.5163,0.2816,29.5,53,4,1,female,tier_3_rural,artisan_freelance
APP_11258,35722.92,13551.88,0.6206,0.2621,0.1798,5.7,86,6,0,male,tier_3_rural,gig_delivery
APP_11259,44878.67,21848.24,0.5132,0.2484,0.0,1.4,400,3,1,female,tier_2_urban,street_food
APP_11260,42461.96,32407.54,0.2368,0.1751,0.4261,6.2,164,6,1,female,tier_1_metro,grocery_kirana
APP_11261,76407.07,59570.9,0.2203,0.116,0.0,2.6,254,4,0,male,tier_1_metro,grocery_kirana
APP_11262,28452.84,10462.73,0.6323,0.2325,0.0,1.2,86,9,1,male,tier_3_rural,gig_delivery
APP_11263,39395.45,17871.87,0.5463,0.3444,0.5353,6.9,60,9,1,female,tier_1_metro,artisan_freelance
APP_11264,42984.22,30065.37,0.3005,0.0898,0.2614,5.6,192,9,1,female,tier_1_metro,grocery_kirana
APP_11265,22389.06,8980.27,0.5989,0.2,0.0,4.4,107,4,1,female,tier_3_rural,gig_delivery
APP_11266,36126.65,19275.08,0.4665,0.3891,0.0,2.1,82,3,1,male,tier_1_metro,artisan_freelance
APP_11267,58452.37,41580.87,0.2886,0.1917,0.0,15.6,164,3,1,male,tier_3_rural,grocery_kirana
APP_11268,40197.4,15190.84,0.6221,0.4129,0.5392,1.0,56,12,1,male,tier_3_rural,artisan_freelance
APP_11269,36436.22,21010.54,0.4234,0.1844,0.5623,17.5,360,9,1,male,tier_2_urban,street_food
APP_11270,54615.43,41332.05,0.2432,0.1371,0.6914,1.2,292,4,0,female,tier_2_urban,grocery_kirana
APP_11271,38268.2,21139.06,0.4476,0.1448,0.4437,7.6,284,3,1,male,tier_1_metro,street_food
APP_11272,52003.67,35723.76,0.3131,0.2142,0.6434,10.0,176,3,0,female,tier_3_rural,grocery_kirana
APP_11273,35052.4,18269.13,0.4788,0.1364,0.5656,2.8,239,4,0,male,tier_2_urban,street_food
APP_11274,33009.66,16403.81,0.5031,0.2528,0.0,5.9,172,4,1,male,tier_2_urban,gig_delivery
APP_11275,38070.31,22769.01,0.4019,0.1889,0.0,15.7,425,9,1,male,tier_2_urban,street_food
APP_11276,25031.93,12220.7,0.5118,0.2481,0.0,30.5,322,4,1,male,tier_1_metro,street_food
APP_11277,46626.05,35895.52,0.2301,0.133,0.6855,4.5,373,6,1,male,tier_2_urban,grocery_kirana
APP_11278,40100.22,22462.96,0.4398,0.1904,0.532,12.4,378,6,1,male,tier_2_urban,street_food
APP_11279,18478.17,8108.94,0.5612,0.2607,0.6367,7.5,123,6,0,female,tier_2_urban,gig_delivery
APP_11280,36416.63,17791.74,0.5114,0.3847,0.0,31.8,83,3,0,male,tier_1_metro,artisan_freelance
APP_11281,19831.35,8741.26,0.5592,0.3121,0.4235,8.0,145,4,1,male,tier_2_urban,gig_delivery
APP_11282,34270.31,18862.54,0.4496,0.2087,0.2577,1.0,189,4,1,female,tier_2_urban,street_food
APP_11283,26558.74,12595.35,0.5258,0.2611,0.3501,23.3,161,3,1,female,tier_2_urban,gig_delivery
APP_11284,19522.29,9585.23,0.509,0.2053,0.1803,12.6,153,4,1,male,tier_2_urban,gig_delivery
APP_11285,31877.02,17707.03,0.4445,0.3697,0.4085,60.0,39,4,1,male,tier_2_urban,artisan_freelance
APP_11286,48032.31,22816.42,0.525,0.4446,0.4906,2.9,58,6,0,male,tier_2_urban,artisan_freelance
APP_11287,44137.78,33548.13,0.2399,0.1722,0.0,1.0,289,12,0,female,tier_1_metro,grocery_kirana
APP_11288,24012.54,8715.91,0.637,0.2207,0.4431,36.8,160,2,1,female,tier_3_rural,gig_delivery
APP_11289,26153.37,9826.95,0.6243,0.2049,0.4036,14.6,136,9,1,male,tier_3_rural,gig_delivery
APP_11290,59557.13,41636.6,0.3009,0.1744,0.1265,18.0,256,3,1,male,tier_1_metro,grocery_kirana
APP_11291,39857.45,19482.56,0.5112,0.1663,0.0,25.1,429,6,1,male,tier_1_metro,street_food
APP_11292,30347.12,14882.84,0.5096,0.1554,0.3711,30.1,171,6,1,female,tier_1_metro,gig_delivery
APP_11293,36688.46,16556.95,0.5487,0.344,0.0,16.9,40,2,0,female,tier_1_metro,artisan_freelance
APP_11294,33317.37,11672.5,0.6497,0.437,0.3107,3.4,68,6,0,male,tier_1_metro,artisan_freelance
APP_11295,38539.73,22307.04,0.4212,0.1655,0.0,2.3,192,4,1,male,tier_1_metro,street_food
APP_11296,55561.04,37957.11,0.3168,0.1194,0.0,6.9,227,2,1,male,tier_1_metro,grocery_kirana
APP_11297,45980.02,26484.73,0.424,0.2769,0.0,7.6,54,4,0,male,tier_1_metro,artisan_freelance
APP_11298,32933.82,18004.61,0.4533,0.2008,0.4617,37.5,246,4,1,male,tier_2_urban,street_food
APP_11299,26516.2,10442.55,0.6062,0.2771,0.6395,4.1,143,2,0,male,tier_1_metro,gig_delivery
APP_11300,34708.07,20286.41,0.4155,0.1536,0.0,1.7,226,3,1,male,tier_1_metro,street_food
APP_11301,61497.33,43488.35,0.2928,0.1154,0.6357,2.5,265,3,1,male,tier_1_metro,grocery_kirana
APP_11302,42577.01,26592.05,0.3754,0.1838,0.1609,4.1,226,2,0,female,tier_1_metro,street_food
APP_11303,37959.31,19777.79,0.479,0.4169,0.4873,10.7,31,3,0,male,tier_2_urban,artisan_freelance
APP_11304,43027.11,34613.21,0.1955,0.119,0.7497,5.8,163,2,0,female,tier_2_urban,grocery_kirana
APP_11305,48163.58,29928.06,0.3786,0.2573,0.0,2.5,205,6,1,male,tier_2_urban,street_food
APP_11306,18918.58,9413.58,0.5024,0.1699,0.0,1.3,174,9,0,female,tier_3_rural,gig_delivery
APP_11307,20619.38,10647.1,0.4836,0.2633,0.0,2.1,339,12,1,female,tier_1_metro,street_food
APP_11308,34029.78,19372.82,0.4307,0.1419,0.6448,9.3,290,4,1,male,tier_1_metro,street_food
APP_11309,49141.64,27158.17,0.4473,0.4793,0.5654,4.2,63,9,0,male,tier_1_metro,artisan_freelance
APP_11310,34474.81,13583.24,0.606,0.5024,0.0,20.4,33,4,1,male,tier_3_rural,artisan_freelance
APP_11311,26951.68,13312.07,0.5061,0.1709,0.1554,13.0,124,3,1,female,tier_1_metro,gig_delivery
APP_11312,19568.59,9530.55,0.513,0.2791,0.4677,12.0,86,4,1,female,tier_1_metro,gig_delivery
APP_11313,65429.41,50516.92,0.2279,0.0917,0.5701,5.0,363,12,0,male,tier_2_urban,grocery_kirana
APP_11314,52092.28,39904.82,0.234,0.1548,0.3853,4.3,365,2,0,male,tier_1_metro,grocery_kirana
APP_11315,21716.66,9740.86,0.5515,0.2198,0.0,1.0,106,2,1,male,tier_1_metro,gig_delivery
APP_11316,43355.81,25503.75,0.4118,0.1668,0.3474,35.4,283,4,0,female,tier_2_urban,street_food
APP_11317,46998.14,30086.72,0.3598,0.2118,0.0,29.3,304,4,0,female,tier_2_urban,street_food
APP_11318,39560.62,22240.75,0.4378,0.1272,0.6737,10.4,216,4,1,male,tier_3_rural,street_food
APP_11319,42299.83,23293.29,0.4493,0.1431,0.5385,9.2,267,2,0,male,tier_3_rural,street_food
APP_11320,51510.22,41773.31,0.189,0.1604,0.6889,8.5,382,4,0,female,tier_1_metro,grocery_kirana
APP_11321,50411.9,39652.63,0.2134,0.197,0.4357,13.4,195,6,0,female,tier_1_metro,grocery_kirana
APP_11322,73723.07,53753.6,0.2709,0.129,0.0,17.6,312,3,0,male,tier_2_urban,grocery_kirana
APP_11323,22387.18,13547.56,0.3949,0.1357,0.476,1.7,429,4,1,male,tier_1_metro,street_food
APP_11324,25615.55,11372.41,0.556,0.1864,0.0,37.9,192,6,1,male,tier_1_metro,gig_delivery
APP_11325,25282.79,8052.35,0.6815,0.5242,0.5669,6.2,35,2,0,female,tier_1_metro,artisan_freelance
APP_11326,12675.02,6902.64,0.4554,0.3686,0.0,9.5,75,4,0,female,tier_2_urban,artisan_freelance
APP_11327,27072.16,17544.38,0.3519,0.1424,0.1668,12.1,379,12,0,female,tier_3_rural,street_food
APP_11328,63576.95,45185.85,0.2893,0.1858,0.7116,10.6,264,4,0,male,tier_1_metro,grocery_kirana
APP_11329,29662.76,10039.07,0.6616,0.4562,0.0,11.3,31,6,1,male,tier_3_rural,artisan_freelance
APP_11330,36378.24,19473.56,0.4647,0.2751,0.6069,24.7,80,4,0,male,tier_1_metro,artisan_freelance
APP_11331,58906.55,44643.52,0.2421,0.1599,0.6032,27.7,389,9,1,male,tier_1_metro,grocery_kirana
APP_11332,60363.67,45253.53,0.2503,0.181,0.6454,12.6,399,9,1,male,tier_3_rural,grocery_kirana
APP_11333,66891.51,53313.48,0.203,0.0973,0.7248,1.6,209,2,0,male,tier_2_urban,grocery_kirana
APP_11334,50926.31,32009.21,0.3715,0.153,0.1582,22.3,433,6,0,male,tier_3_rural,street_food
APP_11335,33496.5,21351.39,0.3626,0.2299,0.4754,5.3,404,12,1,female,tier_2_urban,street_food
APP_11336,27570.67,19274.64,0.3009,0.2101,0.0,4.3,189,6,0,male,tier_1_metro,grocery_kirana
APP_11337,45608.9,36025.7,0.2101,0.1956,0.6424,3.9,162,3,1,male,tier_2_urban,grocery_kirana
APP_11338,18851.33,7095.37,0.6236,0.1509,0.2163,20.8,86,6,1,male,tier_3_rural,gig_delivery
APP_11339,29781.55,10981.4,0.6313,0.1545,0.0,26.7,165,4,1,male,tier_1_metro,gig_delivery
APP_11340,67600.59,52928.31,0.217,0.1527,0.0,14.9,350,4,1,female,tier_1_metro,grocery_kirana
APP_11341,35246.58,11059.38,0.6862,0.4825,0.4485,18.7,28,9,1,male,tier_2_urban,artisan_freelance
APP_11342,46464.36,37343.3,0.1963,0.1635,0.3617,7.0,214,12,1,male,tier_2_urban,grocery_kirana
APP_11343,56405.49,44157.39,0.2171,0.1036,0.4912,5.6,385,6,0,male,tier_2_urban,grocery_kirana
APP_11344,31376.45,14121.83,0.5499,0.2783,0.723,20.8,168,4,1,female,tier_2_urban,gig_delivery
APP_11345,48736.18,27237.52,0.4411,0.2179,0.687,16.7,191,4,0,male,tier_2_urban,street_food
APP_11346,42469.79,20657.44,0.5136,0.214,0.1199,15.9,358,6,0,male,tier_3_rural,street_food
APP_11347,26217.61,10911.52,0.5838,0.2562,0.7144,10.1,142,4,1,male,tier_3_rural,gig_delivery
APP_11348,27265.3,10667.91,0.6087,0.2241,0.577,11.5,113,2,1,male,tier_1_metro,gig_delivery
APP_11349,65383.48,48743.47,0.2545,0.1363,0.0,9.7,350,12,1,male,tier_3_rural,grocery_kirana
APP_11350,35054.62,26943.89,0.2314,0.0917,0.3376,34.4,374,9,1,female,tier_1_metro,grocery_kirana
APP_11351,30098.32,14642.32,0.5135,0.281,0.0,23.5,85,9,1,female,tier_1_metro,gig_delivery
APP_11352,33026.46,17115.39,0.4818,0.5115,0.4585,5.1,87,2,0,male,tier_2_urban,artisan_freelance
APP_11353,29022.04,12906.34,0.5553,0.3646,0.0,23.1,87,4,0,male,tier_3_rural,artisan_freelance
APP_11354,30768.96,19744.44,0.3583,0.165,0.4578,11.5,425,4,1,female,tier_2_urban,street_food
APP_11355,51183.69,41814.85,0.183,0.1529,0.2384,1.6,199,12,1,male,tier_1_metro,grocery_kirana
APP_11356,60688.51,47965.75,0.2096,0.1003,0.4132,7.9,157,12,1,male,tier_1_metro,grocery_kirana
APP_11357,63352.79,48181.29,0.2395,0.1384,0.1651,1.0,158,6,1,male,tier_3_rural,grocery_kirana
APP_11358,48737.44,22388.77,0.5406,0.2027,0.0,5.1,317,12,1,male,tier_1_metro,street_food
APP_11359,12659.12,7171.67,0.4335,0.5019,0.3312,12.0,59,3,1,male,tier_2_urban,artisan_freelance
APP_11360,23423.76,11005.04,0.5302,0.3068,0.0,23.4,132,3,1,male,tier_1_metro,gig_delivery
APP_11361,32446.59,16276.29,0.4984,0.2379,0.7323,4.5,373,2,1,male,tier_1_metro,street_food
APP_11362,36460.8,17445.32,0.5215,0.1626,0.1471,1.6,344,4,1,female,tier_1_metro,street_food
APP_11363,62340.63,45358.01,0.2724,0.1971,0.428,21.5,183,12,1,male,tier_3_rural,grocery_kirana
APP_11364,64447.28,51001.6,0.2086,0.1273,0.0,22.2,245,4,0,male,tier_2_urban,grocery_kirana
APP_11365,45448.93,22744.98,0.4995,0.1906,0.0,54.7,297,4,1,female,tier_2_urban,street_food
APP_11366,29740.33,12938.65,0.5649,0.1621,0.0,12.9,133,6,1,male,tier_2_urban,gig_delivery
APP_11367,18605.11,6285.8,0.6621,0.2859,0.0,33.8,79,3,1,female,tier_3_rural,artisan_freelance
APP_11368,56019.15,39884.51,0.288,0.1532,0.3154,5.5,244,4,1,male,tier_2_urban,grocery_kirana
APP_11369,48857.62,24759.43,0.4932,0.1417,0.5001,37.3,181,4,0,male,tier_2_urban,street_food
APP_11370,35556.01,19605.04,0.4486,0.1625,0.7095,22.7,272,3,1,male,tier_2_urban,street_food
APP_11371,71348.86,56119.68,0.2134,0.0859,0.0,9.0,304,4,1,female,tier_3_rural,grocery_kirana
APP_11372,56897.13,39185.79,0.3113,0.2007,0.1906,7.1,151,12,0,male,tier_1_metro,grocery_kirana
APP_11373,27167.22,11839.01,0.5642,0.2996,0.0,7.0,111,12,1,female,tier_1_metro,gig_delivery
APP_11374,31097.93,13051.03,0.5803,0.4629,0.5967,4.0,39,3,0,male,tier_2_urban,artisan_freelance
APP_11375,60935.5,45402.01,0.2549,0.1765,0.4848,4.4,323,2,0,male,tier_1_metro,grocery_kirana
APP_11376,28406.15,11386.72,0.5991,0.2049,0.6066,6.2,108,9,0,male,tier_1_metro,gig_delivery
APP_11377,72875.19,50179.93,0.3114,0.1547,0.0893,45.7,255,6,1,female,tier_3_rural,grocery_kirana
APP_11378,49396.65,23546.68,0.5233,0.3565,0.0,11.0,21,4,1,male,tier_3_rural,artisan_freelance
APP_11379,56023.41,41676.61,0.2561,0.1496,0.0,23.9,191,6,1,male,tier_1_metro,grocery_kirana
APP_11380,26877.47,13943.43,0.4812,0.1537,0.462,15.1,396,4,0,female,tier_2_urban,street_food
APP_11381,46262.87,26353.24,0.4304,0.2654,0.1961,6.4,385,9,1,male,tier_2_urban,street_food
APP_11382,29429.48,15265.39,0.4813,0.3357,0.0,8.1,26,3,0,male,tier_2_urban,artisan_freelance
APP_11383,34775.53,20549.28,0.4091,0.4812,0.0,4.5,36,2,0,male,tier_1_metro,artisan_freelance
APP_11384,25792.66,9301.27,0.6394,0.4189,0.1898,1.0,67,6,0,male,tier_2_urban,artisan_freelance
APP_11385,25052.19,13592.11,0.4574,0.3002,0.0,15.8,45,4,1,female,tier_2_urban,artisan_freelance
APP_11386,42567.25,16237.65,0.6185,0.25,0.2775,23.6,20,4,1,female,tier_3_rural,artisan_freelance
APP_11387,66601.69,46184.44,0.3066,0.0822,0.544,25.9,329,9,1,male,tier_2_urban,grocery_kirana
APP_11388,19741.8,7417.65,0.6243,0.2414,0.0,15.9,127,4,1,male,tier_2_urban,gig_delivery
APP_11389,37248.65,19961.09,0.4641,0.2713,0.4461,10.1,291,6,1,female,tier_1_metro,street_food
APP_11390,21283.3,8404.29,0.6051,0.3076,0.4083,12.2,178,4,1,female,tier_1_metro,gig_delivery
APP_11391,25382.64,9230.71,0.6363,0.3101,0.0,1.0,92,6,1,female,tier_1_metro,gig_delivery
APP_11392,33267.75,15046.24,0.5477,0.2267,0.7103,26.2,149,4,0,male,tier_2_urban,gig_delivery
APP_11393,51650.64,32255.83,0.3755,0.1349,0.5351,10.6,375,4,0,female,tier_1_metro,street_food
APP_11394,29401.68,10610.92,0.6391,0.2184,0.7132,8.3,149,4,0,male,tier_2_urban,gig_delivery
APP_11395,51628.88,40484.66,0.2159,0.0968,0.0,1.8,152,3,1,male,tier_1_metro,grocery_kirana
APP_11396,26587.04,10364.34,0.6102,0.2124,0.0,13.7,85,3,1,male,tier_1_metro,gig_delivery
APP_11397,30849.84,13857.86,0.5508,0.1715,0.2622,5.7,187,4,0,male,tier_1_metro,gig_delivery
APP_11398,32448.94,12798.17,0.6056,0.2337,0.5345,8.3,97,9,1,female,tier_1_metro,gig_delivery
APP_11399,67870.25,53859.0,0.2064,0.1176,0.0,5.1,163,9,0,male,tier_1_metro,grocery_kirana
APP_11400,38977.94,23398.18,0.3997,0.1687,0.4128,5.5,209,2,0,female,tier_3_rural,street_food
APP_11401,24905.18,11547.8,0.5363,0.1787,0.6471,4.3,168,3,1,female,tier_2_urban,gig_delivery
APP_11402,31143.2,13541.11,0.5652,0.2062,0.0,23.3,199,3,1,female,tier_1_metro,gig_delivery
APP_11403,46044.72,37468.19,0.1863,0.1215,0.0,44.2,282,4,0,male,tier_1_metro,grocery_kirana
APP_11404,29478.93,15167.11,0.4855,0.2413,0.0,6.7,195,2,0,male,tier_1_metro,street_food
APP_11405,23546.12,9231.95,0.6079,0.2071,0.0,14.5,179,9,1,female,tier_3_rural,gig_delivery
APP_11406,38266.29,18556.69,0.5151,0.2505,0.491,26.2,227,12,1,female,tier_1_metro,street_food
APP_11407,41782.94,15890.46,0.6197,0.4333,0.0,8.8,63,6,1,male,tier_2_urban,artisan_freelance
APP_11408,33115.39,11744.19,0.6454,0.2294,0.6524,11.7,112,4,1,male,tier_1_metro,gig_delivery
APP_11409,61288.34,42116.2,0.3128,0.2063,0.0,22.6,219,6,1,male,tier_3_rural,grocery_kirana
APP_11410,26817.1,10003.31,0.627,0.2359,0.5876,2.8,180,4,1,male,tier_3_rural,gig_delivery
APP_11411,34146.34,24340.04,0.2872,0.1491,0.7399,2.5,171,9,1,male,tier_1_metro,grocery_kirana
APP_11412,20527.53,9186.5,0.5525,0.2704,0.6677,32.8,104,6,0,male,tier_2_urban,gig_delivery
APP_11413,22908.31,9384.96,0.5903,0.2338,0.0,6.5,142,12,0,female,tier_1_metro,gig_delivery
APP_11414,45111.62,24229.53,0.4629,0.5154,0.0,60.0,85,2,1,female,tier_3_rural,artisan_freelance
APP_11415,65368.84,49371.08,0.2447,0.0904,0.5186,19.7,357,3,0,female,tier_3_rural,grocery_kirana
APP_11416,47595.06,33632.84,0.2934,0.1774,0.0,33.2,261,3,1,male,tier_2_urban,grocery_kirana
APP_11417,21449.06,9018.96,0.5795,0.1734,0.1419,3.3,180,3,1,female,tier_1_metro,gig_delivery
APP_11418,57506.24,44654.51,0.2235,0.1445,0.4459,16.6,281,6,1,female,tier_2_urban,grocery_kirana
APP_11419,32582.13,10906.47,0.6653,0.3916,0.0,1.0,22,12,1,male,tier_1_metro,artisan_freelance
APP_11420,35744.41,12264.42,0.6569,0.2837,0.5763,3.2,74,3,0,female,tier_2_urban,artisan_freelance
APP_11421,65814.48,53246.95,0.191,0.1903,0.0,12.3,337,2,1,female,tier_3_rural,grocery_kirana
APP_11422,61804.83,49047.89,0.2064,0.0959,0.2022,7.6,174,9,1,male,tier_2_urban,grocery_kirana
APP_11423,45723.43,36251.41,0.2072,0.1199,0.5276,22.7,360,2,0,male,tier_3_rural,grocery_kirana
APP_11424,33205.53,17497.8,0.473,0.1909,0.229,3.0,218,4,1,male,tier_2_urban,street_food
APP_11425,63726.01,51808.67,0.187,0.2023,0.0,9.5,157,6,1,male,tier_2_urban,grocery_kirana
APP_11426,78215.5,54033.83,0.3092,0.0879,0.5758,1.0,212,4,0,male,tier_3_rural,grocery_kirana
APP_11427,40059.54,20422.49,0.4902,0.4234,0.0984,13.4,84,3,1,female,tier_1_metro,artisan_freelance
APP_11428,37489.49,18679.54,0.5017,0.2712,0.1483,18.2,76,2,0,male,tier_1_metro,artisan_freelance
APP_11429,42417.94,20640.17,0.5134,0.2524,0.3803,10.9,46,3,1,male,tier_3_rural,artisan_freelance
APP_11430,55931.0,42764.67,0.2354,0.1052,0.0,11.5,152,12,0,male,tier_3_rural,grocery_kirana
APP_11431,21573.66,9813.04,0.5451,0.1784,0.0,1.4,165,12,1,female,tier_1_metro,gig_delivery
APP_11432,29378.82,12368.8,0.579,0.2761,0.0,15.6,73,6,1,male,tier_3_rural,artisan_freelance
APP_11433,37045.43,18493.54,0.5008,0.1377,0.2391,31.8,208,3,1,female,tier_2_urban,street_food
APP_11434,69954.48,55976.37,0.1998,0.1968,0.3131,36.1,220,12,1,male,tier_2_urban,grocery_kirana
APP_11435,43218.36,23345.84,0.4598,0.2133,0.0,41.7,448,9,1,male,tier_2_urban,street_food
APP_11436,24703.96,8565.78,0.6533,0.3797,0.2645,4.5,53,3,0,male,tier_1_metro,artisan_freelance
APP_11437,41424.09,13363.46,0.6774,0.3563,0.3647,4.8,76,9,0,male,tier_2_urban,artisan_freelance
APP_11438,21440.1,8197.18,0.6177,0.3189,0.2165,17.6,73,4,1,male,tier_1_metro,artisan_freelance
APP_11439,21499.45,11795.56,0.4514,0.2813,0.0,6.7,67,3,0,male,tier_2_urban,artisan_freelance
APP_11440,23971.6,8495.87,0.6456,0.2717,0.0,2.3,132,4,1,male,tier_1_metro,gig_delivery
APP_11441,37743.66,18549.67,0.5085,0.262,0.6111,2.2,393,4,0,male,tier_3_rural,street_food
APP_11442,40720.28,24381.23,0.4013,0.1808,0.0,5.1,200,3,1,female,tier_2_urban,street_food
APP_11443,29057.19,8802.8,0.6971,0.2728,0.3102,8.3,40,3,0,male,tier_2_urban,artisan_freelance
APP_11444,18227.44,8406.45,0.5388,0.2716,0.4723,33.6,124,12,0,female,tier_2_urban,gig_delivery
APP_11445,20304.05,11117.81,0.4524,0.1776,0.7046,18.1,201,6,0,female,tier_1_metro,street_food
APP_11446,31266.97,12606.01,0.5968,0.2174,0.0,4.6,144,3,1,female,tier_1_metro,gig_delivery
APP_11447,24603.39,15470.83,0.3712,0.138,0.6207,2.4,331,6,0,female,tier_1_metro,street_food
APP_11448,38352.47,17473.02,0.5444,0.2708,0.2598,2.8,124,9,1,female,tier_2_urban,gig_delivery
APP_11449,38430.65,20006.46,0.4794,0.1943,0.3593,43.7,286,4,1,female,tier_2_urban,street_food
APP_11450,32872.41,12465.05,0.6208,0.4171,0.1063,11.0,31,3,1,male,tier_1_metro,artisan_freelance
APP_11451,37078.83,25472.8,0.313,0.1051,0.0,13.1,227,12,1,male,tier_1_metro,grocery_kirana
APP_11452,45395.98,33763.97,0.2562,0.1545,0.0,16.8,231,2,1,male,tier_1_metro,grocery_kirana
APP_11453,27010.13,11151.63,0.5871,0.3067,0.4993,14.4,29,2,1,male,tier_1_metro,artisan_freelance
APP_11454,22517.82,10400.38,0.5381,0.2334,0.0,39.2,126,12,1,male,tier_2_urban,gig_delivery
APP_11455,46475.22,33738.95,0.274,0.0905,0.331,8.7,241,4,0,male,tier_1_metro,grocery_kirana
APP_11456,45332.43,14090.08,0.6892,0.2967,0.4137,26.1,48,3,0,male,tier_2_urban,artisan_freelance
APP_11457,45061.65,34311.13,0.2386,0.1417,0.0,15.6,222,6,1,female,tier_1_metro,grocery_kirana
APP_11458,46711.5,37850.7,0.1897,0.1095,0.359,6.0,348,3,0,male,tier_3_rural,grocery_kirana
APP_11459,33651.95,15455.73,0.5407,0.3502,0.5501,7.0,82,4,0,male,tier_1_metro,artisan_freelance
APP_11460,19029.9,6697.17,0.6481,0.2794,0.0,40.9,84,6,1,female,tier_3_rural,artisan_freelance
APP_11461,28493.33,20439.11,0.2827,0.1692,0.6255,4.0,215,4,0,male,tier_2_urban,grocery_kirana
APP_11462,27271.72,14960.48,0.4514,0.2458,0.2417,25.5,258,12,1,male,tier_1_metro,street_food
APP_11463,31249.97,12896.02,0.5873,0.1923,0.6473,6.7,173,3,1,male,tier_1_metro,gig_delivery
APP_11464,68849.63,47868.44,0.3047,0.1495,0.0,5.2,336,4,1,male,tier_1_metro,grocery_kirana
APP_11465,36692.58,25609.53,0.3021,0.1018,0.2376,1.0,214,6,1,male,tier_2_urban,grocery_kirana
APP_11466,25738.53,13034.31,0.4936,0.2389,0.2623,2.4,189,3,1,male,tier_1_metro,street_food
APP_11467,28971.27,13309.92,0.5406,0.1849,0.0,2.0,350,9,1,female,tier_1_metro,street_food
APP_11468,35132.77,20337.5,0.4211,0.2466,0.2633,8.3,253,3,0,male,tier_1_metro,street_food
APP_11469,19750.0,10518.89,0.4674,0.4681,0.0,9.6,49,4,1,male,tier_3_rural,artisan_freelance
APP_11470,20933.15,9215.29,0.5598,0.1533,0.6122,21.7,118,4,1,female,tier_2_urban,gig_delivery
APP_11471,46149.33,36370.38,0.2119,0.1486,0.0,20.8,318,3,0,female,tier_3_rural,grocery_kirana
APP_11472,31717.82,17076.54,0.4616,0.4712,0.6005,4.0,64,6,0,female,tier_1_metro,artisan_freelance
APP_11473,48914.61,22956.53,0.5307,0.1367,0.0,26.6,372,4,1,male,tier_1_metro,street_food
APP_11474,21619.46,11900.39,0.4496,0.5264,0.2508,4.6,40,4,0,male,tier_1_metro,artisan_freelance
APP_11475,46179.49,25667.29,0.4442,0.2669,0.1734,22.7,342,2,0,male,tier_3_rural,street_food
APP_11476,19570.02,6865.58,0.6492,0.3126,0.1449,16.6,143,4,1,male,tier_2_urban,gig_delivery
APP_11477,27936.29,15875.71,0.4317,0.4494,0.0,22.6,86,9,1,female,tier_2_urban,artisan_freelance
APP_11478,27923.25,10598.03,0.6205,0.2846,0.1623,9.7,167,3,1,female,tier_2_urban,gig_delivery
APP_11479,39497.87,19887.23,0.4965,0.2896,0.3158,2.5,25,4,1,male,tier_1_metro,artisan_freelance
APP_11480,32946.47,11594.68,0.6481,0.2041,0.2971,4.7,116,12,0,female,tier_2_urban,gig_delivery
APP_11481,51414.76,40994.77,0.2027,0.1149,0.0,16.8,159,12,0,female,tier_2_urban,grocery_kirana
APP_11482,29951.03,9864.77,0.6706,0.5252,0.3132,23.8,86,2,1,male,tier_3_rural,artisan_freelance
APP_11483,63190.39,46859.86,0.2584,0.1157,0.7367,1.0,280,4,0,male,tier_2_urban,grocery_kirana
APP_11484,32364.65,15951.64,0.5071,0.1873,0.1361,7.0,139,3,1,male,tier_3_rural,gig_delivery
APP_11485,23466.01,10012.46,0.5733,0.4045,0.124,7.7,45,6,1,female,tier_2_urban,artisan_freelance
APP_11486,29289.04,16031.42,0.4526,0.2139,0.0,5.5,229,6,1,male,tier_3_rural,street_food
APP_11487,36181.17,18295.74,0.4943,0.1319,0.0,45.9,192,4,1,male,tier_1_metro,street_food
APP_11488,15169.4,7001.18,0.5385,0.1517,0.0,47.8,103,3,1,male,tier_2_urban,gig_delivery
APP_11489,21800.63,10211.49,0.5316,0.368,0.7436,20.4,69,6,0,male,tier_3_rural,artisan_freelance
APP_11490,56719.95,42357.47,0.2532,0.096,0.3721,23.2,150,6,0,male,tier_2_urban,grocery_kirana
APP_11491,37160.34,18351.76,0.5061,0.1544,0.2247,15.6,231,3,1,male,tier_1_metro,street_food
APP_11492,32046.33,9942.32,0.6898,0.5325,0.0,9.7,29,6,1,female,tier_2_urban,artisan_freelance
APP_11493,65584.32,52485.39,0.1997,0.1105,0.0,4.2,294,4,1,male,tier_2_urban,grocery_kirana
APP_11494,37128.04,20428.95,0.4498,0.1544,0.5595,1.1,215,12,1,male,tier_3_rural,street_food
APP_11495,16539.08,6801.96,0.5887,0.4879,0.2818,10.2,48,2,0,male,tier_3_rural,artisan_freelance
APP_11496,46336.16,36938.8,0.2028,0.1272,0.0,3.2,381,6,0,male,tier_1_metro,grocery_kirana
APP_11497,31208.67,14732.84,0.5279,0.1714,0.0,4.4,91,12,0,male,tier_1_metro,gig_delivery
APP_11498,49260.82,34609.73,0.2974,0.14,0.4346,16.2,229,4,0,male,tier_1_metro,grocery_kirana
APP_11499,40774.49,24240.16,0.4055,0.3435,0.3837,1.0,57,2,0,male,tier_3_rural,artisan_freelance
APP_11500,29224.48,13448.95,0.5398,0.267,0.0,15.5,133,9,0,male,tier_3_rural,gig_delivery
APP_11501,40507.19,16497.45,0.5927,0.5293,0.5835,14.6,56,4,0,female,tier_3_rural,artisan_freelance
APP_11502,32783.55,13563.17,0.5863,0.3175,0.7385,3.9,162,12,1,male,tier_2_urban,gig_delivery
APP_11503,32754.06,14793.87,0.5483,0.1516,0.4435,39.2,428,4,1,female,tier_2_urban,street_food
APP_11504,48079.88,27834.35,0.4211,0.2513,0.4549,19.7,313,3,1,female,tier_3_rural,street_food
APP_11505,44815.2,26736.1,0.4034,0.1963,0.628,5.8,292,3,1,male,tier_3_rural,street_food
APP_11506,29004.85,10495.38,0.6382,0.3895,0.5842,4.2,59,4,0,male,tier_2_urban,artisan_freelance
APP_11507,19642.97,11580.24,0.4105,0.3731,0.386,7.0,56,6,1,female,tier_2_urban,artisan_freelance
APP_11508,40981.19,22192.47,0.4585,0.2429,0.1093,1.0,206,9,1,male,tier_2_urban,street_food
APP_11509,56997.92,46729.26,0.1802,0.091,0.0,10.2,233,4,1,male,tier_2_urban,grocery_kirana
APP_11510,59103.32,19047.49,0.6777,0.4436,0.606,2.0,82,9,0,male,tier_1_metro,artisan_freelance
APP_11511,37198.71,19675.22,0.4711,0.4829,0.0,2.0,43,12,0,male,tier_1_metro,artisan_freelance
APP_11512,30208.55,11526.04,0.6185,0.2756,0.5627,12.6,185,12,1,female,tier_3_rural,gig_delivery
APP_11513,36420.01,18124.04,0.5024,0.1941,0.0897,24.7,199,4,1,female,tier_2_urban,gig_delivery
APP_11514,64720.33,44398.47,0.314,0.1776,0.2382,1.0,353,6,1,male,tier_1_metro,grocery_kirana
APP_11515,46301.67,34715.15,0.2502,0.1185,0.0,14.2,228,6,1,male,tier_1_metro,grocery_kirana
APP_11516,40056.51,21649.62,0.4595,0.3982,0.67,9.0,70,3,1,male,tier_2_urban,artisan_freelance
APP_11517,43340.01,19026.83,0.561,0.4813,0.476,7.4,21,2,1,male,tier_1_metro,artisan_freelance
APP_11518,44567.38,21739.83,0.5122,0.2574,0.0,7.4,365,3,0,female,tier_1_metro,street_food
APP_11519,44061.88,31051.79,0.2953,0.1753,0.6325,7.3,209,12,0,male,tier_1_metro,grocery_kirana
APP_11520,28138.87,11893.5,0.5773,0.4011,0.0,1.0,45,9,1,female,tier_1_metro,artisan_freelance
APP_11521,67182.65,49691.34,0.2604,0.2008,0.1485,28.5,315,4,0,female,tier_1_metro,grocery_kirana
APP_11522,21233.97,13145.98,0.3809,0.1841,0.0,23.0,441,6,1,female,tier_3_rural,street_food
APP_11523,25933.88,10271.22,0.6039,0.1509,0.1164,5.7,93,3,1,female,tier_1_metro,gig_delivery
APP_11524,32370.42,16430.01,0.4924,0.2128,0.0,4.2,373,4,0,male,tier_2_urban,street_food
APP_11525,43127.6,23752.07,0.4493,0.1869,0.4394,12.0,373,6,1,female,tier_2_urban,street_food
APP_11526,39980.84,18276.13,0.5429,0.1548,0.1351,15.7,358,2,1,male,tier_3_rural,street_food
APP_11527,48186.34,22731.59,0.5283,0.2486,0.6941,11.3,242,6,0,male,tier_2_urban,street_food
APP_11528,25667.56,7773.17,0.6972,0.4905,0.0,1.5,71,3,0,male,tier_2_urban,artisan_freelance
APP_11529,25987.06,9996.49,0.6153,0.4539,0.4263,27.7,47,4,0,male,tier_2_urban,artisan_freelance
APP_11530,33660.01,18690.93,0.4447,0.1858,0.0,34.9,301,9,1,male,tier_1_metro,street_food
APP_11531,50293.49,28752.99,0.4283,0.2552,0.0,12.1,323,2,0,male,tier_2_urban,street_food
APP_11532,31082.89,17459.67,0.4383,0.4763,0.0,8.4,49,9,1,female,tier_3_rural,artisan_freelance
APP_11533,37802.12,17476.16,0.5377,0.1396,0.0,1.0,431,2,0,female,tier_1_metro,street_food
APP_11534,15191.05,5150.19,0.661,0.4315,0.5754,10.6,76,3,0,female,tier_1_metro,artisan_freelance
APP_11535,24500.8,11912.84,0.5138,0.2257,0.124,16.3,190,2,1,male,tier_1_metro,gig_delivery
APP_11536,23427.75,9718.62,0.5852,0.3169,0.0,1.0,161,3,1,female,tier_3_rural,gig_delivery
APP_11537,42467.26,21613.58,0.4911,0.2826,0.6842,13.5,49,9,0,male,tier_3_rural,artisan_freelance
APP_11538,21676.02,12487.09,0.4239,0.5011,0.0,4.8,32,3,1,female,tier_2_urban,artisan_freelance
APP_11539,30036.36,13876.04,0.538,0.2063,0.384,34.3,133,4,1,male,tier_1_metro,gig_delivery
APP_11540,57285.68,18421.25,0.6784,0.4091,0.1956,4.1,45,6,0,female,tier_2_urban,artisan_freelance
APP_11541,29307.24,18075.53,0.3832,0.1759,0.0,19.8,381,3,1,female,tier_1_metro,street_food
APP_11542,20445.48,8660.18,0.5764,0.4212,0.388,27.3,25,6,1,male,tier_2_urban,artisan_freelance
APP_11543,39250.81,23548.31,0.4001,0.3587,0.7011,19.4,85,2,0,male,tier_2_urban,artisan_freelance
APP_11544,31110.87,16928.25,0.4559,0.3956,0.2952,13.4,50,12,0,female,tier_1_metro,artisan_freelance
APP_11545,25112.76,14131.68,0.4373,0.4238,0.0,5.2,58,4,1,male,tier_3_rural,artisan_freelance
APP_11546,17528.09,7992.66,0.544,0.1557,0.2621,1.2,125,6,1,male,tier_2_urban,gig_delivery
APP_11547,30148.19,12435.66,0.5875,0.3111,0.0,23.9,190,3,1,male,tier_3_rural,gig_delivery
APP_11548,18598.75,9074.47,0.5121,0.3499,0.0,34.4,56,4,1,female,tier_3_rural,artisan_freelance
APP_11549,27143.21,10169.36,0.6253,0.53,0.218,1.0,63,2,0,male,tier_2_urban,artisan_freelance
APP_11550,30908.86,12682.32,0.5897,0.2333,0.6177,9.8,113,4,0,male,tier_1_metro,gig_delivery
APP_11551,42101.91,25083.31,0.4042,0.2521,0.3694,7.9,57,3,1,male,tier_2_urban,artisan_freelance
APP_11552,56121.63,40132.97,0.2849,0.2111,0.5923,1.0,337,4,1,male,tier_1_metro,grocery_kirana
APP_11553,29092.14,11333.94,0.6104,0.1759,0.0,4.6,184,4,1,male,tier_2_urban,gig_delivery
APP_11554,20277.07,9316.56,0.5405,0.2358,0.2992,29.4,106,4,1,male,tier_3_rural,gig_delivery
APP_11555,40867.98,19247.95,0.529,0.2255,0.2901,3.3,399,3,0,male,tier_2_urban,street_food
APP_11556,32292.94,11947.92,0.63,0.2383,0.2803,2.1,160,4,0,male,tier_1_metro,gig_delivery
APP_11557,23298.63,10863.35,0.5337,0.2449,0.0,8.9,151,2,1,male,tier_2_urban,gig_delivery
APP_11558,51420.03,41981.24,0.1836,0.17,0.6139,23.2,270,6,0,male,tier_1_metro,grocery_kirana
APP_11559,23348.87,10785.73,0.5381,0.5211,0.0,10.4,39,2,1,male,tier_2_urban,artisan_freelance
APP_11560,12000.0,4409.31,0.6326,0.408,0.552,10.8,36,6,1,female,tier_2_urban,artisan_freelance
APP_11561,28570.65,14412.38,0.4956,0.1394,0.5472,17.0,251,9,0,male,tier_1_metro,street_food
APP_11562,19071.11,7025.68,0.6316,0.2763,0.6542,31.4,178,6,1,male,tier_2_urban,gig_delivery
APP_11563,51499.04,35478.31,0.3111,0.193,0.0,1.3,203,3,1,female,tier_3_rural,grocery_kirana
APP_11564,44926.72,33549.56,0.2532,0.1686,0.0,1.0,156,3,0,male,tier_1_metro,grocery_kirana
APP_11565,25155.96,8885.73,0.6468,0.25,0.6565,6.0,104,9,0,male,tier_3_rural,gig_delivery
APP_11566,45527.21,25803.74,0.4332,0.1227,0.3956,7.5,260,3,0,male,tier_2_urban,street_food
APP_11567,39719.29,14807.8,0.6272,0.3181,0.6926,5.2,59,12,1,female,tier_1_metro,artisan_freelance
APP_11568,30115.31,9228.13,0.6936,0.5396,0.0,12.5,82,9,1,male,tier_1_metro,artisan_freelance
APP_11569,12000.0,4605.06,0.6162,0.3224,0.0,13.5,42,4,1,female,tier_2_urban,artisan_freelance
APP_11570,22060.67,10166.0,0.5392,0.237,0.4109,14.0,146,4,0,male,tier_1_metro,gig_delivery
APP_11571,39230.38,18095.13,0.5387,0.4168,0.4691,9.5,34,4,1,male,tier_3_rural,artisan_freelance
APP_11572,39905.37,25186.59,0.3688,0.2407,0.5576,60.0,206,9,1,male,tier_1_metro,street_food
APP_11573,23592.28,9321.18,0.6049,0.4431,0.6276,2.2,32,9,0,female,tier_2_urban,artisan_freelance
APP_11574,23289.87,12571.17,0.4602,0.2823,0.2642,1.0,60,4,1,female,tier_2_urban,artisan_freelance
APP_11575,51499.96,30676.4,0.4043,0.2858,0.142,11.7,65,12,0,female,tier_1_metro,artisan_freelance
APP_11576,27158.53,12471.44,0.5408,0.5274,0.6733,6.5,63,3,1,male,tier_1_metro,artisan_freelance
APP_11577,38442.05,24440.26,0.3642,0.2631,0.2008,10.3,357,2,1,male,tier_2_urban,street_food
APP_11578,51245.96,35645.82,0.3044,0.1136,0.5484,9.6,187,4,1,male,tier_1_metro,grocery_kirana
APP_11579,46247.35,25529.17,0.448,0.2062,0.0,6.4,431,4,0,female,tier_1_metro,street_food
APP_11580,21425.07,9928.18,0.5366,0.4931,0.6371,7.4,31,3,0,female,tier_2_urban,artisan_freelance
APP_11581,36490.62,19932.58,0.4538,0.1254,0.4553,7.6,356,12,0,male,tier_1_metro,street_food
APP_11582,37794.26,21107.1,0.4415,0.203,0.0,3.6,422,3,0,male,tier_2_urban,street_food
APP_11583,29060.85,21894.82,0.2466,0.1394,0.0,1.0,328,4,0,female,tier_1_metro,grocery_kirana
APP_11584,34680.67,18195.95,0.4753,0.2364,0.0,7.4,294,2,0,female,tier_1_metro,street_food
APP_11585,47019.53,20614.54,0.5616,0.3251,0.0,9.6,58,3,1,female,tier_3_rural,artisan_freelance
APP_11586,29976.61,12316.78,0.5891,0.3404,0.5432,1.3,27,4,0,female,tier_1_metro,artisan_freelance
APP_11587,30167.55,13929.07,0.5383,0.4731,0.5181,3.1,46,12,1,female,tier_1_metro,artisan_freelance
APP_11588,39011.81,24014.89,0.3844,0.1689,0.0,2.4,291,12,0,male,tier_2_urban,street_food
APP_11589,25354.4,15439.9,0.391,0.2462,0.519,18.2,410,12,1,male,tier_3_rural,street_food
APP_11590,40173.58,13845.33,0.6554,0.4543,0.4462,11.8,26,3,1,male,tier_1_metro,artisan_freelance
APP_11591,13895.64,9631.21,0.3069,0.1898,0.5777,9.8,187,6,1,female,tier_1_metro,grocery_kirana
APP_11592,37176.04,19053.71,0.4875,0.3349,0.4551,28.3,64,4,1,male,tier_2_urban,artisan_freelance
APP_11593,31272.25,16380.59,0.4762,0.1957,0.0,13.1,430,4,1,male,tier_2_urban,street_food
APP_11594,17934.4,7937.42,0.5574,0.2502,0.3678,9.0,126,9,1,male,tier_1_metro,gig_delivery
APP_11595,19307.05,6952.98,0.6399,0.4242,0.7143,7.6,37,3,0,male,tier_1_metro,artisan_freelance
APP_11596,27237.37,12244.25,0.5505,0.2735,0.4634,47.8,104,9,1,male,tier_2_urban,gig_delivery
APP_11597,18101.29,8616.01,0.524,0.2838,0.7166,25.6,92,9,1,male,tier_3_rural,gig_delivery
APP_11598,52595.74,36308.94,0.3097,0.191,0.428,38.3,247,12,1,male,tier_3_rural,grocery_kirana
APP_11599,36868.22,21990.81,0.4035,0.4264,0.0,2.9,41,3,1,male,tier_2_urban,artisan_freelance
APP_11600,46679.08,36288.58,0.2226,0.152,0.0,39.9,194,9,1,female,tier_2_urban,grocery_kirana
APP_11601,22654.56,8530.28,0.6235,0.1571,0.1949,35.6,142,3,1,male,tier_1_metro,gig_delivery
APP_11602,30446.99,10840.86,0.6439,0.4335,0.6228,17.8,88,9,0,male,tier_1_metro,artisan_freelance
APP_11603,24520.58,10433.13,0.5745,0.157,0.0,13.7,170,3,1,female,tier_2_urban,gig_delivery
APP_11604,24754.34,10778.95,0.5646,0.2196,0.387,8.5,158,4,1,male,tier_1_metro,gig_delivery
APP_11605,67753.24,48454.69,0.2848,0.1734,0.0778,1.6,310,4,0,male,tier_1_metro,grocery_kirana
APP_11606,30889.12,16253.28,0.4738,0.143,0.0,15.0,446,9,1,male,tier_1_metro,street_food
APP_11607,36722.01,17383.32,0.5266,0.2123,0.6475,53.6,232,4,1,female,tier_2_urban,street_food
APP_11608,50998.16,41493.73,0.1864,0.1984,0.0,23.0,373,9,1,male,tier_3_rural,grocery_kirana
APP_11609,45082.05,26785.36,0.4059,0.1789,0.0,4.2,429,9,1,male,tier_1_metro,street_food
APP_11610,29340.76,13633.09,0.5354,0.3044,0.3702,7.6,169,4,0,female,tier_2_urban,gig_delivery
APP_11611,28286.19,12880.62,0.5446,0.3052,0.0,1.0,127,12,1,female,tier_1_metro,gig_delivery
APP_11612,40249.54,22315.33,0.4456,0.1558,0.0,21.9,434,6,1,male,tier_1_metro,street_food
APP_11613,52660.49,29776.78,0.4346,0.2481,0.3581,7.7,257,6,1,male,tier_3_rural,street_food
APP_11614,29325.41,13386.64,0.5435,0.2543,0.0,1.3,92,2,1,male,tier_1_metro,gig_delivery
APP_11615,33078.86,23910.76,0.2772,0.1033,0.0,34.9,260,4,1,male,tier_1_metro,grocery_kirana
APP_11616,32206.01,16170.61,0.4979,0.275,0.0,17.1,236,12,1,female,tier_3_rural,street_food
APP_11617,19086.46,6952.02,0.6358,0.2239,0.6314,3.6,167,3,0,female,tier_2_urban,gig_delivery
APP_11618,31959.21,14080.96,0.5594,0.3104,0.6551,8.9,59,4,0,male,tier_1_metro,artisan_freelance
APP_11619,25732.7,11641.39,0.5476,0.2558,0.578,6.6,197,12,0,male,tier_3_rural,gig_delivery
APP_11620,58150.03,40517.87,0.3032,0.2043,0.4431,21.0,380,3,0,female,tier_3_rural,grocery_kirana
APP_11621,31726.69,18191.57,0.4266,0.1729,0.606,6.4,207,6,1,female,tier_1_metro,street_food
APP_11622,74201.17,57053.02,0.2311,0.2066,0.6716,2.8,318,6,0,male,tier_1_metro,grocery_kirana
APP_11623,34641.66,16639.0,0.5197,0.2506,0.6642,2.8,178,3,0,male,tier_2_urban,gig_delivery
APP_11624,45616.07,16738.45,0.6331,0.4866,0.5722,4.1,29,4,0,male,tier_3_rural,artisan_freelance
APP_11625,55680.04,38937.51,0.3007,0.2051,0.0,24.4,312,12,1,male,tier_3_rural,grocery_kirana
APP_11626,24838.98,10299.09,0.5854,0.1918,0.699,10.9,182,6,0,female,tier_3_rural,gig_delivery
APP_11627,22946.17,9248.22,0.597,0.2427,0.3234,26.3,195,4,1,female,tier_1_metro,gig_delivery
APP_11628,22007.66,9606.36,0.5635,0.2565,0.332,2.6,199,2,0,male,tier_2_urban,gig_delivery
APP_11629,35002.97,27336.62,0.219,0.1022,0.0,14.5,336,4,1,female,tier_1_metro,grocery_kirana
APP_11630,33020.85,13697.84,0.5852,0.1571,0.5005,2.3,119,4,1,female,tier_3_rural,gig_delivery
APP_11631,34829.4,17110.17,0.5087,0.2456,0.1513,1.1,288,6,0,female,tier_3_rural,street_food
APP_11632,30652.41,16528.76,0.4608,0.1812,0.6247,7.6,202,6,1,male,tier_2_urban,street_food
APP_11633,25863.97,11178.65,0.5678,0.3062,0.1176,9.1,57,6,1,male,tier_1_metro,artisan_freelance
APP_11634,45517.03,35457.46,0.221,0.1285,0.7142,25.5,336,6,0,male,tier_1_metro,grocery_kirana
APP_11635,43271.13,27229.86,0.3707,0.254,0.0,30.8,407,6,0,female,tier_2_urban,street_food
APP_11636,23505.12,10226.01,0.5649,0.1745,0.379,16.6,140,9,0,female,tier_3_rural,gig_delivery
APP_11637,49724.63,24767.22,0.5019,0.2565,0.0,4.3,315,12,0,female,tier_1_metro,street_food
APP_11638,30308.31,10857.78,0.6418,0.1582,0.0,18.3,165,3,1,male,tier_3_rural,gig_delivery
APP_11639,19872.42,7096.97,0.6429,0.2919,0.0,5.5,168,4,0,female,tier_1_metro,gig_delivery
APP_11640,42823.14,34246.55,0.2003,0.1614,0.7102,10.4,386,6,0,male,tier_3_rural,grocery_kirana
APP_11641,22371.56,9490.94,0.5758,0.2393,0.0,1.0,152,9,1,male,tier_2_urban,gig_delivery
APP_11642,51196.2,16247.48,0.6826,0.3037,0.2579,10.4,38,6,1,male,tier_1_metro,artisan_freelance
APP_11643,39583.42,21200.09,0.4644,0.2565,0.0,16.1,363,9,1,female,tier_1_metro,street_food
APP_11644,26053.27,9469.01,0.6366,0.2055,0.6905,9.4,98,12,0,male,tier_1_metro,gig_delivery
APP_11645,19777.75,8834.41,0.5533,0.1928,0.4714,4.1,130,4,0,male,tier_3_rural,gig_delivery
APP_11646,23086.88,9443.02,0.591,0.1676,0.3582,38.7,87,2,1,female,tier_2_urban,gig_delivery
APP_11647,30401.58,12516.76,0.5883,0.3466,0.3488,1.0,61,4,0,male,tier_2_urban,artisan_freelance
APP_11648,41499.94,21074.25,0.4922,0.1686,0.2512,19.3,435,6,0,male,tier_1_metro,street_food
APP_11649,44962.56,20738.13,0.5388,0.4304,0.6741,1.0,81,3,1,male,tier_2_urban,artisan_freelance
APP_11650,32135.23,13986.54,0.5648,0.227,0.0,14.3,134,9,1,male,tier_1_metro,gig_delivery
APP_11651,25691.79,14897.15,0.4202,0.3259,0.0,11.4,44,3,1,female,tier_2_urban,artisan_freelance
APP_11652,47396.93,34572.62,0.2706,0.1492,0.4292,11.4,333,12,1,female,tier_1_metro,grocery_kirana
APP_11653,32125.16,22468.98,0.3006,0.1113,0.4748,10.7,177,3,1,female,tier_3_rural,grocery_kirana
APP_11654,64392.45,48904.91,0.2405,0.1378,0.0,28.0,359,3,1,male,tier_2_urban,grocery_kirana
APP_11655,28874.24,12507.78,0.5668,0.2714,0.0,1.0,109,2,1,female,tier_3_rural,gig_delivery
APP_11656,40314.99,12661.59,0.6859,0.2662,0.4976,5.7,79,12,1,female,tier_3_rural,artisan_freelance
APP_11657,39980.91,23950.47,0.401,0.5379,0.6862,24.0,56,2,0,female,tier_2_urban,artisan_freelance
APP_11658,48726.72,37768.18,0.2249,0.1722,0.6865,28.1,298,4,0,male,tier_2_urban,grocery_kirana
APP_11659,22890.19,11698.02,0.489,0.2978,0.6206,12.0,38,4,1,male,tier_1_metro,artisan_freelance
APP_11660,73219.87,54813.53,0.2514,0.0947,0.3646,1.0,183,3,1,male,tier_1_metro,grocery_kirana
APP_11661,61077.46,45209.68,0.2598,0.1268,0.1001,44.5,317,6,1,male,tier_1_metro,grocery_kirana
APP_11662,26199.63,12916.76,0.507,0.2699,0.4081,11.0,88,2,0,female,tier_2_urban,gig_delivery
APP_11663,36052.72,20608.87,0.4284,0.1696,0.0,13.9,211,9,1,female,tier_3_rural,street_food
APP_11664,34183.95,19797.53,0.4209,0.265,0.0,52.5,222,2,0,male,tier_1_metro,street_food
APP_11665,64730.34,44906.2,0.3063,0.0978,0.1596,2.8,233,4,1,male,tier_1_metro,grocery_kirana
APP_11666,44705.19,28970.21,0.352,0.2285,0.6013,3.6,217,4,1,male,tier_2_urban,street_food
APP_11667,25712.62,9470.61,0.6317,0.2319,0.0,13.8,147,9,1,male,tier_1_metro,gig_delivery
APP_11668,16927.74,5790.67,0.6579,0.4601,0.0,13.2,49,2,1,male,tier_2_urban,artisan_freelance
APP_11669,33546.26,21194.08,0.3682,0.1958,0.0,33.9,372,12,1,male,tier_2_urban,street_food
APP_11670,39116.21,28522.58,0.2708,0.202,0.2356,5.1,196,12,1,male,tier_1_metro,grocery_kirana
APP_11671,49769.18,36168.91,0.2733,0.2047,0.0,2.1,168,4,1,female,tier_3_rural,grocery_kirana
APP_11672,28678.4,15708.33,0.4523,0.2687,0.0,33.9,215,4,1,female,tier_3_rural,street_food
APP_11673,35792.49,24673.95,0.3106,0.1497,0.5195,4.8,227,9,1,male,tier_2_urban,grocery_kirana
APP_11674,64715.89,44348.45,0.3147,0.1715,0.7415,10.4,235,6,0,female,tier_1_metro,grocery_kirana
APP_11675,39845.69,24239.51,0.3917,0.204,0.0,13.4,353,4,1,male,tier_1_metro,street_food
APP_11676,24861.14,12766.23,0.4865,0.2556,0.0,8.2,428,3,1,male,tier_2_urban,street_food
APP_11677,31630.29,15782.92,0.501,0.2401,0.6533,2.6,226,3,0,male,tier_1_metro,street_food
APP_11678,24543.23,11328.08,0.5384,0.2399,0.0,1.1,165,3,0,female,tier_3_rural,gig_delivery
APP_11679,16836.85,7942.1,0.5283,0.2556,0.4116,57.6,357,9,1,male,tier_3_rural,street_food
APP_11680,15838.3,7989.14,0.4956,0.5184,0.0,2.8,71,4,0,male,tier_1_metro,artisan_freelance
APP_11681,39852.15,29660.68,0.2557,0.1185,0.387,11.6,274,4,0,male,tier_3_rural,grocery_kirana
APP_11682,47474.89,33066.89,0.3035,0.1422,0.2087,7.7,354,4,1,female,tier_1_metro,grocery_kirana
APP_11683,37672.66,19578.56,0.4803,0.1614,0.657,17.1,297,3,0,female,tier_2_urban,street_food
APP_11684,47327.13,37605.61,0.2054,0.082,0.656,8.0,156,6,0,male,tier_1_metro,grocery_kirana
APP_11685,33065.34,16828.38,0.4911,0.2108,0.1458,12.8,314,9,0,male,tier_2_urban,street_food
APP_11686,29593.28,15748.67,0.4678,0.504,0.4659,18.1,79,4,0,male,tier_2_urban,artisan_freelance
APP_11687,23513.04,13625.7,0.4205,0.5365,0.0,23.3,33,4,0,male,tier_2_urban,artisan_freelance
APP_11688,52895.4,40642.55,0.2316,0.1966,0.3494,10.8,259,4,1,male,tier_1_metro,grocery_kirana
APP_11689,26523.59,10627.26,0.5993,0.1698,0.0,5.3,126,4,1,female,tier_1_metro,gig_delivery
APP_11690,24085.03,8798.68,0.6347,0.1912,0.3698,4.7,93,2,0,female,tier_2_urban,gig_delivery
APP_11691,36002.89,19491.0,0.4586,0.2533,0.0,41.8,51,4,1,female,tier_1_metro,artisan_freelance
APP_11692,32715.67,14742.67,0.5494,0.1629,0.6072,7.0,395,6,0,male,tier_1_metro,street_food
APP_11693,25606.6,11372.65,0.5559,0.2275,0.5395,14.1,112,3,1,male,tier_3_rural,gig_delivery
APP_11694,45908.87,22894.27,0.5013,0.2177,0.0,21.0,448,12,1,male,tier_2_urban,street_food
APP_11695,28188.62,12799.81,0.5459,0.3174,0.633,7.0,56,2,0,female,tier_1_metro,artisan_freelance
APP_11696,27078.81,10137.31,0.6256,0.2737,0.2469,29.4,89,3,0,female,tier_1_metro,artisan_freelance
APP_11697,27601.3,10208.01,0.6302,0.2267,0.3289,18.0,165,2,1,male,tier_3_rural,gig_delivery
APP_11698,68995.04,53824.27,0.2199,0.1853,0.0,2.8,175,2,0,male,tier_1_metro,grocery_kirana
APP_11699,30579.12,15286.35,0.5001,0.1743,0.0,7.3,392,4,1,male,tier_1_metro,street_food
APP_11700,22062.39,8399.3,0.6193,0.2572,0.0,1.8,144,6,1,female,tier_3_rural,gig_delivery
APP_11701,30706.6,10985.4,0.6422,0.1882,0.556,9.0,175,6,0,male,tier_2_urban,gig_delivery
APP_11702,24039.43,11290.33,0.5303,0.1864,0.3521,15.4,85,4,0,female,tier_3_rural,gig_delivery
APP_11703,49710.21,17800.9,0.6419,0.2992,0.0,3.2,63,4,0,male,tier_1_metro,artisan_freelance
APP_11704,32030.6,10406.95,0.6751,0.462,0.303,15.5,44,4,1,female,tier_1_metro,artisan_freelance
APP_11705,42676.98,22340.6,0.4765,0.1572,0.0,17.6,238,12,1,male,tier_2_urban,street_food
APP_11706,47192.22,27475.92,0.4178,0.2511,0.1722,15.6,382,6,1,female,tier_3_rural,street_food
APP_11707,25764.41,13942.3,0.4589,0.4514,0.6587,6.0,73,3,0,male,tier_1_metro,artisan_freelance
APP_11708,25380.46,11353.12,0.5527,0.2923,0.0,41.2,191,12,1,female,tier_1_metro,gig_delivery
APP_11709,34118.79,14379.02,0.5786,0.4474,0.526,4.8,50,3,0,male,tier_1_metro,artisan_freelance
APP_11710,70349.01,51816.98,0.2634,0.1702,0.0,6.2,399,9,1,male,tier_1_metro,grocery_kirana
APP_11711,24047.48,11099.77,0.5384,0.1933,0.0,12.1,134,4,1,female,tier_3_rural,gig_delivery
APP_11712,35320.81,19055.23,0.4605,0.3789,0.0,1.0,23,2,0,male,tier_1_metro,artisan_freelance
APP_11713,43169.04,19817.72,0.5409,0.1406,0.1788,14.9,259,12,1,male,tier_2_urban,street_food
APP_11714,12000.0,6536.7,0.4553,0.2819,0.3489,3.6,38,4,0,male,tier_1_metro,artisan_freelance
APP_11715,27493.17,13245.02,0.5182,0.2118,0.0,11.1,196,4,1,female,tier_2_urban,gig_delivery
APP_11716,17072.1,6559.19,0.6158,0.1565,0.0,8.9,183,2,1,male,tier_3_rural,gig_delivery
APP_11717,70670.65,49355.82,0.3016,0.1208,0.0,1.4,371,6,1,male,tier_3_rural,grocery_kirana
APP_11718,28955.32,11545.73,0.6013,0.3164,0.3814,9.7,110,4,1,male,tier_3_rural,gig_delivery
APP_11719,23876.68,11640.13,0.5125,0.4378,0.1247,4.6,24,3,1,male,tier_2_urban,artisan_freelance
APP_11720,52131.66,32483.95,0.3769,0.2503,0.1791,8.6,341,4,1,male,tier_3_rural,street_food
APP_11721,41845.45,26228.58,0.3732,0.2277,0.5265,1.3,381,2,1,female,tier_3_rural,street_food
APP_11722,56942.07,43753.9,0.2316,0.0892,0.0,60.0,357,2,1,male,tier_2_urban,grocery_kirana
APP_11723,48343.83,14644.33,0.6971,0.4733,0.0632,5.1,88,4,0,male,tier_2_urban,artisan_freelance
APP_11724,52912.39,33332.35,0.37,0.2691,0.6194,1.2,197,6,0,female,tier_2_urban,street_food
APP_11725,29302.83,22439.5,0.2342,0.164,0.5493,12.6,365,4,1,female,tier_3_rural,grocery_kirana
APP_11726,39177.1,20750.75,0.4703,0.4695,0.2061,2.7,80,6,0,male,tier_1_metro,artisan_freelance
APP_11727,70217.63,50788.86,0.2767,0.198,0.0,13.3,237,4,0,male,tier_1_metro,grocery_kirana
APP_11728,50107.28,38896.43,0.2237,0.152,0.561,10.8,318,9,1,female,tier_3_rural,grocery_kirana
APP_11729,51265.35,36352.07,0.2909,0.1493,0.2872,7.4,153,9,0,male,tier_3_rural,grocery_kirana
APP_11730,24892.51,17476.95,0.2979,0.1122,0.4361,8.0,224,4,0,female,tier_2_urban,grocery_kirana
APP_11731,24312.34,8702.12,0.6421,0.3382,0.3963,10.7,63,4,1,male,tier_1_metro,artisan_freelance
APP_11732,26760.17,8261.05,0.6913,0.4536,0.187,1.0,50,9,1,female,tier_2_urban,artisan_freelance
APP_11733,55189.0,27592.84,0.5,0.1544,0.3008,35.9,214,9,1,female,tier_1_metro,street_food
APP_11734,47797.29,37480.85,0.2158,0.0845,0.727,3.3,344,6,0,male,tier_3_rural,grocery_kirana
APP_11735,38782.74,14250.96,0.6325,0.3799,0.5485,1.0,26,3,0,male,tier_2_urban,artisan_freelance
APP_11736,42643.86,19436.12,0.5442,0.2509,0.0,15.2,72,3,1,female,tier_2_urban,artisan_freelance
APP_11737,58259.2,45235.6,0.2235,0.1248,0.2176,41.7,326,6,1,male,tier_3_rural,grocery_kirana
APP_11738,34166.37,16018.04,0.5312,0.2771,0.0,2.6,210,4,0,female,tier_2_urban,street_food
APP_11739,67627.07,48149.36,0.288,0.1113,0.0,1.0,241,9,1,male,tier_2_urban,grocery_kirana
APP_11740,25422.86,9542.33,0.6247,0.2624,0.0,10.4,156,6,0,female,tier_1_metro,gig_delivery
APP_11741,41159.68,30954.05,0.248,0.1295,0.6494,6.7,211,6,0,female,tier_1_metro,grocery_kirana
APP_11742,58142.27,46533.02,0.1997,0.1345,0.2978,4.0,320,6,1,male,tier_1_metro,grocery_kirana
APP_11743,34149.85,17632.52,0.4837,0.2384,0.0,38.8,429,3,1,female,tier_3_rural,street_food
APP_11744,25501.91,10573.09,0.5854,0.2677,0.1093,11.5,88,6,1,male,tier_2_urban,gig_delivery
APP_11745,48852.24,24911.34,0.4901,0.3701,0.2598,33.1,59,4,1,male,tier_1_metro,artisan_freelance
APP_11746,34024.98,17825.05,0.4761,0.4904,0.2746,26.5,27,4,1,male,tier_2_urban,artisan_freelance
APP_11747,21760.86,9312.78,0.572,0.298,0.0,19.7,175,6,1,male,tier_2_urban,gig_delivery
APP_11748,33159.78,11034.79,0.6672,0.4264,0.5907,2.1,76,6,1,female,tier_3_rural,artisan_freelance
APP_11749,35219.48,14486.25,0.5887,0.2035,0.5609,11.0,110,4,1,male,tier_1_metro,gig_delivery
APP_11750,26012.9,9583.84,0.6316,0.2172,0.0,29.1,182,2,1,male,tier_2_urban,gig_delivery
APP_11751,51273.69,35411.1,0.3094,0.1739,0.0,31.2,245,6,1,female,tier_1_metro,grocery_kirana
APP_11752,33430.57,19339.46,0.4215,0.4619,0.3043,11.7,72,12,0,male,tier_1_metro,artisan_freelance
APP_11753,28122.91,15613.41,0.4448,0.3907,0.4769,17.2,89,4,1,male,tier_3_rural,artisan_freelance
APP_11754,18144.68,10801.5,0.4047,0.3754,0.4683,22.4,31,2,0,female,tier_1_metro,artisan_freelance
APP_11755,54423.83,37425.82,0.3123,0.1652,0.0,36.1,321,2,0,male,tier_1_metro,grocery_kirana
APP_11756,35910.8,14052.18,0.6087,0.5273,0.5029,8.7,53,3,0,male,tier_2_urban,artisan_freelance
APP_11757,34233.16,15518.74,0.5467,0.2334,0.3362,7.3,197,4,1,male,tier_1_metro,gig_delivery
APP_11758,28857.3,10955.87,0.6203,0.318,0.1644,8.4,153,2,0,female,tier_1_metro,gig_delivery
APP_11759,22596.2,9866.77,0.5633,0.1929,0.0,17.7,113,4,1,female,tier_2_urban,gig_delivery
APP_11760,25452.45,9438.09,0.6292,0.2882,0.3699,14.7,180,4,1,male,tier_2_urban,gig_delivery
APP_11761,27960.02,13051.42,0.5332,0.1639,0.294,10.0,198,4,1,male,tier_2_urban,gig_delivery
APP_11762,18383.48,6677.99,0.6367,0.2126,0.0,8.2,169,4,1,female,tier_3_rural,gig_delivery
APP_11763,39919.48,19599.77,0.509,0.1221,0.239,19.0,444,4,1,female,tier_1_metro,street_food
APP_11764,52601.51,39404.21,0.2509,0.1333,0.0,7.0,395,4,1,male,tier_1_metro,grocery_kirana
APP_11765,20173.56,6627.44,0.6715,0.418,0.5263,20.5,47,3,0,female,tier_1_metro,artisan_freelance
APP_11766,68232.36,48934.5,0.2828,0.1459,0.391,8.9,292,2,1,female,tier_1_metro,grocery_kirana
APP_11767,44885.64,26352.2,0.4129,0.232,0.219,1.0,187,3,0,female,tier_1_metro,street_food
APP_11768,28227.67,12764.52,0.5478,0.2197,0.4624,10.6,154,4,1,male,tier_2_urban,gig_delivery
APP_11769,31231.06,16000.08,0.4877,0.4467,0.0,27.6,29,3,0,female,tier_1_metro,artisan_freelance
APP_11770,26515.68,12571.98,0.5259,0.2887,0.2498,10.5,136,6,0,male,tier_3_rural,gig_delivery
APP_11771,29865.64,11555.9,0.6131,0.2247,0.0,43.9,179,4,1,male,tier_2_urban,gig_delivery
APP_11772,72218.28,58867.64,0.1849,0.2044,0.4811,25.3,394,3,0,male,tier_3_rural,grocery_kirana
APP_11773,20538.12,9039.42,0.5599,0.2262,0.5493,7.4,85,6,1,female,tier_3_rural,gig_delivery
APP_11774,59774.63,41073.74,0.3129,0.2116,0.1661,2.5,340,6,0,male,tier_1_metro,grocery_kirana
APP_11775,62211.15,48313.79,0.2234,0.206,0.6027,6.3,205,4,0,male,tier_3_rural,grocery_kirana
APP_11776,25172.09,12146.53,0.5175,0.1848,0.0,1.0,157,12,0,female,tier_1_metro,gig_delivery
APP_11777,34763.74,13862.8,0.6012,0.3908,0.3965,1.0,63,2,1,male,tier_1_metro,artisan_freelance
APP_11778,30080.88,14309.37,0.5243,0.2757,0.0,7.5,126,4,1,male,tier_1_metro,gig_delivery
APP_11779,61678.94,43392.01,0.2965,0.1234,0.1107,19.8,288,3,1,female,tier_3_rural,grocery_kirana
APP_11780,27678.45,10093.52,0.6353,0.152,0.0,5.6,153,3,1,female,tier_1_metro,gig_delivery
APP_11781,32150.44,17464.4,0.4568,0.1299,0.1905,1.0,392,3,0,male,tier_1_metro,street_food
APP_11782,19938.49,8239.67,0.5867,0.3132,0.5678,11.5,29,4,1,male,tier_1_metro,artisan_freelance
APP_11783,36133.67,14852.13,0.589,0.2133,0.0,52.8,90,4,1,male,tier_2_urban,gig_delivery
APP_11784,35853.05,18114.37,0.4948,0.2649,0.0,6.8,425,3,1,male,tier_3_rural,street_food
APP_11785,27406.46,12363.75,0.5489,0.1904,0.2436,15.4,127,2,0,male,tier_1_metro,gig_delivery
APP_11786,31418.03,12845.47,0.5911,0.1761,0.0,1.0,127,3,1,female,tier_1_metro,gig_delivery
APP_11787,38605.62,28291.81,0.2672,0.1064,0.3224,25.2,196,3,1,female,tier_1_metro,grocery_kirana
APP_11788,36865.48,17023.44,0.5382,0.1563,0.4664,13.1,440,4,0,female,tier_1_metro,street_food
APP_11789,12000.0,4480.78,0.6266,0.5205,0.5035,8.1,50,12,0,male,tier_2_urban,artisan_freelance
APP_11790,24316.4,8833.49,0.6367,0.3197,0.2801,17.3,91,6,0,male,tier_2_urban,gig_delivery
APP_11791,50866.35,37002.31,0.2726,0.0862,0.7322,4.9,300,4,1,male,tier_3_rural,grocery_kirana
APP_11792,39183.69,20149.19,0.4858,0.3781,0.6436,16.7,25,2,1,male,tier_1_metro,artisan_freelance
APP_11793,26396.32,12124.55,0.5407,0.2004,0.0,40.0,151,6,1,female,tier_3_rural,gig_delivery
APP_11794,27741.82,10020.57,0.6388,0.4329,0.6649,13.8,48,12,1,male,tier_1_metro,artisan_freelance
APP_11795,35114.28,27875.66,0.2061,0.1514,0.3341,8.7,372,3,1,male,tier_1_metro,grocery_kirana
APP_11796,51771.27,30762.72,0.4058,0.4006,0.0782,2.6,28,2,1,female,tier_2_urban,artisan_freelance
APP_11797,37065.26,17503.68,0.5278,0.3062,0.0,9.0,57,6,1,female,tier_2_urban,artisan_freelance
APP_11798,19066.54,6565.29,0.6557,0.4161,0.3889,5.6,58,6,0,male,tier_1_metro,artisan_freelance
APP_11799,20069.76,7167.56,0.6429,0.1542,0.0,24.7,111,2,1,female,tier_2_urban,gig_delivery
APP_11800,24859.62,9368.08,0.6232,0.2428,0.0,8.1,138,12,1,female,tier_1_metro,gig_delivery
APP_11801,26539.88,10376.82,0.609,0.3021,0.2708,5.5,106,12,0,female,tier_3_rural,gig_delivery
APP_11802,44905.7,24402.74,0.4566,0.2415,0.7312,11.6,323,4,0,female,tier_1_metro,street_food
APP_11803,40471.11,25385.4,0.3728,0.1422,0.0,8.0,224,6,1,male,tier_1_metro,street_food
APP_11804,41593.33,19610.42,0.5285,0.2214,0.0,1.0,333,6,0,female,tier_3_rural,street_food
APP_11805,22922.5,9346.21,0.5923,0.1581,0.0,17.2,131,12,1,male,tier_2_urban,gig_delivery
APP_11806,14848.2,6441.9,0.5661,0.4692,0.3273,4.1,42,3,0,male,tier_2_urban,artisan_freelance
APP_11807,64911.08,50440.85,0.2229,0.1968,0.4537,15.3,284,4,0,female,tier_3_rural,grocery_kirana
APP_11808,50998.27,40407.26,0.2077,0.1568,0.4493,14.5,391,12,1,male,tier_2_urban,grocery_kirana
APP_11809,19899.59,9106.95,0.5424,0.2003,0.5594,2.1,128,4,0,male,tier_2_urban,gig_delivery
APP_11810,25168.29,12175.81,0.5162,0.2365,0.0,1.0,95,3,1,male,tier_2_urban,gig_delivery
APP_11811,57121.15,45699.32,0.2,0.1974,0.0,12.9,184,2,1,male,tier_2_urban,grocery_kirana
APP_11812,29918.58,20566.26,0.3126,0.1644,0.4304,1.0,391,4,1,male,tier_1_metro,grocery_kirana
APP_11813,23727.25,9427.52,0.6027,0.1532,0.0,5.3,177,6,1,male,tier_3_rural,gig_delivery
APP_11814,30095.98,14524.77,0.5174,0.1244,0.0,30.5,291,3,1,female,tier_2_urban,street_food
APP_11815,53233.69,38212.83,0.2822,0.1031,0.5026,8.7,327,3,1,female,tier_2_urban,grocery_kirana
APP_11816,28498.13,11072.94,0.6115,0.3059,0.1538,2.6,89,3,0,male,tier_2_urban,gig_delivery
APP_11817,20640.65,10012.37,0.5149,0.5115,0.2518,42.4,70,2,0,female,tier_2_urban,artisan_freelance
APP_11818,58081.4,44433.05,0.235,0.0806,0.3151,7.2,341,9,1,female,tier_1_metro,grocery_kirana
APP_11819,29715.27,12002.28,0.5961,0.2557,0.5743,48.2,50,6,0,female,tier_3_rural,artisan_freelance
APP_11820,53144.11,40893.26,0.2305,0.0824,0.6903,6.5,384,2,0,female,tier_3_rural,grocery_kirana
APP_11821,31398.69,16539.94,0.4732,0.4687,0.2768,11.4,52,2,1,male,tier_2_urban,artisan_freelance
APP_11822,23964.58,11195.12,0.5328,0.2482,0.3384,22.4,89,6,0,female,tier_2_urban,gig_delivery
APP_11823,50032.48,37993.14,0.2406,0.2085,0.5636,3.0,198,3,0,male,tier_2_urban,grocery_kirana
APP_11824,59245.72,41378.12,0.3016,0.1337,0.0,19.7,336,4,1,male,tier_1_metro,grocery_kirana
APP_11825,38514.1,16117.32,0.5815,0.4566,0.0,6.0,72,3,1,male,tier_3_rural,artisan_freelance
APP_11826,65376.25,49615.67,0.2411,0.2173,0.4506,1.0,215,3,0,female,tier_1_metro,grocery_kirana
APP_11827,24842.07,15303.75,0.384,0.2244,0.0,8.2,432,3,1,male,tier_2_urban,street_food
APP_11828,30754.16,15481.5,0.4966,0.1631,0.0,30.1,288,4,1,male,tier_1_metro,street_food
APP_11829,28627.26,10145.99,0.6456,0.2222,0.2367,7.7,120,3,0,male,tier_1_metro,gig_delivery
APP_11830,58661.81,46526.87,0.2069,0.1614,0.3094,26.1,284,6,1,female,tier_2_urban,grocery_kirana
APP_11831,43480.91,22215.11,0.4891,0.4874,0.42,24.2,43,6,1,female,tier_1_metro,artisan_freelance
APP_11832,33117.95,17002.23,0.4866,0.2129,0.4467,10.6,447,9,1,male,tier_1_metro,street_food
APP_11833,58117.61,41927.67,0.2786,0.1164,0.0,8.3,195,2,0,female,tier_2_urban,grocery_kirana
APP_11834,33992.85,18053.27,0.4689,0.2143,0.5855,1.0,430,4,0,female,tier_3_rural,street_food
APP_11835,39856.75,22118.16,0.4451,0.1508,0.0,23.1,263,4,1,male,tier_2_urban,street_food
APP_11836,40427.32,19086.97,0.5279,0.3497,0.0,1.5,56,3,1,female,tier_1_metro,artisan_freelance
APP_11837,40349.52,25282.15,0.3734,0.1679,0.0,8.2,218,9,1,male,tier_1_metro,street_food
APP_11838,48226.25,22704.64,0.5292,0.1863,0.0,27.7,258,12,1,female,tier_2_urban,street_food
APP_11839,31391.5,17193.64,0.4523,0.4366,0.5804,10.3,58,4,0,female,tier_1_metro,artisan_freelance
APP_11840,51155.52,25102.67,0.5093,0.3192,0.359,33.0,63,3,1,male,tier_2_urban,artisan_freelance
APP_11841,44254.58,30902.63,0.3017,0.1133,0.0,5.4,177,9,1,female,tier_1_metro,grocery_kirana
APP_11842,36804.01,25380.14,0.3104,0.1757,0.3072,16.2,226,6,1,female,tier_1_metro,grocery_kirana
APP_11843,32088.19,19494.41,0.3925,0.2572,0.6743,3.4,295,6,0,male,tier_1_metro,street_food
APP_11844,30827.32,16277.63,0.472,0.2362,0.637,12.0,281,4,0,male,tier_1_metro,street_food
APP_11845,29867.24,14417.67,0.5173,0.221,0.0,11.4,94,4,1,male,tier_2_urban,gig_delivery
APP_11846,28432.37,16190.91,0.4305,0.1749,0.1357,20.0,401,6,1,male,tier_1_metro,street_food
APP_11847,40195.81,22248.07,0.4465,0.2705,0.1911,48.3,330,4,1,female,tier_1_metro,street_food
APP_11848,50428.84,38897.33,0.2287,0.2151,0.3326,7.1,200,3,1,female,tier_3_rural,grocery_kirana
APP_11849,58759.73,45955.83,0.2179,0.2199,0.5533,60.0,278,12,0,female,tier_2_urban,grocery_kirana
APP_11850,56952.06,39686.74,0.3032,0.1297,0.1264,30.1,335,4,1,male,tier_2_urban,grocery_kirana
APP_11851,30597.99,24403.27,0.2025,0.1275,0.0,13.6,316,9,1,male,tier_3_rural,grocery_kirana
APP_11852,40229.69,32007.73,0.2044,0.1329,0.0,2.1,220,6,0,male,tier_3_rural,grocery_kirana
APP_11853,35145.07,25328.87,0.2793,0.1996,0.0,17.3,377,2,1,male,tier_1_metro,grocery_kirana
APP_11854,49279.04,25008.7,0.4925,0.1789,0.0,4.1,411,6,1,male,tier_3_rural,street_food
APP_11855,55402.76,40958.59,0.2607,0.2149,0.3007,49.8,358,6,1,female,tier_1_metro,grocery_kirana
APP_11856,35792.72,17170.21,0.5203,0.265,0.0,11.1,421,3,1,male,tier_1_metro,street_food
APP_11857,43434.87,31094.92,0.2841,0.1275,0.7317,1.8,174,4,1,male,tier_1_metro,grocery_kirana
APP_11858,37334.63,20902.74,0.4401,0.1878,0.0,1.0,387,6,1,female,tier_2_urban,street_food
APP_11859,45773.35,25791.91,0.4365,0.5096,0.5142,18.0,74,4,0,male,tier_3_rural,artisan_freelance
APP_11860,29852.43,12208.5,0.591,0.246,0.7063,5.8,129,4,0,female,tier_3_rural,gig_delivery
APP_11861,31972.07,13634.41,0.5736,0.2039,0.4872,7.5,100,12,1,female,tier_1_metro,gig_delivery
APP_11862,42576.8,23996.07,0.4364,0.2493,0.4376,1.0,221,3,0,male,tier_1_metro,street_food
APP_11863,25094.62,10682.31,0.5743,0.167,0.0,23.1,164,12,1,female,tier_2_urban,gig_delivery
APP_11864,76348.13,58689.88,0.2313,0.0851,0.0,2.3,307,9,1,female,tier_2_urban,grocery_kirana
APP_11865,56954.49,41542.47,0.2706,0.2084,0.0,5.1,201,3,1,female,tier_2_urban,grocery_kirana
APP_11866,34381.87,17070.84,0.5035,0.2104,0.0,14.3,148,3,1,male,tier_2_urban,gig_delivery
APP_11867,12000.0,4805.22,0.5996,0.2204,0.4491,27.8,142,3,1,male,tier_2_urban,gig_delivery
APP_11868,57064.4,26118.75,0.5423,0.1713,0.4816,28.9,248,4,0,male,tier_1_metro,street_food
APP_11869,37737.49,14357.3,0.6195,0.2375,0.3964,16.9,192,4,1,male,tier_1_metro,gig_delivery
APP_11870,34791.64,19525.96,0.4388,0.3455,0.3276,17.0,53,6,1,male,tier_1_metro,artisan_freelance
APP_11871,30399.39,10111.48,0.6674,0.4408,0.4852,1.0,50,4,1,male,tier_1_metro,artisan_freelance
APP_11872,40066.43,21167.26,0.4717,0.312,0.7123,1.0,51,4,0,female,tier_2_urban,artisan_freelance
APP_11873,36172.54,17827.41,0.5072,0.1714,0.1004,11.2,266,3,1,female,tier_3_rural,street_food
APP_11874,51974.4,42255.75,0.187,0.0962,0.1602,8.6,354,12,1,male,tier_2_urban,grocery_kirana
APP_11875,36951.84,21971.23,0.4054,0.1943,0.3579,37.0,195,3,1,female,tier_1_metro,street_food
APP_11876,40035.26,18939.22,0.5269,0.1711,0.637,25.3,224,4,1,male,tier_1_metro,street_food
APP_11877,60814.16,48822.85,0.1972,0.1951,0.2438,8.0,189,6,1,male,tier_1_metro,grocery_kirana
APP_11878,22610.07,12886.59,0.4301,0.3557,0.5229,15.9,55,6,1,male,tier_1_metro,artisan_freelance
APP_11879,45409.4,26917.0,0.4072,0.1603,0.0,9.7,417,2,0,male,tier_2_urban,street_food
APP_11880,25670.11,14104.28,0.4506,0.3868,0.2617,6.7,34,6,0,male,tier_2_urban,artisan_freelance
APP_11881,30996.06,13590.25,0.5615,0.5175,0.0,22.2,77,4,1,male,tier_1_metro,artisan_freelance
APP_11882,23913.57,9896.86,0.5861,0.2916,0.4705,1.1,130,9,0,female,tier_1_metro,gig_delivery
APP_11883,33011.25,16364.58,0.5043,0.3003,0.4068,3.7,170,6,1,male,tier_1_metro,gig_delivery
APP_11884,32388.98,17056.79,0.4734,0.2055,0.0,1.2,268,9,1,female,tier_2_urban,street_food
APP_11885,42615.93,29653.1,0.3042,0.1078,0.2622,4.4,243,12,1,male,tier_1_metro,grocery_kirana
APP_11886,26736.22,13132.31,0.5088,0.274,0.4199,8.3,182,6,0,male,tier_1_metro,gig_delivery
APP_11887,38534.79,14635.46,0.6202,0.302,0.0893,20.7,56,3,0,female,tier_3_rural,artisan_freelance
APP_11888,36900.4,21513.99,0.417,0.1943,0.6666,2.8,327,3,0,female,tier_1_metro,street_food
APP_11889,57955.38,39651.55,0.3158,0.1572,0.0872,9.6,312,3,0,male,tier_1_metro,grocery_kirana
APP_11890,25501.53,12183.16,0.5223,0.2581,0.4188,60.0,83,4,1,female,tier_1_metro,gig_delivery
APP_11891,23182.67,10286.47,0.5563,0.2518,0.2245,1.0,179,9,0,female,tier_1_metro,gig_delivery
APP_11892,83661.36,64105.39,0.2338,0.1176,0.1691,1.1,270,4,1,male,tier_1_metro,grocery_kirana
APP_11893,49548.91,25315.46,0.4891,0.1604,0.0,1.8,383,2,0,male,tier_1_metro,street_food
APP_11894,31798.08,13620.9,0.5716,0.4208,0.6625,3.0,82,12,0,female,tier_1_metro,artisan_freelance
APP_11895,68478.12,48270.26,0.2951,0.1587,0.3873,1.5,278,3,0,male,tier_3_rural,grocery_kirana
APP_11896,43802.57,34036.87,0.2229,0.1465,0.0,22.9,170,4,1,male,tier_2_urban,grocery_kirana
APP_11897,63081.67,49303.17,0.2184,0.2031,0.0,17.5,174,4,0,female,tier_2_urban,grocery_kirana
APP_11898,21940.29,9528.68,0.5657,0.2023,0.4287,60.0,162,6,1,female,tier_1_metro,gig_delivery
APP_11899,28550.22,18338.91,0.3577,0.146,0.0,1.0,194,2,1,female,tier_1_metro,street_food
APP_11900,34298.11,18635.27,0.4567,0.2573,0.2465,3.4,424,4,1,male,tier_1_metro,street_food
APP_11901,51315.42,39210.02,0.2359,0.1511,0.0,5.7,295,9,1,male,tier_1_metro,grocery_kirana
APP_11902,23999.64,8520.53,0.645,0.5106,0.0,14.1,44,12,1,male,tier_1_metro,artisan_freelance
APP_11903,27162.48,12534.18,0.5385,0.1589,0.3184,43.7,94,4,1,male,tier_1_metro,gig_delivery
APP_11904,72198.56,49453.75,0.315,0.1012,0.6637,60.0,360,2,1,male,tier_1_metro,grocery_kirana
APP_11905,55825.14,43385.02,0.2228,0.0978,0.4573,2.4,325,3,0,female,tier_1_metro,grocery_kirana
APP_11906,27557.66,16230.06,0.4111,0.276,0.2537,17.4,271,3,1,female,tier_1_metro,street_food
APP_11907,48534.22,39154.69,0.1933,0.1825,0.4226,12.1,297,4,1,female,tier_1_metro,grocery_kirana
APP_11908,78082.16,55083.09,0.2945,0.0808,0.617,18.5,163,4,1,male,tier_3_rural,grocery_kirana
APP_11909,30375.68,16175.81,0.4675,0.1919,0.2856,9.1,190,4,1,male,tier_1_metro,street_food
APP_11910,29152.11,15942.1,0.4531,0.3591,0.6285,60.0,65,4,1,female,tier_1_metro,artisan_freelance
APP_11911,22013.68,7721.91,0.6492,0.1695,0.495,2.4,98,3,1,male,tier_1_metro,gig_delivery
APP_11912,41926.73,12993.71,0.6901,0.3401,0.462,3.0,65,4,1,male,tier_1_metro,artisan_freelance
APP_11913,46457.92,28695.46,0.3823,0.1585,0.4037,11.8,384,4,1,male,tier_1_metro,street_food
APP_11914,63576.92,49377.82,0.2233,0.2091,0.167,12.4,315,2,0,male,tier_3_rural,grocery_kirana
APP_11915,23122.92,8406.86,0.6364,0.182,0.2814,4.8,92,12,0,female,tier_3_rural,gig_delivery
APP_11916,29547.57,14043.63,0.5247,0.1572,0.0,21.6,137,6,1,male,tier_2_urban,gig_delivery
APP_11917,26063.35,11226.24,0.5693,0.3198,0.0,10.7,153,9,0,male,tier_1_metro,gig_delivery
APP_11918,27966.52,10717.91,0.6168,0.1659,0.0,1.4,104,3,1,male,tier_2_urban,gig_delivery
APP_11919,31026.48,16345.17,0.4732,0.1896,0.3879,56.3,300,4,1,female,tier_3_rural,street_food
APP_11920,33428.4,15219.77,0.5447,0.1661,0.5092,11.6,359,12,1,female,tier_3_rural,street_food
APP_11921,45729.37,28626.56,0.374,0.2051,0.0,4.5,249,4,0,male,tier_2_urban,street_food
APP_11922,32539.51,12816.72,0.6061,0.2315,0.0,21.8,112,6,1,male,tier_3_rural,gig_delivery
APP_11923,36272.0,20346.48,0.4391,0.2744,0.0,18.2,42,12,1,female,tier_2_urban,artisan_freelance
APP_11924,67730.98,51230.54,0.2436,0.1464,0.4223,13.7,207,6,0,male,tier_2_urban,grocery_kirana
APP_11925,45903.7,22257.71,0.5151,0.2699,0.7403,14.1,307,9,1,male,tier_2_urban,street_food
APP_11926,26846.72,12550.76,0.5325,0.1789,0.6177,1.8,86,6,0,male,tier_2_urban,gig_delivery
APP_11927,68958.32,48343.03,0.299,0.2142,0.3236,5.0,233,3,0,male,tier_3_rural,grocery_kirana
APP_11928,12000.0,4771.17,0.6024,0.2667,0.0,1.0,83,2,0,female,tier_2_urban,artisan_freelance
APP_11929,33109.02,12602.79,0.6194,0.1909,0.5618,1.0,92,12,1,male,tier_2_urban,gig_delivery
APP_11930,28562.88,13760.38,0.5182,0.1611,0.5842,10.5,89,3,1,male,tier_1_metro,gig_delivery
APP_11931,43158.73,27224.91,0.3692,0.1843,0.6535,18.4,255,12,1,male,tier_1_metro,street_food
APP_11932,25439.24,11136.93,0.5622,0.2956,0.4752,3.2,154,6,1,female,tier_1_metro,gig_delivery
APP_11933,36290.79,16914.39,0.5339,0.2664,0.2978,1.7,287,9,1,male,tier_3_rural,street_food
APP_11934,32880.99,17332.69,0.4729,0.4703,0.5521,1.5,72,6,0,female,tier_1_metro,artisan_freelance
APP_11935,26063.75,7980.04,0.6938,0.3388,0.2277,8.4,61,4,0,female,tier_2_urban,artisan_freelance
APP_11936,40565.95,17115.42,0.5781,0.4054,0.4884,1.1,51,6,0,female,tier_2_urban,artisan_freelance
APP_11937,24880.81,11833.45,0.5244,0.216,0.0,20.7,191,4,1,male,tier_3_rural,gig_delivery
APP_11938,36402.06,13339.18,0.6336,0.3057,0.0,1.9,155,9,0,female,tier_2_urban,gig_delivery
APP_11939,56977.01,44809.84,0.2135,0.2003,0.6183,6.5,201,3,0,male,tier_2_urban,grocery_kirana
APP_11940,44916.98,35848.58,0.2019,0.1757,0.2438,1.0,320,4,1,male,tier_1_metro,grocery_kirana
APP_11941,28012.23,10972.2,0.6083,0.4997,0.4816,5.6,87,12,0,female,tier_1_metro,artisan_freelance
APP_11942,34565.02,17004.63,0.508,0.2636,0.4318,26.3,88,4,1,male,tier_1_metro,artisan_freelance
APP_11943,33874.87,19920.06,0.412,0.1514,0.6814,22.1,371,6,0,male,tier_3_rural,street_food
APP_11944,15783.8,6427.14,0.5928,0.2254,0.6428,1.4,128,12,1,female,tier_2_urban,gig_delivery
APP_11945,33702.22,15229.54,0.5481,0.2158,0.2075,25.8,83,4,1,female,tier_1_metro,gig_delivery
APP_11946,12432.93,7354.11,0.4085,0.4586,0.4862,11.9,39,4,0,female,tier_3_rural,artisan_freelance
APP_11947,27065.75,15419.27,0.4303,0.1887,0.2009,2.7,438,6,1,female,tier_1_metro,street_food
APP_11948,25091.84,9013.28,0.6408,0.2039,0.471,31.2,197,2,1,male,tier_2_urban,gig_delivery
APP_11949,30700.63,12218.92,0.602,0.2724,0.0,10.5,169,6,0,male,tier_2_urban,gig_delivery
APP_11950,37010.26,17618.27,0.524,0.1918,0.6546,45.0,256,12,1,female,tier_2_urban,street_food
APP_11951,30715.66,13841.38,0.5494,0.3006,0.6546,29.0,97,3,0,male,tier_3_rural,gig_delivery
APP_11952,22873.23,10530.0,0.5396,0.3047,0.4301,1.0,81,4,0,male,tier_2_urban,gig_delivery
APP_11953,32699.15,18637.08,0.43,0.2123,0.4669,23.0,306,3,1,male,tier_2_urban,street_food
APP_11954,32942.98,13167.24,0.6003,0.2579,0.0,4.1,86,6,1,male,tier_3_rural,artisan_freelance
APP_11955,17536.78,6249.13,0.6437,0.1551,0.0,11.0,123,12,1,male,tier_3_rural,gig_delivery
APP_11956,56447.62,44404.14,0.2134,0.1992,0.0,3.3,245,12,1,male,tier_2_urban,grocery_kirana
APP_11957,67528.3,53512.76,0.2076,0.17,0.116,26.0,188,3,1,female,tier_1_metro,grocery_kirana
APP_11958,51762.12,32656.35,0.3691,0.1834,0.7174,23.1,438,3,0,male,tier_2_urban,street_food
APP_11959,28452.2,15706.12,0.448,0.3333,0.2019,10.4,37,3,1,female,tier_3_rural,artisan_freelance
APP_11960,40311.02,22092.51,0.4519,0.1846,0.0,12.0,345,9,1,female,tier_3_rural,street_food
APP_11961,42070.6,25558.61,0.3925,0.1533,0.3953,2.9,252,2,0,male,tier_2_urban,street_food
APP_11962,38162.18,21741.78,0.4303,0.2098,0.481,4.0,294,6,1,male,tier_1_metro,street_food
APP_11963,54346.26,40936.88,0.2467,0.2089,0.0,2.9,265,9,0,female,tier_1_metro,grocery_kirana
APP_11964,34657.68,17230.27,0.5028,0.2129,0.72,6.0,298,12,1,male,tier_2_urban,street_food
APP_11965,27210.07,12782.55,0.5302,0.2873,0.579,13.8,171,4,0,male,tier_2_urban,gig_delivery
APP_11966,36989.13,15447.12,0.5824,0.1964,0.1904,20.7,85,2,1,male,tier_3_rural,gig_delivery
APP_11967,32895.15,14845.52,0.5487,0.2759,0.6382,2.9,132,6,0,female,tier_2_urban,gig_delivery
APP_11968,57107.24,40889.8,0.284,0.1723,0.0,1.8,170,2,1,female,tier_1_metro,grocery_kirana
APP_11969,30480.49,18023.29,0.4087,0.2839,0.1521,5.0,85,2,0,female,tier_2_urban,artisan_freelance
APP_11970,36517.05,18655.68,0.4891,0.378,0.0,43.2,20,3,1,female,tier_2_urban,artisan_freelance
APP_11971,30031.62,11532.4,0.616,0.3085,0.0,24.0,109,4,1,female,tier_2_urban,gig_delivery
APP_11972,34043.1,12992.8,0.6183,0.2792,0.078,5.0,197,4,1,male,tier_1_metro,gig_delivery
APP_11973,36994.03,17953.57,0.5147,0.1447,0.72,5.6,282,4,1,male,tier_1_metro,street_food
APP_11974,30163.06,9147.78,0.6967,0.4511,0.5998,22.2,75,6,1,male,tier_1_metro,artisan_freelance
APP_11975,40696.08,21311.36,0.4763,0.1708,0.1051,1.7,245,4,0,male,tier_1_metro,street_food
APP_11976,28828.97,10699.68,0.6289,0.4324,0.6323,13.4,84,4,0,female,tier_2_urban,artisan_freelance
APP_11977,22982.83,11143.63,0.5151,0.2499,0.0,15.5,91,3,1,male,tier_2_urban,gig_delivery
APP_11978,37157.84,19333.24,0.4797,0.1245,0.2472,21.1,356,2,0,female,tier_2_urban,street_food
APP_11979,39348.32,28207.19,0.2831,0.1766,0.0,9.4,381,12,1,female,tier_2_urban,grocery_kirana
APP_11980,59860.42,44089.64,0.2635,0.1212,0.2137,10.3,356,12,1,male,tier_1_metro,grocery_kirana
APP_11981,31235.58,15413.79,0.5065,0.2542,0.0,6.6,189,6,1,male,tier_1_metro,street_food
APP_11982,30938.73,14396.52,0.5347,0.2084,0.0,6.6,92,9,1,male,tier_2_urban,gig_delivery
APP_11983,55100.89,35800.51,0.3503,0.1915,0.3151,1.1,217,2,0,female,tier_1_metro,street_food
APP_11984,43806.03,15277.1,0.6513,0.3051,0.2619,1.0,63,4,0,male,tier_1_metro,artisan_freelance
APP_11985,36180.5,26600.84,0.2648,0.1479,0.0,11.3,285,4,1,female,tier_1_metro,grocery_kirana
APP_11986,32645.58,13673.47,0.5812,0.3812,0.1532,17.5,86,12,1,female,tier_1_metro,artisan_freelance
APP_11987,47650.62,24274.65,0.4906,0.2182,0.0,1.0,359,12,1,male,tier_1_metro,street_food
APP_11988,40078.06,12390.46,0.6908,0.4008,0.0,20.1,24,12,1,male,tier_1_metro,artisan_freelance
APP_11989,31610.09,18317.87,0.4205,0.2538,0.0,12.2,28,12,1,male,tier_1_metro,artisan_freelance
APP_11990,20864.93,8501.77,0.5925,0.2365,0.2664,10.3,82,9,1,female,tier_1_metro,gig_delivery
APP_11991,32560.75,15551.38,0.5224,0.1987,0.2812,1.0,229,9,1,female,tier_3_rural,street_food
APP_11992,37391.26,18722.22,0.4993,0.3007,0.5666,3.1,89,4,0,female,tier_1_metro,artisan_freelance
APP_11993,78057.27,58704.11,0.2479,0.1899,0.6381,8.8,276,6,0,male,tier_1_metro,grocery_kirana
APP_11994,18639.18,6942.51,0.6275,0.2104,0.7155,52.9,172,2,1,male,tier_2_urban,gig_delivery
APP_11995,52243.61,42025.6,0.1956,0.1097,0.4072,1.0,242,3,0,male,tier_2_urban,grocery_kirana
APP_11996,74266.61,55392.32,0.2541,0.1867,0.0,1.5,185,4,0,female,tier_1_metro,grocery_kirana
APP_11997,72001.95,58507.62,0.1874,0.1998,0.6725,2.0,174,6,1,female,tier_3_rural,grocery_kirana
APP_11998,38236.21,24224.22,0.3665,0.2187,0.2946,20.9,411,6,1,male,tier_1_metro,street_food
APP_11999,67564.41,49248.92,0.2711,0.1098,0.43,10.7,170,6,1,male,tier_2_urban,grocery_kirana
APP_12000,41362.15,24283.34,0.4129,0.2098,0.0,5.0,394,2,0,female,tier_1_metro,street_food
APP_12001,48439.7,21892.44,0.548,0.2212,0.6254,8.0,253,3,0,male,tier_1_metro,street_food
APP_12002,28343.89,16423.8,0.4206,0.3006,0.6085,13.2,66,6,0,male,tier_2_urban,artisan_freelance
APP_12003,51140.34,32021.52,0.3739,0.2678,0.0,25.5,397,4,0,male,tier_1_metro,street_food
APP_12004,41520.03,19141.02,0.539,0.2234,0.3949,18.3,322,3,1,male,tier_3_rural,street_food
APP_12005,47418.4,24698.25,0.4791,0.2777,0.0,20.3,415,4,1,male,tier_1_metro,street_food
APP_12006,45642.32,36906.62,0.1914,0.0816,0.6546,7.2,384,12,1,female,tier_1_metro,grocery_kirana
APP_12007,45935.41,24118.54,0.4749,0.2623,0.4803,56.1,246,6,1,female,tier_2_urban,street_food
APP_12008,26817.2,11675.19,0.5646,0.3122,0.0,40.4,148,4,0,male,tier_2_urban,gig_delivery
APP_12009,77844.82,57408.16,0.2625,0.1282,0.0,8.8,272,2,1,male,tier_2_urban,grocery_kirana
APP_12010,45304.48,32903.41,0.2737,0.0824,0.3569,15.9,171,4,1,male,tier_1_metro,grocery_kirana
APP_12011,17988.59,8046.6,0.5527,0.2034,0.0,8.7,180,4,1,male,tier_2_urban,gig_delivery
APP_12012,37789.35,21083.23,0.4421,0.2651,0.5149,7.9,261,2,1,male,tier_1_metro,street_food
APP_12013,36979.04,16867.25,0.5439,0.1425,0.2249,1.0,403,4,0,female,tier_2_urban,street_food
APP_12014,29785.34,11762.47,0.6051,0.2613,0.0,13.3,172,3,1,female,tier_3_rural,gig_delivery
APP_12015,25058.17,11348.17,0.5471,0.2612,0.0,1.6,294,4,0,male,tier_2_urban,street_food
APP_12016,27010.92,10291.58,0.619,0.1755,0.7177,5.5,103,3,0,female,tier_2_urban,gig_delivery
APP_12017,26999.32,15707.11,0.4182,0.2259,0.7454,1.0,238,4,1,female,tier_1_metro,street_food
APP_12018,22821.14,11391.19,0.5008,0.1588,0.1742,14.9,193,3,1,female,tier_1_metro,gig_delivery
APP_12019,28653.32,10652.19,0.6282,0.193,0.0,43.4,121,9,1,female,tier_1_metro,gig_delivery
APP_12020,18110.8,10021.62,0.4466,0.2464,0.3348,20.9,397,4,1,male,tier_1_metro,street_food
APP_12021,54076.61,41788.99,0.2272,0.1686,0.1407,1.1,276,6,0,male,tier_2_urban,grocery_kirana
APP_12022,40776.18,28803.62,0.2936,0.1389,0.7439,25.7,212,6,1,male,tier_1_metro,grocery_kirana
APP_12023,37929.43,24273.74,0.36,0.1835,0.4506,28.0,369,4,1,male,tier_1_metro,street_food
APP_12024,41563.16,24754.3,0.4044,0.4744,0.0,9.4,34,6,0,female,tier_1_metro,artisan_freelance
APP_12025,34398.21,14845.73,0.5684,0.185,0.0,24.3,80,4,1,male,tier_1_metro,gig_delivery
APP_12026,59331.57,44157.55,0.2557,0.2145,0.5117,15.2,198,4,0,male,tier_3_rural,grocery_kirana
APP_12027,44014.46,20939.68,0.5243,0.2524,0.407,12.3,368,6,1,female,tier_2_urban,street_food
APP_12028,58217.57,43395.24,0.2546,0.1693,0.0,4.4,208,3,1,female,tier_3_rural,grocery_kirana
APP_12029,15196.21,4564.8,0.6996,0.2715,0.2405,3.4,61,4,1,male,tier_1_metro,artisan_freelance
APP_12030,64872.19,51251.97,0.21,0.2161,0.4,2.8,231,2,0,male,tier_3_rural,grocery_kirana
APP_12031,35353.17,21197.96,0.4004,0.5059,0.556,16.4,68,4,1,male,tier_2_urban,artisan_freelance
APP_12032,77001.24,53054.13,0.311,0.1732,0.0,15.9,341,9,0,female,tier_1_metro,grocery_kirana
APP_12033,36242.64,12696.97,0.6497,0.3876,0.0,14.8,30,3,1,male,tier_3_rural,artisan_freelance
APP_12034,29228.29,14745.99,0.4955,0.3604,0.1424,5.6,63,3,1,female,tier_2_urban,artisan_freelance
APP_12035,31567.2,17221.51,0.4544,0.3233,0.4277,1.9,85,4,1,female,tier_3_rural,artisan_freelance
APP_12036,40473.49,29696.16,0.2663,0.1017,0.2671,9.9,369,2,0,female,tier_1_metro,grocery_kirana
APP_12037,32384.8,9731.89,0.6995,0.4585,0.2962,8.7,69,6,0,male,tier_2_urban,artisan_freelance
APP_12038,26198.61,10869.01,0.5851,0.2845,0.0,2.3,138,2,1,female,tier_1_metro,gig_delivery
APP_12039,34270.32,15971.7,0.5339,0.2297,0.1646,28.7,193,6,1,male,tier_3_rural,gig_delivery
APP_12040,61716.39,43855.39,0.2894,0.1405,0.2499,3.4,175,9,1,female,tier_2_urban,grocery_kirana
APP_12041,32801.29,15728.08,0.5205,0.2437,0.0,8.5,163,4,0,male,tier_1_metro,gig_delivery
APP_12042,47516.89,33248.32,0.3003,0.1749,0.6219,6.0,395,4,0,male,tier_2_urban,grocery_kirana
APP_12043,25977.96,13929.72,0.4638,0.3623,0.186,8.5,83,3,1,male,tier_1_metro,artisan_freelance
APP_12044,34157.48,19581.93,0.4267,0.1225,0.5277,9.9,234,3,0,male,tier_1_metro,street_food
APP_12045,70202.96,49310.47,0.2976,0.1614,0.0,22.8,279,2,1,female,tier_1_metro,grocery_kirana
APP_12046,25831.51,14458.63,0.4403,0.2723,0.194,5.0,69,6,0,male,tier_1_metro,artisan_freelance
APP_12047,20988.45,8647.5,0.588,0.4964,0.7497,23.0,62,3,0,female,tier_1_metro,artisan_freelance
APP_12048,28380.13,12870.49,0.5465,0.2265,0.1053,3.1,345,3,0,male,tier_1_metro,street_food
APP_12049,49994.21,23857.67,0.5228,0.1714,0.1259,4.4,337,9,0,male,tier_1_metro,street_food
APP_12050,22466.51,6815.19,0.6967,0.4849,0.0,28.8,69,6,0,male,tier_1_metro,artisan_freelance
APP_12051,38362.38,28055.85,0.2687,0.2047,0.0,25.9,210,6,1,male,tier_2_urban,grocery_kirana
APP_12052,29124.36,18836.65,0.3532,0.2147,0.3179,1.0,298,12,1,female,tier_2_urban,street_food
APP_12053,35563.56,14495.18,0.5924,0.1821,0.1235,43.3,147,12,1,male,tier_3_rural,gig_delivery
APP_12054,30685.87,13484.85,0.5606,0.2174,0.6987,15.2,124,4,0,male,tier_2_urban,gig_delivery
APP_12055,13130.13,5037.5,0.6163,0.3266,0.4496,1.1,64,6,0,female,tier_2_urban,artisan_freelance
APP_12056,38273.92,20464.35,0.4653,0.327,0.4521,22.5,56,4,0,male,tier_1_metro,artisan_freelance
APP_12057,30960.8,15730.74,0.4919,0.391,0.0,18.5,39,6,0,female,tier_3_rural,artisan_freelance
APP_12058,39810.79,22516.71,0.4344,0.5475,0.218,10.6,45,4,1,male,tier_1_metro,artisan_freelance
APP_12059,12000.0,4741.33,0.6049,0.4412,0.6973,4.9,30,3,1,male,tier_3_rural,artisan_freelance
APP_12060,32941.88,18703.34,0.4322,0.2276,0.3322,15.4,335,9,1,male,tier_2_urban,street_food
APP_12061,49017.28,23039.3,0.53,0.1656,0.0,2.0,322,3,0,female,tier_1_metro,street_food
APP_12062,62200.21,46696.87,0.2492,0.1235,0.6352,12.6,181,4,1,male,tier_3_rural,grocery_kirana
APP_12063,52096.5,25867.65,0.5035,0.2605,0.6439,11.9,46,3,0,male,tier_2_urban,artisan_freelance
APP_12064,36305.35,17484.96,0.5184,0.2651,0.0,4.3,422,2,0,male,tier_1_metro,street_food
APP_12065,32081.28,19514.87,0.3917,0.2424,0.0,17.7,448,4,0,male,tier_1_metro,street_food
APP_12066,58744.75,44982.47,0.2343,0.1396,0.3696,9.6,399,3,1,female,tier_1_metro,grocery_kirana
APP_12067,44866.16,26693.81,0.405,0.1958,0.3255,11.2,259,12,0,male,tier_1_metro,street_food
APP_12068,18468.7,7915.98,0.5714,0.23,0.0,1.9,179,6,1,female,tier_3_rural,gig_delivery
APP_12069,60303.2,46193.05,0.234,0.1542,0.0,31.6,294,4,1,female,tier_2_urban,grocery_kirana
APP_12070,30881.24,14456.37,0.5319,0.2239,0.6244,24.5,425,2,1,female,tier_1_metro,street_food
APP_12071,43470.65,32137.78,0.2607,0.2024,0.0,18.6,337,4,0,female,tier_1_metro,grocery_kirana
APP_12072,25675.32,13554.08,0.4721,0.3576,0.0,12.8,20,3,0,male,tier_2_urban,artisan_freelance
APP_12073,22041.14,10759.88,0.5118,0.1988,0.334,1.0,185,9,0,male,tier_1_metro,gig_delivery
APP_12074,27316.92,10713.19,0.6078,0.1866,0.0,25.9,174,3,1,male,tier_3_rural,gig_delivery
APP_12075,24716.1,12721.48,0.4853,0.4644,0.4699,52.8,61,4,0,female,tier_3_rural,artisan_freelance
APP_12076,32074.56,20514.64,0.3604,0.1586,0.0,1.0,339,12,1,male,tier_1_metro,street_food
APP_12077,34059.66,21813.97,0.3595,0.1298,0.0,3.7,325,4,1,male,tier_1_metro,street_food
APP_12078,34168.13,15719.58,0.5399,0.2526,0.0,8.0,87,2,0,female,tier_1_metro,gig_delivery
APP_12079,33914.51,14901.55,0.5606,0.5295,0.2773,25.3,89,3,0,male,tier_1_metro,artisan_freelance
APP_12080,23123.37,11204.36,0.5155,0.1622,0.2141,6.7,117,4,1,male,tier_2_urban,gig_delivery
APP_12081,46968.31,22419.82,0.5227,0.2256,0.1455,4.9,214,4,1,female,tier_2_urban,street_food
APP_12082,39817.24,20953.9,0.4737,0.4686,0.5251,8.1,67,2,1,male,tier_2_urban,artisan_freelance
APP_12083,31192.71,11442.85,0.6332,0.1929,0.2011,35.6,160,4,1,female,tier_1_metro,gig_delivery
APP_12084,21631.54,8600.41,0.6024,0.2226,0.2301,3.6,194,2,1,female,tier_2_urban,gig_delivery
APP_12085,29291.59,10307.8,0.6481,0.2452,0.0,17.9,88,4,1,male,tier_1_metro,gig_delivery
APP_12086,21468.36,7497.08,0.6508,0.5308,0.1367,9.4,38,4,1,male,tier_1_metro,artisan_freelance
APP_12087,40776.37,24393.33,0.4018,0.2407,0.0,3.2,253,3,0,male,tier_1_metro,street_food
APP_12088,63049.56,47496.14,0.2467,0.087,0.6983,5.6,177,4,0,female,tier_3_rural,grocery_kirana
APP_12089,31033.52,14780.15,0.5237,0.1785,0.5672,8.0,153,9,0,female,tier_2_urban,gig_delivery
APP_12090,23515.42,8202.49,0.6512,0.4339,0.0,32.8,88,4,0,male,tier_3_rural,artisan_freelance
APP_12091,32510.43,10659.02,0.6721,0.4595,0.2966,18.6,22,4,1,female,tier_2_urban,artisan_freelance
APP_12092,35666.3,20848.67,0.4155,0.1549,0.6425,5.5,203,6,1,female,tier_1_metro,street_food
APP_12093,28031.61,11533.64,0.5885,0.3018,0.6536,37.4,38,4,1,male,tier_2_urban,artisan_freelance
APP_12094,50966.75,23435.81,0.5402,0.1334,0.0,12.2,442,4,1,male,tier_1_metro,street_food
APP_12095,36854.36,16717.71,0.5464,0.306,0.3035,11.0,36,3,1,male,tier_2_urban,artisan_freelance
APP_12096,30685.36,17971.88,0.4143,0.1231,0.6118,23.4,274,3,0,male,tier_2_urban,street_food
APP_12097,32369.28,11367.31,0.6488,0.4906,0.0,15.0,88,4,1,male,tier_1_metro,artisan_freelance
APP_12098,34773.64,16520.42,0.5249,0.1541,0.4042,2.3,436,3,1,female,tier_2_urban,street_food
APP_12099,42728.51,17682.44,0.5862,0.376,0.4786,8.0,72,12,1,male,tier_3_rural,artisan_freelance
APP_12100,44623.6,35581.87,0.2026,0.1952,0.4832,13.2,166,3,1,female,tier_1_metro,grocery_kirana
APP_12101,21061.36,11508.77,0.4536,0.3628,0.7144,2.7,69,9,0,female,tier_2_urban,artisan_freelance
APP_12102,38385.51,21255.16,0.4463,0.2288,0.1072,4.0,330,3,1,male,tier_1_metro,street_food
APP_12103,38623.75,20913.21,0.4585,0.2478,0.5362,16.6,230,3,0,male,tier_1_metro,street_food
APP_12104,52248.94,28516.47,0.4542,0.2763,0.3823,22.0,185,9,1,female,tier_1_metro,street_food
APP_12105,47183.06,32379.0,0.3138,0.1379,0.0,19.4,328,4,0,female,tier_3_rural,grocery_kirana
APP_12106,23160.81,10278.2,0.5562,0.1915,0.2421,1.0,176,3,0,male,tier_2_urban,gig_delivery
APP_12107,37513.51,27104.37,0.2775,0.0874,0.6608,2.4,333,9,0,female,tier_1_metro,grocery_kirana
APP_12108,31419.24,15196.92,0.5163,0.2304,0.4575,4.7,196,4,0,male,tier_2_urban,gig_delivery
APP_12109,39655.67,21077.1,0.4685,0.1676,0.1215,1.0,368,9,1,male,tier_2_urban,street_food
APP_12110,27623.87,9828.17,0.6442,0.2226,0.0,2.2,89,3,1,male,tier_1_metro,gig_delivery
APP_12111,52956.59,39339.1,0.2571,0.1003,0.1658,27.0,361,9,1,male,tier_3_rural,grocery_kirana
APP_12112,35823.18,15040.84,0.5801,0.2801,0.5957,2.7,63,9,1,male,tier_1_metro,artisan_freelance
APP_12113,27420.82,13381.59,0.512,0.3753,0.6368,11.4,63,4,1,male,tier_2_urban,artisan_freelance
APP_12114,30367.39,10812.07,0.644,0.2279,0.4965,3.8,153,6,1,female,tier_1_metro,gig_delivery
APP_12115,21732.41,7224.72,0.6676,0.5414,0.2982,8.4,70,2,0,male,tier_2_urban,artisan_freelance
APP_12116,27856.32,10234.12,0.6326,0.1643,0.1148,9.5,127,2,1,male,tier_2_urban,gig_delivery
APP_12117,37315.17,18266.39,0.5105,0.2273,0.1099,10.5,292,3,1,male,tier_2_urban,street_food
APP_12118,21514.28,8174.38,0.62,0.2562,0.0,14.8,170,3,1,male,tier_2_urban,gig_delivery
APP_12119,23886.64,8894.06,0.6277,0.3084,0.2127,10.3,140,3,0,male,tier_2_urban,gig_delivery
APP_12120,61389.2,43644.14,0.2891,0.1276,0.3224,10.6,192,2,0,female,tier_1_metro,grocery_kirana
APP_12121,14659.66,5507.77,0.6243,0.2223,0.6824,29.9,106,3,1,male,tier_1_metro,gig_delivery
APP_12122,23694.31,8441.05,0.6438,0.224,0.6557,33.3,144,4,0,male,tier_2_urban,gig_delivery
APP_12123,25997.14,10562.96,0.5937,0.2015,0.6036,19.7,159,3,1,female,tier_2_urban,gig_delivery
APP_12124,57866.96,43492.89,0.2484,0.096,0.109,4.4,207,4,1,female,tier_1_metro,grocery_kirana
APP_12125,71438.6,57777.46,0.1912,0.1852,0.0,21.4,211,6,1,male,tier_1_metro,grocery_kirana
APP_12126,39868.76,24580.15,0.3835,0.2766,0.3022,7.8,399,9,0,female,tier_1_metro,street_food
APP_12127,80401.64,61139.81,0.2396,0.2021,0.4115,30.6,152,3,1,female,tier_3_rural,grocery_kirana
APP_12128,34273.75,12956.57,0.622,0.2837,0.0805,5.5,165,3,0,female,tier_2_urban,gig_delivery
APP_12129,36403.81,15066.29,0.5861,0.1997,0.0,1.7,191,4,0,male,tier_2_urban,gig_delivery
APP_12130,37995.13,21751.71,0.4275,0.2181,0.5547,39.9,217,2,1,female,tier_2_urban,street_food
APP_12131,43966.27,17394.08,0.6044,0.4437,0.0,7.8,24,4,1,male,tier_1_metro,artisan_freelance
APP_12132,30907.23,15221.5,0.5075,0.3822,0.0,14.0,66,6,0,female,tier_1_metro,artisan_freelance
APP_12133,38722.78,13932.15,0.6402,0.3856,0.0636,21.9,83,4,1,male,tier_1_metro,artisan_freelance
APP_12134,23130.28,10573.18,0.5429,0.2123,0.2243,1.0,84,3,1,female,tier_1_metro,gig_delivery
APP_12135,56162.39,44717.41,0.2038,0.1199,0.2987,17.1,369,6,1,female,tier_3_rural,grocery_kirana
APP_12136,43020.73,26185.95,0.3913,0.1377,0.6518,10.5,230,4,0,male,tier_1_metro,street_food
APP_12137,67314.87,53163.29,0.2102,0.2038,0.5519,12.9,272,3,1,male,tier_1_metro,grocery_kirana
APP_12138,33567.35,21009.37,0.3741,0.1392,0.0,31.3,356,6,1,female,tier_2_urban,street_food
APP_12139,23179.54,13479.22,0.4185,0.2797,0.0,52.5,291,4,1,male,tier_2_urban,street_food
APP_12140,22877.37,9681.38,0.5768,0.4203,0.4793,13.7,65,12,0,male,tier_1_metro,artisan_freelance
APP_12141,59440.7,46763.96,0.2133,0.1505,0.1785,28.4,171,9,0,male,tier_2_urban,grocery_kirana
APP_12142,58952.12,42397.72,0.2808,0.1025,0.0,1.0,170,12,1,male,tier_1_metro,grocery_kirana
APP_12143,22405.3,10636.67,0.5253,0.2737,0.4557,2.6,113,3,0,male,tier_2_urban,gig_delivery
APP_12144,53881.55,37766.3,0.2991,0.0907,0.6145,40.6,300,3,0,female,tier_3_rural,grocery_kirana
APP_12145,32244.7,20919.53,0.3512,0.1943,0.5391,33.5,342,6,1,female,tier_2_urban,street_food
APP_12146,45365.62,36499.42,0.1954,0.1337,0.386,2.4,183,6,1,male,tier_3_rural,grocery_kirana
APP_12147,55417.23,45179.31,0.1847,0.2186,0.2107,1.0,207,3,0,male,tier_1_metro,grocery_kirana
APP_12148,30517.77,18218.28,0.403,0.4567,0.23,47.2,86,4,1,male,tier_1_metro,artisan_freelance
APP_12149,29526.31,14050.37,0.5241,0.1808,0.7146,3.4,94,6,1,male,tier_3_rural,gig_delivery
APP_12150,25613.51,12667.86,0.5054,0.2046,0.1231,26.3,189,2,1,male,tier_1_metro,gig_delivery
APP_12151,43273.21,18952.81,0.562,0.3743,0.1542,11.6,83,4,1,male,tier_1_metro,artisan_freelance
APP_12152,29973.06,12468.98,0.584,0.2573,0.3716,1.0,90,3,1,female,tier_3_rural,gig_delivery
APP_12153,30758.85,15194.78,0.506,0.1841,0.1453,1.7,113,6,1,female,tier_2_urban,gig_delivery
APP_12154,41258.96,31085.29,0.2466,0.1219,0.2545,1.0,286,3,0,male,tier_1_metro,grocery_kirana
APP_12155,44868.72,23116.87,0.4848,0.206,0.0729,14.1,325,2,0,male,tier_1_metro,street_food
APP_12156,51734.15,37778.51,0.2698,0.2135,0.288,3.3,285,3,0,male,tier_2_urban,grocery_kirana
APP_12157,44333.42,14473.2,0.6735,0.3025,0.0,55.7,57,9,1,female,tier_3_rural,artisan_freelance
APP_12158,64452.76,49175.72,0.237,0.2198,0.1078,2.1,331,4,1,male,tier_2_urban,grocery_kirana
APP_12159,55404.85,42552.76,0.232,0.1787,0.0,1.0,209,6,0,female,tier_1_metro,grocery_kirana
APP_12160,33465.49,16421.19,0.5093,0.1661,0.3597,51.1,331,2,0,male,tier_1_metro,street_food
APP_12161,31054.57,13842.67,0.5542,0.2522,0.1781,1.3,158,3,1,female,tier_1_metro,gig_delivery
APP_12162,27676.34,12722.48,0.5403,0.24,0.5868,2.8,192,4,0,male,tier_1_metro,gig_delivery
APP_12163,12000.0,5240.75,0.5633,0.5352,0.707,54.2,50,2,0,male,tier_2_urban,artisan_freelance
APP_12164,66037.5,51807.5,0.2155,0.1299,0.7337,2.6,399,9,0,male,tier_2_urban,grocery_kirana
APP_12165,29233.66,16172.12,0.4468,0.2323,0.4645,24.3,355,2,1,male,tier_2_urban,street_food
APP_12166,24414.9,9096.43,0.6274,0.4289,0.5526,3.0,42,2,1,male,tier_2_urban,artisan_freelance
APP_12167,51782.13,39879.88,0.2299,0.1038,0.6056,23.2,337,3,1,female,tier_1_metro,grocery_kirana
APP_12168,35629.64,19084.58,0.4644,0.5432,0.347,8.7,48,3,0,male,tier_2_urban,artisan_freelance
APP_12169,33767.31,20565.5,0.391,0.1682,0.0,6.6,386,4,1,male,tier_1_metro,street_food
APP_12170,69519.65,56828.98,0.1825,0.1923,0.4136,2.7,194,3,0,male,tier_1_metro,grocery_kirana
APP_12171,28181.87,13148.2,0.5335,0.2394,0.0,1.3,82,4,1,female,tier_1_metro,gig_delivery
APP_12172,35784.79,14849.44,0.585,0.1834,0.0,44.7,89,3,1,female,tier_2_urban,gig_delivery
APP_12173,26203.99,12292.22,0.5309,0.2613,0.6442,16.5,121,2,0,male,tier_1_metro,gig_delivery
APP_12174,32033.57,15743.22,0.5085,0.3012,0.2926,7.0,37,9,0,female,tier_2_urban,artisan_freelance
APP_12175,45064.79,20956.19,0.535,0.2556,0.0,2.8,243,4,1,male,tier_1_metro,street_food
APP_12176,18305.36,7392.81,0.5961,0.5485,0.5984,6.1,89,9,0,male,tier_1_metro,artisan_freelance
APP_12177,35824.13,13566.91,0.6213,0.1901,0.3864,42.8,151,6,1,female,tier_3_rural,gig_delivery
APP_12178,45442.23,36679.64,0.1928,0.0957,0.0,10.0,275,6,1,male,tier_1_metro,grocery_kirana
APP_12179,19634.62,9348.15,0.5239,0.2133,0.4585,20.1,127,6,1,female,tier_3_rural,gig_delivery
APP_12180,36625.52,17105.01,0.533,0.1424,0.0,5.0,291,4,1,male,tier_1_metro,street_food
APP_12181,26266.84,10145.21,0.6138,0.185,0.6433,5.4,192,4,1,male,tier_1_metro,gig_delivery
APP_12182,53444.92,42413.69,0.2064,0.1586,0.3432,11.5,162,2,0,male,tier_1_metro,grocery_kirana
APP_12183,26426.28,10620.56,0.5981,0.5,0.2333,21.9,43,4,1,male,tier_1_metro,artisan_freelance
APP_12184,45312.95,33180.46,0.2677,0.1575,0.0,8.9,218,9,1,male,tier_1_metro,grocery_kirana
APP_12185,36816.04,29708.71,0.193,0.0864,0.6733,28.3,390,12,0,female,tier_1_metro,grocery_kirana
APP_12186,36342.96,23135.14,0.3634,0.1875,0.5254,43.4,399,4,1,male,tier_2_urban,street_food
APP_12187,29711.91,10582.32,0.6438,0.2924,0.3945,6.4,152,3,1,male,tier_2_urban,gig_delivery
APP_12188,32966.53,16082.65,0.5122,0.2038,0.4974,9.9,94,9,0,female,tier_2_urban,gig_delivery
APP_12189,28174.71,13987.02,0.5036,0.3058,0.0,12.2,74,6,0,male,tier_1_metro,artisan_freelance
APP_12190,25511.23,10838.96,0.5751,0.1894,0.3972,13.8,98,3,0,female,tier_2_urban,gig_delivery
APP_12191,25840.74,8989.97,0.6521,0.2945,0.3544,1.3,32,6,1,male,tier_2_urban,artisan_freelance
APP_12192,37220.19,15280.15,0.5895,0.2736,0.0,3.3,53,4,1,male,tier_1_metro,artisan_freelance
APP_12193,34563.95,21090.26,0.3898,0.2705,0.2246,3.8,335,9,0,male,tier_2_urban,street_food
APP_12194,42215.22,25324.84,0.4001,0.1698,0.1944,1.0,263,3,1,male,tier_2_urban,street_food
APP_12195,18674.98,8126.38,0.5649,0.2907,0.0,3.3,88,3,1,male,tier_3_rural,gig_delivery
APP_12196,53483.44,31855.49,0.4044,0.1815,0.248,45.9,255,4,1,male,tier_2_urban,street_food
APP_12197,30924.54,18647.93,0.397,0.1361,0.7209,5.8,225,3,0,male,tier_1_metro,street_food
APP_12198,35033.89,26588.01,0.2411,0.1686,0.0,12.2,165,6,1,female,tier_3_rural,grocery_kirana
APP_12199,21756.57,9299.8,0.5726,0.2739,0.0,60.0,151,4,0,male,tier_1_metro,gig_delivery
APP_12200,67592.16,46941.99,0.3055,0.197,0.2012,6.0,396,4,0,female,tier_1_metro,grocery_kirana
APP_12201,52665.15,42915.79,0.1851,0.1061,0.4595,7.5,157,6,0,female,tier_3_rural,grocery_kirana
APP_12202,48792.73,38043.95,0.2203,0.1148,0.0,1.0,248,6,0,male,tier_3_rural,grocery_kirana
APP_12203,33998.59,17076.45,0.4977,0.2734,0.4206,48.8,395,12,1,male,tier_2_urban,street_food
APP_12204,29609.85,10213.69,0.6551,0.5297,0.1539,16.4,69,9,1,female,tier_3_rural,artisan_freelance
APP_12205,29487.25,16681.88,0.4343,0.2566,0.606,13.6,300,12,0,male,tier_1_metro,street_food
APP_12206,40660.33,18647.74,0.5414,0.2606,0.0998,4.8,258,4,0,female,tier_1_metro,street_food
APP_12207,36637.43,28840.37,0.2128,0.1546,0.2191,24.3,381,2,0,female,tier_1_metro,grocery_kirana
APP_12208,33529.54,17419.63,0.4805,0.2659,0.0,6.0,299,2,1,male,tier_2_urban,street_food
APP_12209,57117.18,46093.66,0.193,0.1524,0.2428,15.9,205,9,1,male,tier_2_urban,grocery_kirana
APP_12210,25477.87,11736.24,0.5394,0.2697,0.0,36.7,173,6,1,female,tier_3_rural,gig_delivery
APP_12211,60266.06,41555.48,0.3105,0.1518,0.0,8.6,273,12,1,male,tier_2_urban,grocery_kirana
APP_12212,36920.04,16613.0,0.55,0.281,0.0753,1.9,21,12,1,female,tier_2_urban,artisan_freelance
APP_12213,20689.31,9699.38,0.5312,0.4696,0.3769,16.0,67,2,1,female,tier_3_rural,artisan_freelance
APP_12214,64942.04,49184.94,0.2426,0.1723,0.1324,11.9,184,6,1,female,tier_3_rural,grocery_kirana
APP_12215,13324.36,7013.27,0.4737,0.4455,0.3757,5.2,64,4,0,male,tier_1_metro,artisan_freelance
APP_12216,68566.32,52224.65,0.2383,0.1841,0.6324,21.2,205,4,1,female,tier_2_urban,grocery_kirana
APP_12217,55369.69,38261.85,0.309,0.1229,0.0,25.0,247,12,1,male,tier_1_metro,grocery_kirana
APP_12218,54003.06,39145.89,0.2751,0.1592,0.113,11.3,344,2,0,female,tier_2_urban,grocery_kirana
APP_12219,52628.87,40980.02,0.2213,0.1077,0.6938,9.8,249,4,0,female,tier_2_urban,grocery_kirana
APP_12220,35861.46,17085.63,0.5236,0.2231,0.0,2.0,338,2,0,female,tier_1_metro,street_food
APP_12221,29242.07,11654.84,0.6014,0.1892,0.0,28.8,97,9,1,female,tier_1_metro,gig_delivery
APP_12222,21803.14,9654.08,0.5572,0.2105,0.4375,1.0,81,2,0,male,tier_1_metro,gig_delivery
APP_12223,23317.19,7723.75,0.6688,0.4456,0.1068,9.1,67,3,1,male,tier_2_urban,artisan_freelance
APP_12224,24807.86,12338.57,0.5026,0.2553,0.1951,3.7,87,9,1,male,tier_3_rural,gig_delivery
APP_12225,38116.02,13653.36,0.6418,0.3038,0.0,14.1,89,4,1,female,tier_1_metro,artisan_freelance
APP_12226,52574.78,41928.38,0.2025,0.1826,0.3865,9.5,251,4,0,female,tier_3_rural,grocery_kirana
APP_12227,33282.25,16369.02,0.5082,0.5117,0.294,2.9,79,9,0,female,tier_1_metro,artisan_freelance
APP_12228,41643.23,33775.34,0.1889,0.1263,0.529,11.3,251,4,1,female,tier_1_metro,grocery_kirana
APP_12229,36330.64,11574.64,0.6814,0.4672,0.3351,11.1,28,12,0,female,tier_2_urban,artisan_freelance
APP_12230,25830.68,15442.2,0.4022,0.5464,0.7411,13.2,34,12,0,male,tier_1_metro,artisan_freelance
APP_12231,54691.37,39587.65,0.2762,0.1443,0.0,5.9,385,6,1,male,tier_2_urban,grocery_kirana
APP_12232,31130.73,14705.55,0.5276,0.2929,0.0,14.2,164,4,1,male,tier_2_urban,gig_delivery
APP_12233,35216.53,12807.88,0.6363,0.4599,0.0,34.9,72,4,1,female,tier_2_urban,artisan_freelance
APP_12234,45318.75,31072.27,0.3144,0.2031,0.6642,5.2,328,3,0,female,tier_1_metro,grocery_kirana
APP_12235,54070.21,42180.03,0.2199,0.1823,0.2444,16.4,208,6,1,female,tier_1_metro,grocery_kirana
APP_12236,58457.8,45099.65,0.2285,0.1884,0.0,16.2,164,3,1,female,tier_1_metro,grocery_kirana
APP_12237,35588.48,15371.76,0.5681,0.3112,0.579,10.3,27,2,0,female,tier_3_rural,artisan_freelance
APP_12238,60545.85,46807.58,0.2269,0.189,0.0,20.5,307,4,1,male,tier_3_rural,grocery_kirana
APP_12239,37126.46,21207.13,0.4288,0.2367,0.305,34.2,312,12,0,male,tier_1_metro,street_food
APP_12240,24104.46,8039.02,0.6665,0.3663,0.5165,24.9,34,9,1,male,tier_1_metro,artisan_freelance
APP_12241,63851.67,50674.26,0.2064,0.1898,0.0,4.1,177,3,1,male,tier_2_urban,grocery_kirana
APP_12242,83729.88,67889.63,0.1892,0.1787,0.2468,1.7,288,4,0,female,tier_1_metro,grocery_kirana
APP_12243,30767.77,9317.42,0.6972,0.3341,0.7114,2.8,54,4,0,male,tier_1_metro,artisan_freelance
APP_12244,70598.45,51389.39,0.2721,0.1614,0.0,8.3,375,6,0,male,tier_3_rural,grocery_kirana
APP_12245,32287.67,20651.23,0.3604,0.1681,0.2107,8.8,353,2,1,male,tier_2_urban,street_food
APP_12246,27386.29,12911.39,0.5285,0.299,0.3677,7.8,161,3,0,male,tier_1_metro,gig_delivery
APP_12247,14813.05,5485.0,0.6297,0.2681,0.0,56.7,127,12,1,female,tier_3_rural,gig_delivery
APP_12248,28149.64,13604.88,0.5167,0.1866,0.7108,16.1,142,4,1,female,tier_3_rural,gig_delivery
APP_12249,67650.74,53225.98,0.2132,0.1413,0.0,8.2,220,4,1,male,tier_1_metro,grocery_kirana
APP_12250,44706.11,15134.17,0.6615,0.2601,0.1881,36.8,68,3,1,female,tier_1_metro,artisan_freelance
APP_12251,32442.84,15761.75,0.5142,0.213,0.0,3.6,146,6,1,male,tier_1_metro,gig_delivery
APP_12252,30056.62,19200.29,0.3612,0.1394,0.6496,11.2,245,4,1,female,tier_1_metro,street_food
APP_12253,60550.23,42900.54,0.2915,0.1266,0.2113,3.1,193,6,0,female,tier_2_urban,grocery_kirana
APP_12254,25326.06,12049.09,0.5242,0.1851,0.113,11.2,168,3,1,male,tier_1_metro,gig_delivery
APP_12255,35884.23,16503.25,0.5401,0.5284,0.0,51.0,45,6,1,male,tier_2_urban,artisan_freelance
APP_12256,47744.18,29866.35,0.3745,0.2599,0.0,11.1,243,4,1,male,tier_3_rural,street_food
APP_12257,46277.39,29310.08,0.3666,0.2664,0.0,2.0,407,6,0,male,tier_2_urban,street_food
APP_12258,28507.86,12584.41,0.5586,0.2148,0.0,5.1,182,3,1,male,tier_1_metro,gig_delivery
APP_12259,25706.44,11044.72,0.5704,0.2985,0.268,36.1,145,6,1,female,tier_1_metro,gig_delivery
APP_12260,30876.21,12116.02,0.6076,0.1723,0.1329,27.5,80,6,1,female,tier_2_urban,gig_delivery
APP_12261,35242.77,20071.75,0.4305,0.3541,0.5345,17.1,36,3,0,male,tier_1_metro,artisan_freelance
APP_12262,37144.54,21699.96,0.4158,0.2925,0.1301,19.9,79,2,1,male,tier_1_metro,artisan_freelance
APP_12263,40368.4,25505.57,0.3682,0.2024,0.4511,11.4,296,12,0,female,tier_2_urban,street_food
APP_12264,37825.74,29816.23,0.2117,0.1438,0.2876,39.3,297,9,1,male,tier_2_urban,grocery_kirana
APP_12265,31921.4,24406.23,0.2354,0.1806,0.7169,38.0,396,6,1,male,tier_2_urban,grocery_kirana
APP_12266,39593.57,15160.07,0.6171,0.2035,0.7146,60.0,146,6,1,male,tier_3_rural,gig_delivery
APP_12267,52245.0,29775.3,0.4301,0.2221,0.3344,3.2,289,3,0,male,tier_2_urban,street_food
APP_12268,31863.43,20574.92,0.3543,0.2711,0.0,2.4,348,6,1,male,tier_3_rural,street_food
APP_12269,66997.88,54670.05,0.184,0.2072,0.2474,7.7,216,12,0,female,tier_2_urban,grocery_kirana
APP_12270,12000.0,5201.97,0.5665,0.323,0.4892,39.2,29,2,0,male,tier_1_metro,artisan_freelance
APP_12271,20915.03,11377.57,0.456,0.3095,0.0,19.0,82,4,0,male,tier_2_urban,artisan_freelance
APP_12272,39585.38,23776.17,0.3994,0.1695,0.0,5.0,323,3,0,female,tier_2_urban,street_food
APP_12273,45681.55,22875.58,0.4992,0.2784,0.0,9.4,447,9,1,male,tier_2_urban,street_food
APP_12274,49266.53,37469.38,0.2395,0.0825,0.0,1.7,331,3,1,female,tier_1_metro,grocery_kirana
APP_12275,40417.2,25132.23,0.3782,0.2566,0.4638,12.9,279,4,0,male,tier_1_metro,street_food
APP_12276,28018.04,21024.34,0.2496,0.0857,0.4304,28.8,389,3,1,female,tier_1_metro,grocery_kirana
APP_12277,41498.84,31601.46,0.2385,0.1584,0.4331,2.2,331,2,0,female,tier_1_metro,grocery_kirana
APP_12278,33273.72,12404.82,0.6272,0.2778,0.5454,4.3,153,6,0,female,tier_1_metro,gig_delivery
APP_12279,70018.35,55239.7,0.2111,0.1744,0.5883,9.0,386,3,0,male,tier_3_rural,grocery_kirana
APP_12280,30973.79,12495.1,0.5966,0.2542,0.6113,5.8,81,9,0,male,tier_2_urban,gig_delivery
APP_12281,79076.9,59315.81,0.2499,0.1745,0.5875,8.4,365,4,1,female,tier_3_rural,grocery_kirana
APP_12282,79728.27,54527.21,0.3161,0.1306,0.5704,6.7,306,4,1,female,tier_3_rural,grocery_kirana
APP_12283,45630.48,23010.08,0.4957,0.5059,0.6863,4.0,26,4,1,male,tier_3_rural,artisan_freelance
APP_12284,50642.72,28144.83,0.4442,0.2602,0.3632,19.9,187,2,1,female,tier_1_metro,street_food
APP_12285,45332.54,20419.26,0.5496,0.264,0.0,13.4,351,6,1,male,tier_2_urban,street_food
APP_12286,40480.55,25859.33,0.3612,0.2616,0.7425,39.7,309,2,0,male,tier_3_rural,street_food
APP_12287,30466.8,14627.0,0.5199,0.255,0.3168,21.8,448,6,1,female,tier_1_metro,street_food
APP_12288,34881.66,10633.54,0.6952,0.3373,0.0,27.8,45,4,1,male,tier_2_urban,artisan_freelance
APP_12289,39857.32,30180.22,0.2428,0.1309,0.4724,2.6,196,2,0,female,tier_3_rural,grocery_kirana
APP_12290,24868.08,7856.81,0.6841,0.3375,0.2836,6.9,50,4,0,male,tier_1_metro,artisan_freelance
APP_12291,57715.65,41219.23,0.2858,0.0902,0.4897,18.9,369,6,0,female,tier_1_metro,grocery_kirana
APP_12292,13548.94,10901.44,0.1954,0.1584,0.6695,54.2,236,6,1,female,tier_2_urban,grocery_kirana
APP_12293,26593.07,11324.89,0.5741,0.3093,0.645,2.3,138,3,1,male,tier_2_urban,gig_delivery
APP_12294,28279.36,15361.34,0.4568,0.3135,0.0,3.4,27,4,1,female,tier_1_metro,artisan_freelance
APP_12295,34808.91,11425.65,0.6718,0.5197,0.2251,2.2,77,9,1,male,tier_1_metro,artisan_freelance
APP_12296,29127.16,15997.17,0.4508,0.4032,0.3988,3.5,50,3,0,female,tier_3_rural,artisan_freelance
APP_12297,67349.09,48430.38,0.2809,0.1684,0.1672,5.8,270,4,0,male,tier_2_urban,grocery_kirana
APP_12298,28222.24,10770.7,0.6184,0.2731,0.2181,7.7,124,2,1,female,tier_2_urban,gig_delivery
APP_12299,37220.95,23184.63,0.3771,0.1865,0.1416,15.0,373,4,1,male,tier_1_metro,street_food
APP_12300,28264.46,11249.02,0.602,0.3095,0.2505,5.4,86,4,1,female,tier_1_metro,gig_delivery
APP_12301,34283.08,12036.03,0.6489,0.2653,0.5762,2.0,167,3,0,female,tier_1_metro,gig_delivery
APP_12302,30980.86,12347.16,0.6015,0.2798,0.1169,3.0,122,6,1,male,tier_2_urban,gig_delivery
APP_12303,23637.37,12647.15,0.465,0.1725,0.4626,24.0,346,4,0,male,tier_2_urban,street_food
APP_12304,25278.26,11569.32,0.5423,0.2963,0.3209,12.6,183,9,1,male,tier_3_rural,gig_delivery
APP_12305,43083.0,30751.48,0.2862,0.1067,0.5157,10.6,162,4,1,male,tier_3_rural,grocery_kirana
APP_12306,35664.05,21467.87,0.3981,0.1621,0.0,7.3,384,12,0,male,tier_1_metro,street_food
APP_12307,36726.74,15769.33,0.5706,0.4872,0.2516,36.5,53,9,0,male,tier_3_rural,artisan_freelance
APP_12308,32403.59,19137.43,0.4094,0.243,0.3885,3.5,282,3,1,female,tier_2_urban,street_food
APP_12309,45232.76,32600.27,0.2793,0.0919,0.615,19.8,278,3,0,male,tier_2_urban,grocery_kirana
APP_12310,34862.51,18831.42,0.4598,0.3288,0.0,53.2,33,12,1,female,tier_1_metro,artisan_freelance
APP_12311,43636.23,32147.69,0.2633,0.1991,0.0,47.3,261,4,1,male,tier_3_rural,grocery_kirana
APP_12312,72122.03,57855.68,0.1978,0.1354,0.0,7.9,202,6,0,male,tier_1_metro,grocery_kirana
APP_12313,53480.07,39901.09,0.2539,0.1182,0.0,1.0,325,2,1,male,tier_2_urban,grocery_kirana
APP_12314,43881.84,32364.37,0.2625,0.1156,0.0,1.8,177,2,1,female,tier_1_metro,grocery_kirana
APP_12315,48597.48,38606.3,0.2056,0.2131,0.3261,2.7,309,3,1,male,tier_1_metro,grocery_kirana
APP_12316,50422.63,30338.87,0.3983,0.1985,0.0,1.0,406,2,0,male,tier_2_urban,street_food
APP_12317,18933.3,8135.45,0.5703,0.2178,0.3031,10.2,112,4,0,male,tier_3_rural,gig_delivery
APP_12318,53216.0,29998.45,0.4363,0.1385,0.5373,18.7,267,6,1,male,tier_3_rural,street_food
APP_12319,62878.86,50432.69,0.1979,0.1517,0.0,6.7,294,6,0,female,tier_1_metro,grocery_kirana
APP_12320,57625.96,39815.67,0.3091,0.1907,0.0,58.8,224,12,1,female,tier_2_urban,grocery_kirana
APP_12321,52029.18,41962.83,0.1935,0.12,0.2802,3.3,246,12,1,male,tier_3_rural,grocery_kirana
APP_12322,38639.33,21168.13,0.4522,0.2503,0.4034,4.9,376,12,1,male,tier_3_rural,street_food
APP_12323,33113.5,25735.4,0.2228,0.2039,0.2222,5.6,396,6,1,female,tier_2_urban,grocery_kirana
APP_12324,25298.32,9219.08,0.6356,0.1575,0.0,21.4,156,2,1,female,tier_1_metro,gig_delivery
APP_12325,27001.48,12248.19,0.5464,0.2593,0.1137,10.5,117,6,1,female,tier_2_urban,gig_delivery
APP_12326,23568.87,8577.02,0.6361,0.1949,0.3413,42.2,119,12,1,male,tier_2_urban,gig_delivery
APP_12327,25778.76,11711.74,0.5457,0.3899,0.5612,15.3,47,3,0,female,tier_3_rural,artisan_freelance
APP_12328,30469.45,14559.97,0.5221,0.2275,0.0,3.2,88,9,0,male,tier_2_urban,gig_delivery
APP_12329,41385.14,16353.29,0.6049,0.4793,0.2773,4.8,81,4,0,female,tier_2_urban,artisan_freelance
APP_12330,38732.37,19780.32,0.4893,0.2155,0.5958,4.5,291,6,0,female,tier_2_urban,street_food
APP_12331,30726.26,13583.47,0.5579,0.1772,0.4842,23.5,172,6,1,male,tier_3_rural,gig_delivery
APP_12332,32446.36,13713.12,0.5774,0.2141,0.5505,10.2,81,6,1,female,tier_3_rural,gig_delivery
APP_12333,35820.34,14060.52,0.6075,0.2644,0.1587,26.4,84,3,1,male,tier_2_urban,artisan_freelance
APP_12334,34386.0,11470.06,0.6664,0.3921,0.0,19.9,88,4,0,female,tier_1_metro,artisan_freelance
APP_12335,29414.73,17150.8,0.4169,0.1807,0.3033,8.3,232,12,1,male,tier_2_urban,street_food
APP_12336,33242.62,17898.17,0.4616,0.1496,0.0,1.0,210,4,0,female,tier_1_metro,street_food
APP_12337,49929.18,35129.19,0.2964,0.1628,0.4458,14.7,271,12,0,female,tier_1_metro,grocery_kirana
APP_12338,30354.96,13766.98,0.5465,0.2984,0.3153,15.9,119,6,0,male,tier_1_metro,gig_delivery
APP_12339,22110.9,8202.82,0.629,0.3788,0.1986,3.9,78,12,1,male,tier_1_metro,artisan_freelance
APP_12340,30516.78,12342.22,0.5956,0.4729,0.0,1.1,32,3,1,male,tier_1_metro,artisan_freelance
APP_12341,41728.1,23556.22,0.4355,0.2052,0.0,60.0,259,6,1,female,tier_1_metro,street_food
APP_12342,24714.93,10867.45,0.5603,0.2599,0.0,9.9,121,4,0,male,tier_1_metro,gig_delivery
APP_12343,28127.05,12540.57,0.5541,0.2832,0.3763,1.0,169,4,1,male,tier_1_metro,gig_delivery
APP_12344,39631.42,12318.0,0.6892,0.5292,0.0575,10.3,88,6,0,male,tier_1_metro,artisan_freelance
APP_12345,66069.77,52287.79,0.2086,0.1563,0.457,19.1,311,4,1,male,tier_1_metro,grocery_kirana
APP_12346,43728.43,24970.1,0.429,0.2173,0.2962,1.0,240,12,0,female,tier_1_metro,street_food
APP_12347,44356.67,23949.66,0.4601,0.284,0.0,25.4,67,4,1,female,tier_3_rural,artisan_freelance
APP_12348,36320.62,14441.54,0.6024,0.2931,0.1366,1.8,87,12,1,female,tier_2_urban,gig_delivery
APP_12349,36910.57,21007.93,0.4308,0.2732,0.387,2.9,57,4,0,female,tier_1_metro,artisan_freelance
APP_12350,66302.84,50429.45,0.2394,0.2082,0.3453,3.3,239,3,1,female,tier_1_metro,grocery_kirana
APP_12351,50667.75,39511.71,0.2202,0.2075,0.6083,1.3,399,4,0,male,tier_3_rural,grocery_kirana
APP_12352,26067.13,9942.99,0.6186,0.3058,0.0,42.4,197,3,1,male,tier_1_metro,gig_delivery
APP_12353,53711.93,20551.08,0.6174,0.49,0.0,24.9,37,9,0,male,tier_1_metro,artisan_freelance
APP_12354,36320.74,17996.73,0.5045,0.1625,0.1123,11.9,316,6,0,male,tier_2_urban,street_food
APP_12355,28759.08,11893.66,0.5864,0.3119,0.1291,2.3,105,2,0,female,tier_1_metro,gig_delivery
APP_12356,33424.57,19381.56,0.4201,0.1547,0.7391,10.1,240,6,1,male,tier_2_urban,street_food
APP_12357,44522.59,27479.45,0.3828,0.1942,0.5978,9.4,340,6,0,male,tier_1_metro,street_food
APP_12358,23802.89,12919.44,0.4572,0.3463,0.0,20.5,20,9,0,male,tier_2_urban,artisan_freelance
APP_12359,54736.58,42670.66,0.2204,0.1373,0.2925,1.0,255,3,1,female,tier_3_rural,grocery_kirana
APP_12360,16330.81,6813.46,0.5828,0.2916,0.0,2.9,152,4,1,female,tier_2_urban,gig_delivery
APP_12361,16046.49,8001.48,0.5014,0.2734,0.0,14.1,39,12,1,male,tier_2_urban,artisan_freelance
APP_12362,33025.16,15198.09,0.5398,0.2062,0.2514,12.4,176,2,1,male,tier_2_urban,gig_delivery
APP_12363,47239.84,28594.29,0.3947,0.2556,0.5607,8.8,194,3,1,male,tier_1_metro,street_food
APP_12364,30578.88,14733.36,0.5182,0.1434,0.4423,10.1,239,12,1,male,tier_3_rural,street_food
APP_12365,29057.61,12464.15,0.5711,0.2784,0.6474,5.0,138,3,1,male,tier_2_urban,gig_delivery
APP_12366,29776.12,15682.78,0.4733,0.4084,0.4027,2.8,72,6,0,male,tier_2_urban,artisan_freelance
APP_12367,27565.34,16002.25,0.4195,0.269,0.0,14.0,388,6,0,female,tier_2_urban,street_food
APP_12368,43410.08,33615.16,0.2256,0.1588,0.0,13.9,381,3,1,male,tier_1_metro,grocery_kirana
APP_12369,34367.17,19106.97,0.444,0.541,0.4701,8.5,63,3,0,male,tier_2_urban,artisan_freelance
APP_12370,44780.59,36595.45,0.1828,0.1558,0.5476,23.2,241,6,1,male,tier_1_metro,grocery_kirana
APP_12371,31830.63,13281.15,0.5828,0.2038,0.7019,16.6,119,3,0,male,tier_1_metro,gig_delivery
APP_12372,36875.22,11343.45,0.6924,0.4567,0.6418,16.8,21,3,0,female,tier_1_metro,artisan_freelance
APP_12373,51632.88,25970.14,0.497,0.1665,0.6764,18.1,310,6,1,male,tier_1_metro,street_food
APP_12374,41640.5,32380.51,0.2224,0.148,0.3747,2.9,298,4,1,female,tier_1_metro,grocery_kirana
APP_12375,42011.41,22753.08,0.4584,0.1652,0.3872,6.1,224,3,0,male,tier_3_rural,street_food
APP_12376,38478.82,22154.35,0.4242,0.2234,0.7373,15.7,279,9,1,male,tier_2_urban,street_food
APP_12377,36619.59,18461.87,0.4958,0.2305,0.0,3.4,388,4,0,male,tier_1_metro,street_food
APP_12378,48354.91,21453.59,0.5563,0.3357,0.3793,8.8,36,4,1,male,tier_1_metro,artisan_freelance
APP_12379,26805.88,10568.93,0.6057,0.2025,0.2988,2.3,159,3,1,male,tier_1_metro,gig_delivery
APP_12380,32644.08,15429.08,0.5274,0.2371,0.1311,8.9,280,4,1,male,tier_3_rural,street_food
APP_12381,34267.78,18769.67,0.4523,0.2218,0.4943,1.0,262,6,1,female,tier_2_urban,street_food
APP_12382,31664.22,10197.16,0.678,0.2529,0.4179,7.4,70,4,1,female,tier_3_rural,artisan_freelance
APP_12383,60513.46,48184.88,0.2037,0.1859,0.2165,25.7,340,4,0,male,tier_3_rural,grocery_kirana
APP_12384,60872.49,44241.55,0.2732,0.178,0.0,1.4,265,2,0,male,tier_1_metro,grocery_kirana
APP_12385,45755.23,23219.82,0.4925,0.1311,0.7011,5.7,260,6,0,male,tier_2_urban,street_food
APP_12386,23144.7,13007.65,0.438,0.4946,0.6097,15.6,50,9,1,male,tier_3_rural,artisan_freelance
APP_12387,28367.46,10072.74,0.6449,0.5297,0.0,2.1,34,9,1,male,tier_1_metro,artisan_freelance
APP_12388,48305.02,31013.38,0.358,0.2793,0.6036,5.3,183,4,1,male,tier_1_metro,street_food
APP_12389,55972.62,39039.44,0.3025,0.1286,0.7035,19.5,371,4,1,male,tier_1_metro,grocery_kirana
APP_12390,25497.36,8186.17,0.6789,0.5102,0.3657,1.9,78,4,0,female,tier_3_rural,artisan_freelance
APP_12391,39129.44,17654.06,0.5488,0.3883,0.0,1.0,62,12,1,male,tier_3_rural,artisan_freelance
APP_12392,29250.27,11448.58,0.6086,0.2461,0.2415,2.2,94,3,1,female,tier_2_urban,gig_delivery
APP_12393,47925.05,35453.09,0.2602,0.2168,0.5493,6.1,239,6,0,female,tier_1_metro,grocery_kirana
APP_12394,31051.38,17673.26,0.4308,0.2323,0.5062,28.9,412,6,0,male,tier_1_metro,street_food
APP_12395,22473.27,9926.01,0.5583,0.1702,0.3513,11.7,189,4,1,female,tier_2_urban,gig_delivery
APP_12396,45880.68,24767.35,0.4602,0.1857,0.1059,8.2,302,12,1,female,tier_1_metro,street_food
APP_12397,59250.25,44286.84,0.2525,0.1531,0.0,12.8,334,9,1,male,tier_3_rural,grocery_kirana
APP_12398,43144.73,16764.48,0.6114,0.3463,0.7045,17.1,40,4,1,male,tier_1_metro,artisan_freelance
APP_12399,46992.58,28619.27,0.391,0.2632,0.0,20.1,418,6,1,male,tier_2_urban,street_food
APP_12400,41634.85,29258.09,0.2973,0.2036,0.0,23.0,316,6,1,male,tier_1_metro,grocery_kirana
APP_12401,28313.25,10383.47,0.6333,0.2947,0.2792,19.9,152,12,0,male,tier_1_metro,gig_delivery
APP_12402,27481.08,8281.02,0.6987,0.2792,0.0927,9.2,77,4,0,male,tier_2_urban,artisan_freelance
APP_12403,34665.34,13031.66,0.6241,0.2889,0.2111,4.8,119,3,1,male,tier_2_urban,gig_delivery
APP_12404,25550.35,8953.87,0.6496,0.2787,0.6906,10.9,30,6,0,male,tier_1_metro,artisan_freelance
APP_12405,65423.13,47063.18,0.2806,0.1115,0.5783,25.2,384,6,1,male,tier_1_metro,grocery_kirana
APP_12406,32654.35,21042.64,0.3556,0.1817,0.0,6.2,447,4,1,female,tier_1_metro,street_food
APP_12407,29790.05,23623.19,0.207,0.1085,0.7463,9.4,260,4,0,female,tier_1_metro,grocery_kirana
APP_12408,28581.37,10461.32,0.634,0.2582,0.0,2.1,80,2,1,male,tier_2_urban,gig_delivery
APP_12409,71394.58,52842.94,0.2598,0.1833,0.0,27.5,228,6,1,male,tier_1_metro,grocery_kirana
APP_12410,32252.13,16009.75,0.5036,0.122,0.2788,6.6,346,2,0,male,tier_1_metro,street_food
APP_12411,30917.33,14611.83,0.5274,0.1624,0.3714,23.5,191,4,1,male,tier_2_urban,gig_delivery
APP_12412,55005.66,39676.85,0.2787,0.1018,0.0,1.8,267,4,1,female,tier_3_rural,grocery_kirana
APP_12413,26051.28,11340.64,0.5647,0.2238,0.0,14.8,92,3,1,female,tier_3_rural,gig_delivery
APP_12414,28917.84,15577.06,0.4613,0.3216,0.0,7.0,28,3,1,male,tier_1_metro,artisan_freelance
APP_12415,28532.5,11523.22,0.5961,0.3814,0.0,16.4,30,3,0,female,tier_3_rural,artisan_freelance
APP_12416,56891.63,46358.08,0.1852,0.1329,0.2891,1.0,265,3,0,female,tier_2_urban,grocery_kirana
APP_12417,58841.92,43074.22,0.268,0.1615,0.706,27.9,392,2,0,male,tier_1_metro,grocery_kirana
APP_12418,40997.79,17969.8,0.5617,0.4489,0.1943,5.1,20,4,1,female,tier_2_urban,artisan_freelance
APP_12419,15039.45,4685.18,0.6885,0.4235,0.0,1.0,52,2,0,male,tier_3_rural,artisan_freelance
APP_12420,41523.92,22541.88,0.4571,0.5448,0.0,60.0,75,12,1,female,tier_3_rural,artisan_freelance
APP_12421,54777.89,44573.46,0.1863,0.101,0.5171,7.7,183,4,1,male,tier_1_metro,grocery_kirana
APP_12422,60691.32,43213.71,0.288,0.1909,0.6777,6.1,181,4,0,male,tier_2_urban,grocery_kirana
APP_12423,44672.38,28194.42,0.3689,0.1885,0.3068,8.2,447,6,1,male,tier_1_metro,street_food
APP_12424,35818.2,15861.98,0.5572,0.5333,0.2177,8.7,66,6,1,female,tier_1_metro,artisan_freelance
APP_12425,43599.71,13220.44,0.6968,0.4809,0.6671,21.2,72,3,0,male,tier_1_metro,artisan_freelance
APP_12426,41044.16,20435.87,0.5021,0.2037,0.1596,24.4,365,3,1,male,tier_1_metro,street_food
APP_12427,30453.5,11371.86,0.6266,0.2644,0.0,9.5,99,6,1,male,tier_2_urban,gig_delivery
APP_12428,61477.01,45666.74,0.2572,0.1089,0.6523,24.8,191,3,1,male,tier_2_urban,grocery_kirana
APP_12429,29582.96,14279.58,0.5173,0.2503,0.0,5.1,182,12,1,male,tier_1_metro,street_food
APP_12430,39836.58,21877.65,0.4508,0.2043,0.1259,1.0,219,6,1,male,tier_3_rural,street_food
APP_12431,23378.18,8977.02,0.616,0.1588,0.4589,5.1,155,4,1,male,tier_2_urban,gig_delivery
APP_12432,57448.13,45438.78,0.209,0.1167,0.0,1.0,320,12,1,female,tier_2_urban,grocery_kirana
APP_12433,31349.18,12793.59,0.5919,0.287,0.0,7.3,159,4,1,male,tier_1_metro,gig_delivery
APP_12434,48319.65,35496.53,0.2654,0.1421,0.6118,13.9,394,4,0,female,tier_1_metro,grocery_kirana
APP_12435,28614.84,11156.47,0.6101,0.2555,0.0,14.0,101,3,1,female,tier_1_metro,gig_delivery
APP_12436,21600.49,9868.86,0.5431,0.2338,0.1868,6.7,169,3,0,male,tier_1_metro,gig_delivery
APP_12437,27839.21,10706.77,0.6154,0.2702,0.0,9.2,130,4,0,female,tier_2_urban,gig_delivery
APP_12438,37730.69,21970.69,0.4177,0.1928,0.7096,35.3,385,3,1,male,tier_1_metro,street_food
APP_12439,18440.54,9108.44,0.5061,0.4659,0.0,6.2,50,4,1,female,tier_1_metro,artisan_freelance
APP_12440,44473.36,14858.57,0.6659,0.3246,0.4175,6.0,61,4,1,male,tier_1_metro,artisan_freelance
APP_12441,27550.07,13222.8,0.52,0.5182,0.6454,11.0,75,3,0,male,tier_3_rural,artisan_freelance
APP_12442,53757.8,36771.33,0.316,0.1321,0.7117,7.4,234,3,0,male,tier_1_metro,grocery_kirana
APP_12443,27780.66,14712.34,0.4704,0.2216,0.2323,20.6,261,4,0,female,tier_1_metro,street_food
APP_12444,30025.67,12377.63,0.5878,0.1865,0.6376,15.6,136,3,0,female,tier_3_rural,gig_delivery
APP_12445,35757.74,22887.92,0.3599,0.207,0.4209,6.9,367,3,1,female,tier_1_metro,street_food
APP_12446,31295.01,11078.22,0.646,0.1946,0.7386,29.8,175,4,0,male,tier_2_urban,gig_delivery
APP_12447,55598.19,41227.48,0.2585,0.1331,0.655,7.4,260,3,1,male,tier_3_rural,grocery_kirana
APP_12448,26204.25,12945.17,0.506,0.292,0.5365,3.8,189,2,0,male,tier_1_metro,gig_delivery
APP_12449,32268.85,19768.87,0.3874,0.1769,0.1492,13.4,198,2,0,male,tier_1_metro,street_food
APP_12450,32760.34,11722.19,0.6422,0.2585,0.2019,8.4,191,6,1,female,tier_2_urban,gig_delivery
APP_12451,20210.47,7587.66,0.6246,0.5207,0.2724,1.0,50,4,1,female,tier_3_rural,artisan_freelance
APP_12452,41722.62,13684.81,0.672,0.5376,0.1828,37.7,27,4,0,female,tier_2_urban,artisan_freelance
APP_12453,21410.39,8679.96,0.5946,0.3088,0.2845,2.8,90,4,1,male,tier_2_urban,gig_delivery
APP_12454,26164.36,9711.2,0.6288,0.1875,0.0,8.9,154,12,1,female,tier_1_metro,gig_delivery
APP_12455,25994.65,8139.5,0.6869,0.3801,0.0,18.2,41,9,1,male,tier_2_urban,artisan_freelance
APP_12456,22139.16,9511.75,0.5704,0.2226,0.3743,7.1,195,6,1,male,tier_1_metro,gig_delivery
APP_12457,37235.72,28652.41,0.2305,0.1957,0.643,17.8,288,4,1,male,tier_3_rural,grocery_kirana
APP_12458,20811.81,8487.23,0.5922,0.4819,0.6165,13.2,84,9,0,male,tier_2_urban,artisan_freelance
APP_12459,30133.7,15915.43,0.4718,0.5102,0.7452,35.3,60,3,0,female,tier_1_metro,artisan_freelance
APP_12460,20545.7,8815.36,0.5709,0.2939,0.0,6.1,113,12,0,male,tier_1_metro,gig_delivery
APP_12461,40945.58,18119.93,0.5575,0.4299,0.2083,2.7,89,4,0,female,tier_1_metro,artisan_freelance
APP_12462,40398.95,12503.15,0.6905,0.4468,0.0,11.8,29,4,1,male,tier_1_metro,artisan_freelance
APP_12463,56593.04,42899.53,0.242,0.1572,0.0,15.1,364,6,1,female,tier_1_metro,grocery_kirana
APP_12464,54375.87,38287.47,0.2959,0.1432,0.5142,6.0,375,9,0,female,tier_1_metro,grocery_kirana
APP_12465,24815.77,9828.5,0.6039,0.3289,0.2461,6.8,25,3,0,male,tier_3_rural,artisan_freelance
APP_12466,29158.0,11520.16,0.6049,0.2081,0.0,2.2,101,3,1,female,tier_1_metro,gig_delivery
APP_12467,34986.78,19227.71,0.4504,0.2993,0.289,3.5,46,4,0,male,tier_2_urban,artisan_freelance
APP_12468,33257.61,18540.89,0.4425,0.187,0.7152,29.6,393,2,1,female,tier_1_metro,street_food
APP_12469,54719.27,44520.45,0.1864,0.1392,0.4468,12.5,206,3,1,female,tier_2_urban,grocery_kirana
APP_12470,39892.55,17993.51,0.549,0.2511,0.0,15.8,271,2,1,female,tier_2_urban,street_food
APP_12471,27849.54,11213.71,0.5973,0.3139,0.0,60.0,78,2,0,male,tier_3_rural,artisan_freelance
APP_12472,27245.15,15619.51,0.4267,0.3315,0.7371,7.7,78,12,0,male,tier_2_urban,artisan_freelance
APP_12473,47034.0,35205.9,0.2515,0.1054,0.0,10.1,307,4,1,female,tier_2_urban,grocery_kirana
APP_12474,22978.65,8589.51,0.6262,0.2651,0.0,3.5,139,6,1,male,tier_3_rural,gig_delivery
APP_12475,34688.0,15516.6,0.5527,0.1535,0.0,1.0,91,3,1,male,tier_1_metro,gig_delivery
APP_12476,51350.73,37883.6,0.2623,0.1751,0.0,30.7,226,6,1,male,tier_2_urban,grocery_kirana
APP_12477,62770.7,47391.14,0.245,0.1523,0.5314,25.1,339,12,1,male,tier_1_metro,grocery_kirana
APP_12478,33291.68,16838.16,0.4942,0.3076,0.3943,5.3,32,6,1,male,tier_2_urban,artisan_freelance
APP_12479,34933.3,19122.76,0.4526,0.1594,0.3102,7.4,202,6,1,male,tier_1_metro,street_food
APP_12480,41713.44,18367.66,0.5597,0.4805,0.0,6.6,53,2,1,female,tier_1_metro,artisan_freelance
APP_12481,71741.22,49966.81,0.3035,0.2131,0.5875,29.8,298,2,1,female,tier_2_urban,grocery_kirana
APP_12482,32799.81,13712.23,0.5819,0.1871,0.0,1.7,190,4,1,female,tier_3_rural,gig_delivery
APP_12483,59961.78,46260.81,0.2285,0.2059,0.0,25.3,386,3,0,female,tier_3_rural,grocery_kirana
APP_12484,32880.05,15369.02,0.5326,0.3173,0.3741,5.0,169,6,1,female,tier_1_metro,gig_delivery
APP_12485,32673.84,11501.33,0.648,0.1962,0.7332,2.1,198,4,0,female,tier_3_rural,gig_delivery
APP_12486,28736.94,15500.49,0.4606,0.2238,0.6857,3.1,210,3,0,female,tier_2_urban,street_food
APP_12487,56509.72,39410.29,0.3026,0.1093,0.3639,1.2,342,3,0,male,tier_2_urban,grocery_kirana
APP_12488,49768.92,31186.85,0.3734,0.1847,0.1072,1.0,382,3,1,female,tier_2_urban,street_food
APP_12489,58467.6,42076.8,0.2803,0.0954,0.0,37.8,291,4,1,male,tier_1_metro,grocery_kirana
APP_12490,52088.08,37785.32,0.2746,0.1902,0.3794,24.8,316,6,1,female,tier_3_rural,grocery_kirana
APP_12491,37165.03,22739.11,0.3882,0.2491,0.2367,5.0,312,4,1,male,tier_2_urban,street_food
APP_12492,25462.11,11953.26,0.5305,0.2595,0.0,1.0,155,2,1,female,tier_2_urban,gig_delivery
APP_12493,43386.97,32291.67,0.2557,0.1603,0.5544,15.5,218,12,0,male,tier_3_rural,grocery_kirana
APP_12494,37816.16,28896.14,0.2359,0.1931,0.0,7.4,347,3,0,male,tier_1_metro,grocery_kirana
APP_12495,32774.48,20958.68,0.3605,0.2081,0.0,10.7,381,4,1,female,tier_1_metro,street_food
APP_12496,32720.79,15890.76,0.5144,0.2103,0.0,13.2,95,6,1,male,tier_1_metro,gig_delivery
APP_12497,16217.1,8395.52,0.4823,0.4596,0.3562,10.3,44,4,0,male,tier_2_urban,artisan_freelance
APP_12498,60731.07,45196.01,0.2558,0.0826,0.5129,10.4,285,4,0,male,tier_2_urban,grocery_kirana
APP_12499,22827.38,12407.95,0.4564,0.2809,0.2952,5.8,68,3,1,male,tier_1_metro,artisan_freelance
APP_12500,42723.52,25653.51,0.3995,0.2568,0.0,11.2,305,3,1,female,tier_1_metro,street_food
APP_12501,34164.86,19416.75,0.4317,0.5474,0.4569,7.4,70,9,1,female,tier_3_rural,artisan_freelance
APP_12502,32419.18,14743.93,0.5452,0.1771,0.0,13.2,140,9,1,male,tier_1_metro,gig_delivery
APP_12503,26879.11,10521.51,0.6086,0.1543,0.5575,15.8,126,4,1,male,tier_1_metro,gig_delivery
APP_12504,27384.6,12055.69,0.5598,0.3162,0.3525,8.6,178,3,0,male,tier_2_urban,gig_delivery
APP_12505,48755.64,33279.83,0.3174,0.1079,0.7437,3.6,259,6,1,female,tier_3_rural,grocery_kirana
APP_12506,38748.88,18484.25,0.523,0.4539,0.3212,24.8,65,6,1,male,tier_1_metro,artisan_freelance
APP_12507,55679.54,40519.97,0.2723,0.183,0.1552,27.4,329,3,1,female,tier_3_rural,grocery_kirana
APP_12508,28039.6,12149.82,0.5667,0.2817,0.0996,30.9,165,2,1,female,tier_1_metro,gig_delivery
APP_12509,31929.74,13456.82,0.5785,0.2413,0.6422,8.5,138,2,0,male,tier_3_rural,gig_delivery
APP_12510,24815.29,13489.71,0.4564,0.4123,0.0,4.8,40,4,0,female,tier_3_rural,artisan_freelance
APP_12511,50633.08,31021.03,0.3873,0.185,0.6239,3.6,266,4,0,female,tier_3_rural,street_food
APP_12512,29252.42,11206.4,0.6169,0.2463,0.1735,11.4,167,3,1,male,tier_3_rural,gig_delivery
APP_12513,40628.23,31663.95,0.2206,0.1959,0.6744,5.9,322,6,1,male,tier_1_metro,grocery_kirana
APP_12514,47049.68,37742.54,0.1978,0.0886,0.3283,12.5,337,4,1,female,tier_2_urban,grocery_kirana
APP_12515,58476.68,44321.81,0.2421,0.1425,0.4895,19.6,165,2,1,female,tier_2_urban,grocery_kirana
APP_12516,37927.56,18397.78,0.5149,0.2506,0.6171,7.0,228,3,0,male,tier_2_urban,street_food
APP_12517,25852.09,16122.13,0.3764,0.2012,0.1719,13.9,329,9,0,male,tier_2_urban,street_food
APP_12518,52388.77,39151.55,0.2527,0.1935,0.206,16.9,377,6,1,male,tier_1_metro,grocery_kirana
APP_12519,71527.29,54300.35,0.2408,0.1385,0.0,18.7,399,3,1,female,tier_3_rural,grocery_kirana
APP_12520,31866.07,12751.74,0.5998,0.26,0.5883,12.1,86,4,1,male,tier_3_rural,gig_delivery
APP_12521,39296.77,19269.79,0.5096,0.2459,0.4949,60.0,195,12,1,female,tier_3_rural,street_food
APP_12522,18693.98,7004.06,0.6253,0.2741,0.6002,6.1,129,6,1,female,tier_1_metro,gig_delivery
APP_12523,50398.55,23761.13,0.5285,0.2003,0.3407,9.8,184,4,0,female,tier_3_rural,street_food
APP_12524,64837.22,45520.27,0.2979,0.1198,0.5309,5.4,171,12,1,female,tier_2_urban,grocery_kirana
APP_12525,49102.5,27235.54,0.4453,0.3369,0.0,7.5,68,4,0,female,tier_1_metro,artisan_freelance
APP_12526,36289.84,22178.66,0.3888,0.1865,0.6039,1.7,428,6,1,female,tier_2_urban,street_food
APP_12527,21966.98,7356.14,0.6651,0.3098,0.5691,1.0,48,4,1,male,tier_1_metro,artisan_freelance
APP_12528,27994.48,13853.65,0.5051,0.2892,0.0,4.6,104,6,1,male,tier_2_urban,gig_delivery
APP_12529,29301.64,14326.93,0.5111,0.31,0.0,30.9,105,3,0,female,tier_2_urban,gig_delivery
APP_12530,31817.33,14657.36,0.5393,0.2673,0.5099,11.6,444,6,1,male,tier_3_rural,street_food
APP_12531,53632.04,43422.22,0.1904,0.1474,0.3744,1.1,245,6,1,male,tier_2_urban,grocery_kirana
APP_12532,32654.85,18024.22,0.448,0.2523,0.0,2.1,31,4,0,female,tier_2_urban,artisan_freelance
APP_12533,31954.59,19744.64,0.3821,0.1323,0.7039,14.8,222,4,0,female,tier_1_metro,street_food
APP_12534,18296.05,7635.87,0.5826,0.1695,0.2747,11.0,169,2,1,male,tier_2_urban,gig_delivery
APP_12535,35531.64,13435.75,0.6219,0.4315,0.4859,21.3,53,4,1,male,tier_2_urban,artisan_freelance
APP_12536,39808.4,20019.05,0.4971,0.4027,0.0,1.0,56,4,0,male,tier_2_urban,artisan_freelance
APP_12537,28660.85,17201.8,0.3998,0.2115,0.2181,8.6,381,3,1,male,tier_2_urban,street_food
APP_12538,36498.39,22796.5,0.3754,0.2004,0.1902,6.8,321,3,1,female,tier_2_urban,street_food
APP_12539,42535.19,29361.14,0.3097,0.1713,0.4539,20.8,295,4,1,male,tier_3_rural,grocery_kirana
APP_12540,34705.03,17277.34,0.5022,0.1977,0.3376,1.9,243,3,1,male,tier_1_metro,street_food
APP_12541,42484.02,21092.67,0.5035,0.2913,0.5169,35.2,83,6,1,male,tier_1_metro,artisan_freelance
APP_12542,38574.11,16864.09,0.5628,0.2211,0.0,2.3,173,4,1,male,tier_1_metro,gig_delivery
APP_12543,57487.27,40830.46,0.2897,0.1265,0.6917,28.8,234,3,1,female,tier_2_urban,grocery_kirana
APP_12544,44897.99,31715.12,0.2936,0.1744,0.3954,9.8,327,2,1,male,tier_3_rural,grocery_kirana
APP_12545,50395.13,35900.34,0.2876,0.2029,0.1597,13.1,369,4,0,male,tier_2_urban,grocery_kirana
APP_12546,55093.16,38523.45,0.3008,0.174,0.2067,12.9,271,4,1,female,tier_3_rural,grocery_kirana
APP_12547,19656.56,5898.12,0.6999,0.3979,0.7412,2.5,27,9,0,male,tier_3_rural,artisan_freelance
APP_12548,55866.99,41551.63,0.2562,0.1087,0.1339,2.2,315,4,0,female,tier_1_metro,grocery_kirana
APP_12549,24189.19,10888.75,0.5499,0.2274,0.5406,60.0,133,2,1,female,tier_1_metro,gig_delivery
APP_12550,70979.63,53704.49,0.2434,0.1911,0.4099,30.7,378,6,1,male,tier_1_metro,grocery_kirana
APP_12551,32864.02,17677.83,0.4621,0.2133,0.1635,12.1,310,3,0,male,tier_1_metro,street_food
APP_12552,26538.34,9885.75,0.6275,0.4453,0.0,1.0,54,2,0,male,tier_2_urban,artisan_freelance
APP_12553,19927.68,7583.17,0.6195,0.2174,0.0,27.8,107,4,1,female,tier_3_rural,gig_delivery
APP_12554,74449.29,55347.13,0.2566,0.1159,0.0,9.8,363,6,0,female,tier_1_metro,grocery_kirana
APP_12555,50337.48,39845.02,0.2084,0.0895,0.5239,60.0,168,4,0,female,tier_2_urban,grocery_kirana
APP_12556,36836.1,23706.75,0.3564,0.2337,0.2973,14.1,254,3,1,female,tier_1_metro,street_food
APP_12557,37375.91,17529.1,0.531,0.2317,0.5326,25.0,235,6,1,male,tier_2_urban,street_food
APP_12558,38571.37,24300.45,0.37,0.261,0.3764,4.4,418,4,1,male,tier_2_urban,street_food
APP_12559,53693.82,39174.1,0.2704,0.1124,0.0,14.5,218,2,1,male,tier_2_urban,grocery_kirana
APP_12560,57297.47,40507.94,0.293,0.1337,0.4043,1.0,301,2,0,male,tier_2_urban,grocery_kirana
APP_12561,43881.24,20818.63,0.5256,0.2757,0.0,16.6,318,4,1,female,tier_1_metro,street_food
APP_12562,27728.5,12739.77,0.5406,0.4488,0.378,9.6,62,4,1,male,tier_1_metro,artisan_freelance
APP_12563,57234.86,39958.75,0.3018,0.1886,0.1898,1.0,170,9,1,female,tier_2_urban,grocery_kirana
APP_12564,23372.71,11574.85,0.5048,0.2267,0.4373,3.8,150,2,0,female,tier_2_urban,gig_delivery
APP_12565,29688.1,12891.85,0.5658,0.1529,0.0,6.3,194,3,0,female,tier_1_metro,gig_delivery
APP_12566,39339.7,27841.69,0.2923,0.1855,0.0,13.5,182,3,1,male,tier_2_urban,grocery_kirana
APP_12567,40726.52,25326.13,0.3781,0.2712,0.5273,9.8,375,4,1,female,tier_1_metro,street_food
APP_12568,57733.01,44499.97,0.2292,0.1115,0.0,1.0,252,6,1,male,tier_1_metro,grocery_kirana
APP_12569,48663.37,37570.55,0.2279,0.0908,0.1792,30.0,314,12,0,male,tier_3_rural,grocery_kirana
APP_12570,67660.95,50991.39,0.2464,0.2099,0.6647,11.3,295,9,0,female,tier_1_metro,grocery_kirana
APP_12571,57489.23,46128.36,0.1976,0.1426,0.4071,5.9,260,6,1,male,tier_2_urban,grocery_kirana
APP_12572,30162.91,13013.78,0.5686,0.218,0.2727,2.1,140,12,1,female,tier_1_metro,gig_delivery
APP_12573,40085.54,27618.03,0.311,0.2138,0.0,15.5,282,4,0,male,tier_2_urban,grocery_kirana
APP_12574,31671.14,18454.62,0.4173,0.3059,0.3003,23.4,45,4,1,female,tier_3_rural,artisan_freelance
APP_12575,24719.63,11522.82,0.5339,0.2394,0.3725,7.6,143,3,1,male,tier_2_urban,gig_delivery
APP_12576,20962.41,7763.86,0.6296,0.4733,0.3574,8.9,86,12,0,male,tier_2_urban,artisan_freelance
APP_12577,58115.15,45525.85,0.2166,0.209,0.1989,15.5,203,4,1,female,tier_3_rural,grocery_kirana
APP_12578,45897.93,27047.54,0.4107,0.4041,0.0,14.3,71,6,1,male,tier_1_metro,artisan_freelance
APP_12579,78420.68,59163.53,0.2456,0.2001,0.0,19.0,349,2,1,male,tier_1_metro,grocery_kirana
APP_12580,31785.12,11285.04,0.645,0.2116,0.0761,1.6,150,3,1,male,tier_1_metro,gig_delivery
APP_12581,31954.77,18909.38,0.4082,0.3321,0.0,24.0,33,9,1,male,tier_2_urban,artisan_freelance
APP_12582,32871.11,16771.31,0.4898,0.2799,0.4657,20.1,191,9,1,female,tier_1_metro,street_food
APP_12583,51270.96,23703.95,0.5377,0.1382,0.0,12.7,249,4,1,female,tier_3_rural,street_food
APP_12584,39787.04,28487.4,0.284,0.1486,0.0,4.0,291,12,0,male,tier_1_metro,grocery_kirana
APP_12585,72704.51,53505.71,0.2641,0.1161,0.6699,16.0,267,6,0,female,tier_2_urban,grocery_kirana
APP_12586,32643.36,14704.53,0.5495,0.1714,0.3503,2.4,178,6,1,male,tier_1_metro,gig_delivery
APP_12587,44297.82,36030.56,0.1866,0.1074,0.672,6.9,199,12,0,female,tier_1_metro,grocery_kirana
APP_12588,71805.28,50788.0,0.2927,0.2097,0.61,5.5,335,3,0,female,tier_1_metro,grocery_kirana
APP_12589,37356.61,22118.53,0.4079,0.2038,0.4264,1.8,403,3,1,male,tier_3_rural,street_food
APP_12590,29608.37,12522.01,0.5771,0.1518,0.7453,1.3,145,3,0,male,tier_2_urban,gig_delivery
APP_12591,25844.84,14299.49,0.4467,0.4807,0.7359,11.2,20,4,0,male,tier_1_metro,artisan_freelance
APP_12592,30272.23,18172.12,0.3997,0.1806,0.0,11.6,337,6,1,male,tier_2_urban,street_food
APP_12593,22939.15,10258.13,0.5528,0.253,0.1335,14.2,151,12,0,male,tier_3_rural,gig_delivery
APP_12594,13661.85,6437.51,0.5288,0.233,0.3095,13.4,156,3,1,male,tier_2_urban,gig_delivery
APP_12595,45066.07,20323.94,0.549,0.1484,0.6293,1.3,268,12,0,male,tier_3_rural,street_food
APP_12596,38618.91,18476.82,0.5216,0.1293,0.3955,23.0,232,6,1,female,tier_1_metro,street_food
APP_12597,45114.11,27434.96,0.3919,0.1668,0.0,3.9,402,6,1,female,tier_2_urban,street_food
APP_12598,46214.6,21361.47,0.5378,0.2788,0.1027,8.8,250,3,1,male,tier_1_metro,street_food
APP_12599,29376.76,9079.54,0.6909,0.309,0.0,24.8,35,9,1,female,tier_3_rural,artisan_freelance
APP_12600,43778.44,24395.7,0.4427,0.1366,0.3855,45.7,301,4,1,male,tier_1_metro,street_food
APP_12601,39656.77,18011.43,0.5458,0.2469,0.0,1.0,195,4,1,female,tier_2_urban,street_food
APP_12602,27079.54,11615.92,0.571,0.3123,0.0,7.7,93,4,1,male,tier_1_metro,gig_delivery
APP_12603,39443.97,25119.57,0.3632,0.2496,0.0,22.5,419,3,0,male,tier_1_metro,street_food
APP_12604,38085.41,27189.23,0.2861,0.1698,0.3617,15.6,247,12,1,female,tier_2_urban,grocery_kirana
APP_12605,32790.7,16106.86,0.5088,0.5307,0.6388,14.4,45,4,0,male,tier_1_metro,artisan_freelance
APP_12606,66593.76,49257.05,0.2603,0.1452,0.6636,5.3,212,6,0,female,tier_2_urban,grocery_kirana
APP_12607,29456.37,14041.06,0.5233,0.1626,0.2641,3.7,122,6,1,male,tier_3_rural,gig_delivery
APP_12608,18950.48,7336.74,0.6128,0.2138,0.3586,13.6,149,4,1,male,tier_1_metro,gig_delivery
APP_12609,70180.17,56032.47,0.2016,0.1299,0.0,46.4,350,3,1,male,tier_2_urban,grocery_kirana
APP_12610,31019.99,13619.97,0.5609,0.4726,0.0,7.2,20,6,1,female,tier_2_urban,artisan_freelance
APP_12611,44478.9,24637.78,0.4461,0.2759,0.0,14.6,436,12,1,female,tier_1_metro,street_food
APP_12612,40665.72,14069.24,0.654,0.3225,0.0,32.3,55,6,1,female,tier_2_urban,artisan_freelance
APP_12613,25818.71,12062.96,0.5328,0.2563,0.4161,25.0,126,4,1,male,tier_1_metro,gig_delivery
APP_12614,67661.3,46165.12,0.3177,0.2027,0.5722,1.1,297,2,0,female,tier_1_metro,grocery_kirana
APP_12615,19785.51,8101.37,0.5905,0.3083,0.0,5.7,127,2,1,male,tier_3_rural,gig_delivery
APP_12616,61268.31,48593.43,0.2069,0.1552,0.0,2.6,255,12,1,female,tier_3_rural,grocery_kirana
APP_12617,21890.64,10559.28,0.5176,0.1235,0.6666,6.7,340,9,0,male,tier_2_urban,street_food
APP_12618,27884.86,11134.33,0.6007,0.3609,0.0,31.2,55,3,0,male,tier_2_urban,artisan_freelance
APP_12619,14222.54,6626.92,0.5341,0.2441,0.0,11.1,86,6,0,female,tier_1_metro,gig_delivery
APP_12620,39797.9,30763.82,0.227,0.1694,0.6959,12.4,330,3,1,male,tier_1_metro,grocery_kirana
APP_12621,44209.22,31924.05,0.2779,0.1535,0.546,20.3,379,4,0,female,tier_2_urban,grocery_kirana
APP_12622,37658.44,21801.95,0.4211,0.1741,0.0,1.0,217,6,1,male,tier_1_metro,street_food
APP_12623,28969.84,16059.87,0.4456,0.2926,0.0,7.0,66,6,1,male,tier_1_metro,artisan_freelance
APP_12624,26134.01,13735.0,0.4744,0.1219,0.3576,15.5,217,6,1,male,tier_2_urban,street_food
APP_12625,35497.85,19831.2,0.4413,0.4514,0.493,20.3,49,6,1,male,tier_1_metro,artisan_freelance
APP_12626,63509.37,48535.59,0.2358,0.1247,0.4998,1.0,300,4,1,male,tier_1_metro,grocery_kirana
APP_12627,27811.12,13336.6,0.5205,0.164,0.5643,24.5,151,3,1,male,tier_3_rural,gig_delivery
APP_12628,65863.18,52031.78,0.21,0.1895,0.0,2.9,253,4,0,female,tier_3_rural,grocery_kirana
APP_12629,43677.52,31997.45,0.2674,0.1751,0.3533,25.4,228,3,0,male,tier_3_rural,grocery_kirana
APP_12630,20186.66,9547.79,0.527,0.5278,0.5311,3.1,55,3,0,female,tier_1_metro,artisan_freelance
APP_12631,35308.65,12946.51,0.6333,0.2048,0.3382,12.3,159,9,1,male,tier_1_metro,gig_delivery
APP_12632,49585.97,27051.62,0.4545,0.1711,0.4496,11.3,381,6,0,female,tier_1_metro,street_food
APP_12633,18111.61,9313.44,0.4858,0.3199,0.0,9.4,64,12,1,male,tier_3_rural,artisan_freelance
APP_12634,25239.87,10730.78,0.5748,0.285,0.4215,37.7,182,2,1,male,tier_1_metro,gig_delivery
APP_12635,25697.43,11882.86,0.5376,0.2748,0.2703,2.7,105,3,0,male,tier_2_urban,gig_delivery
APP_12636,12000.0,6752.95,0.4373,0.265,0.6719,1.0,49,9,1,male,tier_3_rural,artisan_freelance
APP_12637,60778.2,48957.91,0.1945,0.1287,0.2133,7.2,292,6,1,male,tier_1_metro,grocery_kirana
APP_12638,28509.43,22092.08,0.2251,0.1761,0.4057,8.3,199,9,0,female,tier_2_urban,grocery_kirana
APP_12639,51845.91,41847.08,0.1929,0.1667,0.1516,13.2,208,9,0,male,tier_3_rural,grocery_kirana
APP_12640,64621.83,44131.82,0.3171,0.1634,0.2791,28.3,286,6,0,male,tier_1_metro,grocery_kirana
APP_12641,19523.67,8614.37,0.5588,0.2121,0.0,44.1,107,3,1,female,tier_1_metro,gig_delivery
APP_12642,31298.33,12245.57,0.6087,0.4241,0.0,12.7,57,6,0,male,tier_3_rural,artisan_freelance
APP_12643,66315.83,50131.03,0.2441,0.1277,0.5235,44.8,267,3,1,female,tier_3_rural,grocery_kirana
APP_12644,88105.33,70193.62,0.2033,0.2052,0.565,28.2,167,4,1,female,tier_3_rural,grocery_kirana
APP_12645,51740.21,42269.01,0.1831,0.1751,0.1605,17.0,153,12,0,male,tier_1_metro,grocery_kirana
APP_12646,33168.53,15528.33,0.5318,0.2463,0.0,14.2,192,4,0,male,tier_1_metro,street_food
APP_12647,48553.66,22837.12,0.5297,0.2208,0.1826,1.0,344,6,1,male,tier_1_metro,street_food
APP_12648,61563.95,49883.35,0.1897,0.1512,0.4041,29.9,375,4,1,female,tier_1_metro,grocery_kirana
APP_12649,45279.59,22505.11,0.503,0.3662,0.416,2.8,32,9,1,male,tier_1_metro,artisan_freelance
APP_12650,39283.22,28835.09,0.266,0.1812,0.6609,1.0,343,9,0,male,tier_2_urban,grocery_kirana
APP_12651,36815.08,20086.53,0.4544,0.3491,0.0,35.2,82,9,0,male,tier_3_rural,artisan_freelance
APP_12652,76964.42,59256.85,0.2301,0.1852,0.0,6.9,211,2,1,male,tier_1_metro,grocery_kirana
APP_12653,59308.08,41909.13,0.2934,0.1371,0.493,1.0,322,4,1,male,tier_2_urban,grocery_kirana
APP_12654,21765.16,6930.46,0.6816,0.4488,0.463,3.7,37,12,0,female,tier_2_urban,artisan_freelance
APP_12655,72060.96,53455.82,0.2582,0.1902,0.3539,4.8,267,9,0,male,tier_2_urban,grocery_kirana
APP_12656,40484.5,20449.04,0.4949,0.1944,0.6601,10.5,345,4,1,male,tier_1_metro,street_food
APP_12657,57630.87,44929.07,0.2204,0.1941,0.0,13.2,274,4,1,male,tier_2_urban,grocery_kirana
APP_12658,32024.65,13442.51,0.5802,0.1722,0.6,7.0,107,6,1,male,tier_1_metro,gig_delivery
APP_12659,28071.99,14580.89,0.4806,0.5453,0.3891,1.3,89,4,0,female,tier_1_metro,artisan_freelance
APP_12660,43359.54,27375.09,0.3686,0.1622,0.3544,35.4,243,12,0,male,tier_2_urban,street_food
APP_12661,28269.44,9929.08,0.6488,0.1988,0.5335,5.0,119,6,0,male,tier_1_metro,gig_delivery
APP_12662,44528.65,23211.59,0.4787,0.159,0.2865,2.6,411,4,1,male,tier_2_urban,street_food
APP_12663,32881.72,14495.87,0.5592,0.2803,0.2973,1.0,158,6,1,male,tier_2_urban,gig_delivery
APP_12664,32560.23,11793.04,0.6378,0.3024,0.0,22.4,134,4,1,male,tier_1_metro,gig_delivery
APP_12665,33587.87,20469.52,0.3906,0.1688,0.0,3.4,442,12,1,male,tier_1_metro,street_food
APP_12666,23146.74,10311.99,0.5545,0.3465,0.4226,18.6,80,4,1,male,tier_1_metro,artisan_freelance
APP_12667,45728.36,37033.12,0.1901,0.2053,0.4015,3.1,152,9,0,male,tier_2_urban,grocery_kirana
APP_12668,34733.11,16012.01,0.539,0.4481,0.0,39.9,37,4,1,female,tier_1_metro,artisan_freelance
APP_12669,20978.35,9235.96,0.5597,0.1851,0.2907,27.6,168,4,1,female,tier_2_urban,gig_delivery
APP_12670,32028.74,14838.04,0.5367,0.2727,0.3941,1.0,29,2,1,male,tier_2_urban,artisan_freelance
APP_12671,40912.12,21218.71,0.4814,0.2176,0.1447,1.0,428,9,1,male,tier_2_urban,street_food
APP_12672,28114.9,17560.45,0.3754,0.1674,0.0,19.2,309,2,1,male,tier_1_metro,street_food
APP_12673,53271.68,32479.45,0.3903,0.1746,0.7469,1.7,317,3,0,male,tier_1_metro,street_food
APP_12674,50387.29,28259.39,0.4392,0.4417,0.0785,11.3,78,3,1,male,tier_2_urban,artisan_freelance
APP_12675,35194.35,15166.18,0.5691,0.4707,0.2516,60.0,60,3,1,female,tier_2_urban,artisan_freelance
APP_12676,32303.12,14970.72,0.5366,0.3886,0.3277,10.6,70,4,0,male,tier_1_metro,artisan_freelance
APP_12677,28910.48,13268.82,0.541,0.3076,0.6742,18.4,178,6,0,male,tier_3_rural,gig_delivery
APP_12678,17102.03,6989.44,0.5913,0.299,0.0,9.7,171,4,1,male,tier_1_metro,gig_delivery
APP_12679,27865.61,13650.41,0.5101,0.5145,0.4232,53.2,73,3,0,male,tier_1_metro,artisan_freelance
APP_12680,22585.11,11204.28,0.5039,0.2461,0.1723,2.5,181,4,1,female,tier_3_rural,gig_delivery
APP_12681,48944.73,23421.32,0.5215,0.5198,0.5755,7.9,47,3,1,male,tier_1_metro,artisan_freelance
APP_12682,25476.89,11786.81,0.5374,0.3097,0.0,12.9,118,12,1,male,tier_2_urban,gig_delivery
APP_12683,37721.73,15388.98,0.592,0.3315,0.0,1.0,44,3,0,male,tier_2_urban,artisan_freelance
APP_12684,30782.66,14282.98,0.536,0.2739,0.5279,7.0,152,4,1,female,tier_2_urban,gig_delivery
APP_12685,24744.59,7548.37,0.6949,0.3234,0.2487,5.0,75,6,1,male,tier_1_metro,artisan_freelance
APP_12686,54691.22,41947.25,0.233,0.1773,0.6686,10.2,233,6,0,male,tier_2_urban,grocery_kirana
APP_12687,22030.09,10538.36,0.5216,0.2558,0.5791,1.0,150,4,0,female,tier_3_rural,gig_delivery
APP_12688,34700.54,16320.87,0.5297,0.2893,0.2615,6.6,88,4,0,female,tier_3_rural,gig_delivery
APP_12689,45747.99,20680.16,0.548,0.1683,0.7402,34.5,289,6,1,female,tier_1_metro,street_food
APP_12690,45767.09,29661.88,0.3519,0.1206,0.0,59.6,313,4,1,male,tier_2_urban,street_food
APP_12691,24279.7,10449.27,0.5696,0.2516,0.5119,1.8,146,6,1,male,tier_1_metro,gig_delivery
APP_12692,40358.65,24802.52,0.3854,0.2292,0.3259,14.8,255,4,0,female,tier_1_metro,street_food
APP_12693,36434.2,21561.94,0.4082,0.2139,0.0,1.8,203,12,1,female,tier_1_metro,street_food
APP_12694,51688.6,38757.69,0.2502,0.1777,0.4102,7.4,269,3,0,male,tier_1_metro,grocery_kirana
APP_12695,55329.97,45149.66,0.184,0.1095,0.649,1.6,152,4,1,male,tier_3_rural,grocery_kirana
APP_12696,43714.76,26380.04,0.3965,0.1256,0.1059,1.0,311,12,1,female,tier_1_metro,street_food
APP_12697,26686.01,9811.32,0.6323,0.1534,0.4534,2.6,113,9,1,male,tier_1_metro,gig_delivery
APP_12698,57382.09,41373.36,0.279,0.1126,0.0,1.0,276,4,1,female,tier_3_rural,grocery_kirana
APP_12699,60530.44,41820.67,0.3091,0.0871,0.3094,19.7,324,2,0,male,tier_2_urban,grocery_kirana
APP_12700,26132.9,12501.91,0.5216,0.3052,0.0,6.8,27,6,1,male,tier_3_rural,artisan_freelance
APP_12701,27484.4,11784.23,0.5712,0.252,0.0,4.2,180,4,0,male,tier_1_metro,gig_delivery
APP_12702,23125.91,10077.75,0.5642,0.2186,0.1348,10.9,153,6,1,female,tier_2_urban,gig_delivery
APP_12703,69556.18,50171.72,0.2787,0.175,0.2438,21.1,308,3,1,female,tier_2_urban,grocery_kirana
APP_12704,48526.84,39142.1,0.1934,0.0853,0.0,7.5,206,4,1,male,tier_3_rural,grocery_kirana
APP_12705,57076.81,41864.92,0.2665,0.1732,0.5893,33.6,168,2,1,female,tier_2_urban,grocery_kirana
APP_12706,41772.67,24923.22,0.4034,0.1387,0.1946,16.6,259,4,0,male,tier_2_urban,street_food
APP_12707,41626.18,20620.98,0.5046,0.5152,0.0,1.0,36,3,0,female,tier_2_urban,artisan_freelance
APP_12708,52126.54,38131.74,0.2685,0.1662,0.0,8.5,282,4,1,male,tier_3_rural,grocery_kirana
APP_12709,35814.94,22681.95,0.3667,0.2434,0.5056,17.7,276,4,1,female,tier_1_metro,street_food
APP_12710,51963.91,41867.92,0.1943,0.1126,0.2854,1.0,220,9,0,male,tier_3_rural,grocery_kirana
APP_12711,63151.63,42971.73,0.3195,0.0939,0.0,13.8,389,12,1,female,tier_1_metro,grocery_kirana
APP_12712,32547.9,16459.38,0.4943,0.172,0.0,4.1,333,6,1,female,tier_1_metro,street_food
APP_12713,49895.96,23658.85,0.5258,0.2078,0.2635,3.1,364,2,0,male,tier_1_metro,street_food
APP_12714,50062.93,39576.51,0.2095,0.1312,0.2235,16.7,372,4,1,female,tier_2_urban,grocery_kirana
APP_12715,35732.57,18815.78,0.4734,0.4447,0.5637,4.5,36,3,1,male,tier_2_urban,artisan_freelance
APP_12716,19314.87,8397.26,0.5652,0.169,0.6586,45.2,91,3,1,female,tier_2_urban,gig_delivery
APP_12717,53842.31,29488.54,0.4523,0.3434,0.0,5.9,37,2,1,female,tier_3_rural,artisan_freelance
APP_12718,63503.13,45613.14,0.2817,0.1795,0.5356,38.3,203,3,1,male,tier_2_urban,grocery_kirana
APP_12719,58498.1,47437.14,0.1891,0.1069,0.0,6.3,227,4,1,female,tier_2_urban,grocery_kirana
APP_12720,31565.3,15157.28,0.5198,0.2883,0.1979,4.9,115,3,1,male,tier_3_rural,gig_delivery
APP_12721,41032.57,22069.42,0.4621,0.1613,0.6293,18.4,407,3,1,male,tier_2_urban,street_food
APP_12722,49794.32,39941.35,0.1979,0.1924,0.0,14.0,260,4,0,male,tier_1_metro,grocery_kirana
APP_12723,13698.94,6791.88,0.5042,0.395,0.2901,31.1,66,4,1,female,tier_2_urban,artisan_freelance
APP_12724,43604.76,25525.45,0.4146,0.1785,0.0,12.5,412,6,0,female,tier_1_metro,street_food
APP_12725,38987.66,19712.75,0.4944,0.2438,0.2914,10.6,228,2,0,female,tier_1_metro,street_food
APP_12726,35512.7,20172.06,0.432,0.1604,0.0,1.7,390,4,1,male,tier_1_metro,street_food
APP_12727,61476.4,36271.78,0.41,0.2793,0.2986,38.6,262,2,1,male,tier_3_rural,street_food
APP_12728,20359.1,7347.22,0.6391,0.2781,0.6098,1.1,23,3,0,male,tier_2_urban,artisan_freelance
APP_12729,30323.86,21469.75,0.292,0.2095,0.3714,1.0,255,6,0,male,tier_1_metro,grocery_kirana
APP_12730,40170.66,28270.51,0.2962,0.1254,0.1539,2.6,223,9,0,male,tier_1_metro,grocery_kirana
APP_12731,53168.19,43525.96,0.1814,0.0903,0.0,30.3,370,4,1,female,tier_1_metro,grocery_kirana
APP_12732,24529.65,11205.38,0.5432,0.1985,0.2075,3.2,93,2,1,female,tier_1_metro,gig_delivery
APP_12733,69892.24,50583.48,0.2763,0.1289,0.4476,2.5,387,3,0,female,tier_1_metro,grocery_kirana
APP_12734,39657.06,16743.24,0.5778,0.3959,0.2176,4.5,24,9,1,male,tier_2_urban,artisan_freelance
APP_12735,22497.35,12833.92,0.4295,0.2288,0.0,1.0,367,6,1,male,tier_2_urban,street_food
APP_12736,29897.88,15850.84,0.4698,0.3295,0.4194,9.4,37,4,1,male,tier_2_urban,artisan_freelance
APP_12737,33881.41,21055.07,0.3786,0.1289,0.0,2.2,355,2,1,female,tier_1_metro,street_food
APP_12738,25492.06,8159.9,0.6799,0.4767,0.265,1.5,55,4,0,male,tier_3_rural,artisan_freelance
APP_12739,23209.18,8693.08,0.6254,0.2194,0.3435,8.2,124,6,0,female,tier_1_metro,gig_delivery
APP_12740,40041.11,21064.93,0.4739,0.126,0.2532,3.8,358,4,1,male,tier_2_urban,street_food
APP_12741,44874.28,34134.07,0.2393,0.082,0.2098,4.8,250,3,1,female,tier_2_urban,grocery_kirana
APP_12742,37558.12,23336.37,0.3787,0.1416,0.0,50.8,244,3,1,male,tier_1_metro,street_food
APP_12743,13469.73,6545.82,0.514,0.4198,0.4056,8.0,47,3,0,male,tier_2_urban,artisan_freelance
APP_12744,38236.97,21312.06,0.4426,0.3278,0.1053,2.1,57,4,1,male,tier_3_rural,artisan_freelance
APP_12745,25366.55,16363.98,0.3549,0.2697,0.6027,20.7,384,9,1,male,tier_1_metro,street_food
APP_12746,40043.28,31987.95,0.2012,0.1934,0.0,3.3,203,12,0,male,tier_1_metro,grocery_kirana
APP_12747,28864.11,18295.67,0.3661,0.2769,0.0,17.7,397,3,1,male,tier_1_metro,street_food
APP_12748,39326.29,31028.1,0.211,0.142,0.6393,11.0,321,4,1,male,tier_1_metro,grocery_kirana
APP_12749,25439.59,10859.28,0.5731,0.2148,0.2941,3.8,138,3,0,male,tier_1_metro,gig_delivery
APP_12750,13956.49,8230.0,0.4103,0.3708,0.2752,27.1,61,3,1,male,tier_1_metro,artisan_freelance
APP_12751,45463.38,20907.19,0.5401,0.5005,0.0,13.4,25,3,1,male,tier_2_urban,artisan_freelance
APP_12752,50095.68,39393.52,0.2136,0.2139,0.5566,10.4,210,12,1,female,tier_1_metro,grocery_kirana
APP_12753,66645.58,51557.35,0.2264,0.2172,0.7341,17.6,299,6,1,female,tier_2_urban,grocery_kirana
APP_12754,56438.82,35853.21,0.3647,0.202,0.0,11.9,273,4,1,female,tier_2_urban,street_food
APP_12755,39189.43,14082.01,0.6407,0.1513,0.5725,11.8,82,6,1,male,tier_1_metro,gig_delivery
APP_12756,40360.99,18442.86,0.5431,0.2736,0.2598,18.1,210,3,1,female,tier_2_urban,street_food
APP_12757,41667.84,22662.95,0.4561,0.1543,0.7426,9.0,370,4,1,male,tier_2_urban,street_food
APP_12758,32360.66,15727.71,0.514,0.2634,0.6115,15.7,65,6,0,male,tier_1_metro,artisan_freelance
APP_12759,24821.24,12720.83,0.4875,0.3872,0.4998,11.0,20,4,0,male,tier_3_rural,artisan_freelance
APP_12760,78151.24,62875.64,0.1955,0.1418,0.6546,14.8,366,6,0,female,tier_1_metro,grocery_kirana
APP_12761,26486.16,10622.13,0.599,0.2609,0.5291,4.1,186,12,0,female,tier_2_urban,gig_delivery
APP_12762,37099.52,22555.13,0.392,0.2585,0.5461,28.7,267,12,0,male,tier_1_metro,street_food
APP_12763,42525.5,15698.72,0.6308,0.4967,0.6314,6.9,26,3,0,female,tier_3_rural,artisan_freelance
APP_12764,28019.27,13347.0,0.5236,0.2752,0.6637,14.3,182,4,1,male,tier_3_rural,gig_delivery
APP_12765,21247.75,7684.68,0.6383,0.1758,0.0,18.3,99,4,1,female,tier_2_urban,gig_delivery
APP_12766,63623.46,51715.37,0.1872,0.1815,0.4884,6.1,362,4,0,male,tier_2_urban,grocery_kirana
APP_12767,51595.22,35108.4,0.3195,0.1408,0.6336,24.0,289,4,1,female,tier_2_urban,grocery_kirana
APP_12768,42683.41,13247.57,0.6896,0.3807,0.0,16.3,60,3,1,male,tier_1_metro,artisan_freelance
APP_12769,50328.1,40747.72,0.1904,0.1085,0.0,13.2,300,2,1,female,tier_1_metro,grocery_kirana
APP_12770,21578.4,10514.33,0.5127,0.2555,0.0,29.2,90,4,1,female,tier_1_metro,gig_delivery
APP_12771,32628.56,20059.6,0.3852,0.1624,0.5922,1.0,200,4,0,male,tier_1_metro,street_food
APP_12772,35977.05,28275.0,0.2141,0.2187,0.0,4.8,229,9,0,male,tier_1_metro,grocery_kirana
APP_12773,40851.82,25380.39,0.3787,0.1972,0.0,13.3,232,3,1,male,tier_1_metro,street_food
APP_12774,56469.06,43717.3,0.2258,0.1782,0.0,9.5,334,3,0,male,tier_3_rural,grocery_kirana
APP_12775,46672.59,26690.74,0.4281,0.1955,0.4514,12.6,323,9,1,male,tier_3_rural,street_food
APP_12776,22082.9,9153.41,0.5855,0.1786,0.0,5.6,196,12,1,male,tier_3_rural,gig_delivery
APP_12777,57116.93,43061.54,0.2461,0.1918,0.5546,18.0,368,4,0,male,tier_2_urban,grocery_kirana
APP_12778,29689.79,14572.73,0.5092,0.2614,0.602,24.4,115,3,1,female,tier_1_metro,gig_delivery
APP_12779,35926.4,13199.89,0.6326,0.3093,0.0719,4.0,196,6,1,male,tier_1_metro,gig_delivery
APP_12780,33165.19,11838.44,0.643,0.2542,0.0,9.9,71,6,1,male,tier_2_urban,artisan_freelance
APP_12781,31538.48,13926.07,0.5584,0.5166,0.0,17.7,73,4,1,female,tier_2_urban,artisan_freelance
APP_12782,24523.27,9863.58,0.5978,0.1994,0.0,1.0,92,6,0,female,tier_3_rural,gig_delivery
APP_12783,34596.9,21064.64,0.3911,0.1963,0.0,14.3,338,4,0,male,tier_2_urban,street_food
APP_12784,27119.81,12778.27,0.5288,0.2743,0.2377,21.5,333,12,1,male,tier_1_metro,street_food
APP_12785,29871.4,11675.46,0.6091,0.3564,0.4021,52.1,53,3,1,male,tier_2_urban,artisan_freelance
APP_12786,53852.81,31799.94,0.4095,0.2135,0.1851,7.0,222,3,0,female,tier_2_urban,street_food
APP_12787,35721.05,17559.02,0.5084,0.2236,0.0,3.1,185,9,1,male,tier_1_metro,gig_delivery
APP_12788,56192.75,29685.82,0.4717,0.1821,0.2193,24.1,221,4,0,male,tier_1_metro,street_food
APP_12789,45522.96,23793.44,0.4773,0.1567,0.0,8.1,425,3,1,female,tier_3_rural,street_food
APP_12790,24801.44,9970.16,0.598,0.2947,0.5509,24.3,137,3,0,male,tier_1_metro,gig_delivery
APP_12791,27731.4,11445.33,0.5873,0.2706,0.323,8.4,191,9,1,male,tier_1_metro,gig_delivery
APP_12792,20184.33,6926.36,0.6568,0.5229,0.2876,30.1,89,6,1,male,tier_2_urban,artisan_freelance
APP_12793,39761.03,20389.14,0.4872,0.1629,0.4945,6.7,443,2,1,female,tier_1_metro,street_food
APP_12794,34295.64,22057.21,0.3569,0.1639,0.6488,15.8,412,12,0,male,tier_1_metro,street_food
APP_12795,46114.46,21665.91,0.5302,0.244,0.1138,1.0,180,12,0,male,tier_2_urban,street_food
APP_12796,48383.52,23915.84,0.5057,0.2432,0.2453,1.8,322,6,1,female,tier_2_urban,street_food
APP_12797,62753.0,46547.88,0.2582,0.1047,0.3439,38.6,189,4,1,male,tier_1_metro,grocery_kirana
APP_12798,42083.54,20981.46,0.5014,0.5403,0.2298,3.9,76,4,1,male,tier_2_urban,artisan_freelance
APP_12799,21391.77,7836.5,0.6337,0.1687,0.0,14.5,153,6,1,female,tier_1_metro,gig_delivery
APP_12800,41198.24,18699.12,0.5461,0.2487,0.0,13.5,392,4,1,male,tier_3_rural,street_food
APP_12801,46830.8,34632.66,0.2605,0.1051,0.0,1.0,173,4,1,female,tier_1_metro,grocery_kirana
APP_12802,28648.92,16861.63,0.4114,0.4658,0.0,4.8,89,4,1,male,tier_1_metro,artisan_freelance
APP_12803,58727.67,46801.95,0.2031,0.1789,0.7232,8.4,185,4,0,male,tier_1_metro,grocery_kirana
APP_12804,27037.88,11067.84,0.5907,0.2015,0.0,21.5,84,4,1,male,tier_2_urban,gig_delivery
APP_12805,35702.61,12592.69,0.6473,0.2137,0.4898,15.6,94,3,1,male,tier_1_metro,gig_delivery
APP_12806,36176.93,21064.05,0.4177,0.1859,0.0,18.5,349,2,0,female,tier_1_metro,street_food
APP_12807,56147.29,43199.36,0.2306,0.177,0.7094,18.7,284,9,0,male,tier_3_rural,grocery_kirana
APP_12808,24629.19,9407.87,0.618,0.307,0.0,12.9,96,9,1,male,tier_3_rural,gig_delivery
APP_12809,49099.42,23367.15,0.5241,0.362,0.0,12.2,83,3,1,male,tier_3_rural,artisan_freelance
APP_12810,28973.19,16621.76,0.4263,0.2375,0.284,37.7,204,3,1,male,tier_3_rural,street_food
APP_12811,70162.47,54865.0,0.218,0.1839,0.0,3.3,271,4,1,male,tier_1_metro,grocery_kirana
APP_12812,18938.42,7755.31,0.5905,0.3375,0.5835,17.6,63,6,0,female,tier_1_metro,artisan_freelance
APP_12813,33293.64,13025.77,0.6088,0.4259,0.2486,14.6,59,2,0,male,tier_1_metro,artisan_freelance
APP_12814,21850.83,7780.75,0.6439,0.5034,0.662,5.5,51,9,0,male,tier_2_urban,artisan_freelance
APP_12815,33205.58,20014.68,0.3972,0.2653,0.0,15.7,286,2,0,male,tier_3_rural,street_food
APP_12816,68626.02,52546.24,0.2343,0.08,0.0,14.1,190,6,0,female,tier_2_urban,grocery_kirana
APP_12817,29585.13,15733.01,0.4682,0.167,0.3856,6.4,410,4,0,male,tier_1_metro,street_food
APP_12818,52493.61,24519.46,0.5329,0.1258,0.0,14.7,241,6,1,male,tier_2_urban,street_food
APP_12819,21030.49,9499.52,0.5483,0.157,0.0,1.0,129,3,0,male,tier_1_metro,gig_delivery
APP_12820,23942.63,8441.55,0.6474,0.2135,0.4346,3.1,149,2,0,male,tier_2_urban,gig_delivery
APP_12821,22567.26,11261.67,0.501,0.2702,0.6151,1.0,101,4,0,male,tier_1_metro,gig_delivery
APP_12822,61007.79,42115.85,0.3097,0.0943,0.5568,49.2,340,12,0,female,tier_2_urban,grocery_kirana
APP_12823,14249.61,7076.33,0.5034,0.355,0.2999,6.5,72,4,1,male,tier_1_metro,artisan_freelance
APP_12824,20338.79,9209.13,0.5472,0.3175,0.7379,6.2,150,6,1,male,tier_3_rural,gig_delivery
APP_12825,35595.38,17712.07,0.5024,0.2456,0.1987,1.2,144,4,0,male,tier_3_rural,gig_delivery
APP_12826,38154.94,17299.32,0.5466,0.1293,0.5105,6.0,285,4,0,male,tier_2_urban,street_food
APP_12827,37827.31,13124.38,0.653,0.3584,0.0,27.3,49,3,1,male,tier_3_rural,artisan_freelance
APP_12828,54048.09,41366.22,0.2346,0.1716,0.1685,7.0,375,6,1,male,tier_1_metro,grocery_kirana
APP_12829,31794.21,17364.46,0.4538,0.251,0.0,7.5,70,6,1,female,tier_2_urban,artisan_freelance
APP_12830,22883.15,10748.42,0.5303,0.1763,0.6915,34.5,132,12,1,male,tier_2_urban,gig_delivery
APP_12831,26202.39,12166.47,0.5357,0.2229,0.2459,12.8,169,4,1,male,tier_2_urban,gig_delivery
APP_12832,75896.6,52957.44,0.3022,0.1088,0.2579,3.9,161,6,1,female,tier_2_urban,grocery_kirana
APP_12833,60425.94,29842.03,0.5061,0.4416,0.4256,4.1,25,6,1,male,tier_2_urban,artisan_freelance
APP_12834,66248.15,52722.8,0.2042,0.1378,0.5673,47.2,331,6,1,male,tier_1_metro,grocery_kirana
APP_12835,36643.69,28603.52,0.2194,0.2072,0.6747,42.2,204,4,0,male,tier_3_rural,grocery_kirana
APP_12836,71160.08,54063.51,0.2403,0.1435,0.7124,28.4,288,4,1,male,tier_2_urban,grocery_kirana
APP_12837,40984.98,22303.01,0.4558,0.1783,0.674,9.6,201,4,0,male,tier_2_urban,street_food
APP_12838,29046.18,11746.15,0.5956,0.4624,0.5405,6.5,30,6,0,male,tier_3_rural,artisan_freelance
APP_12839,30327.84,12863.02,0.5759,0.2606,0.5839,13.2,118,6,0,female,tier_1_metro,gig_delivery
APP_12840,31080.83,16038.02,0.484,0.1612,0.4026,1.1,389,4,1,male,tier_3_rural,street_food
APP_12841,33376.24,12220.52,0.6339,0.1919,0.0,12.8,176,4,1,female,tier_3_rural,gig_delivery
APP_12842,37588.65,17154.26,0.5436,0.2716,0.1248,8.5,88,6,0,female,tier_2_urban,gig_delivery
APP_12843,40305.32,29715.75,0.2627,0.1547,0.0,16.7,351,6,1,male,tier_1_metro,grocery_kirana
APP_12844,32173.8,14191.18,0.5589,0.2171,0.3214,9.7,163,4,1,male,tier_2_urban,gig_delivery
APP_12845,32779.86,12092.87,0.6311,0.2056,0.7219,38.9,107,4,1,female,tier_2_urban,gig_delivery
APP_12846,28319.1,10308.14,0.636,0.2195,0.0,6.8,181,9,1,male,tier_1_metro,gig_delivery
APP_12847,34410.76,14350.62,0.583,0.4006,0.0,1.1,88,12,0,female,tier_1_metro,artisan_freelance
APP_12848,31477.46,16218.04,0.4848,0.1269,0.0,12.4,438,6,1,female,tier_1_metro,street_food
APP_12849,64755.08,49647.32,0.2333,0.1266,0.0,1.0,380,4,1,male,tier_3_rural,grocery_kirana
APP_12850,27748.68,13988.42,0.4959,0.158,0.4882,7.2,207,4,1,male,tier_2_urban,street_food
APP_12851,37426.35,23707.81,0.3665,0.243,0.0,1.0,365,4,0,female,tier_1_metro,street_food
APP_12852,34632.13,11515.19,0.6675,0.3954,0.2786,6.5,25,4,1,female,tier_2_urban,artisan_freelance
APP_12853,47237.81,23241.84,0.508,0.1263,0.3972,6.7,189,2,0,male,tier_2_urban,street_food
APP_12854,25239.58,11321.45,0.5514,0.3137,0.0,1.0,42,4,0,male,tier_1_metro,artisan_freelance
APP_12855,41674.3,25707.51,0.3831,0.1832,0.319,12.2,274,6,1,male,tier_2_urban,street_food
APP_12856,39070.84,20136.23,0.4846,0.1486,0.2345,30.5,429,6,1,female,tier_1_metro,street_food
APP_12857,59841.77,46539.73,0.2223,0.18,0.0,8.6,169,4,0,male,tier_2_urban,grocery_kirana
APP_12858,64492.1,47715.8,0.2601,0.0897,0.0,29.7,193,2,1,male,tier_2_urban,grocery_kirana
APP_12859,38668.08,21729.04,0.4381,0.22,0.1099,8.6,338,4,1,female,tier_1_metro,street_food
APP_12860,38223.59,28230.23,0.2614,0.1137,0.4223,1.7,342,6,1,male,tier_1_metro,grocery_kirana
APP_12861,30573.11,14471.61,0.5267,0.2838,0.0,4.5,122,2,1,male,tier_2_urban,gig_delivery
APP_12862,29385.02,12390.65,0.5783,0.244,0.0,1.6,93,9,1,female,tier_1_metro,gig_delivery
APP_12863,53846.92,36907.8,0.3146,0.185,0.3249,14.1,378,2,0,male,tier_2_urban,grocery_kirana
APP_12864,36494.7,15569.65,0.5734,0.2552,0.0,6.8,74,4,1,male,tier_1_metro,artisan_freelance
APP_12865,41301.35,21779.97,0.4727,0.2502,0.5308,8.4,432,2,1,male,tier_3_rural,street_food
APP_12866,28409.74,11428.63,0.5977,0.2378,0.0,1.0,121,6,1,male,tier_1_metro,gig_delivery
APP_12867,50638.46,27941.85,0.4482,0.1346,0.0,1.7,419,6,1,male,tier_1_metro,street_food
APP_12868,59724.66,41302.92,0.3084,0.1816,0.3112,14.3,255,6,1,male,tier_2_urban,grocery_kirana
APP_12869,23247.59,9762.52,0.5801,0.2886,0.0,3.0,101,12,0,male,tier_2_urban,gig_delivery
APP_12870,36785.92,11919.36,0.676,0.2626,0.0,5.0,33,12,1,male,tier_1_metro,artisan_freelance
APP_12871,25070.74,12600.92,0.4974,0.3048,0.2497,2.5,65,9,1,male,tier_1_metro,artisan_freelance
APP_12872,24308.29,11051.63,0.5454,0.2731,0.6809,1.0,150,6,0,male,tier_2_urban,gig_delivery
APP_12873,49785.49,37304.54,0.2507,0.1778,0.3628,1.0,212,3,0,female,tier_3_rural,grocery_kirana
APP_12874,61169.75,49330.99,0.1935,0.1453,0.0,4.4,176,9,1,female,tier_1_metro,grocery_kirana
APP_12875,38767.59,31554.17,0.1861,0.131,0.0,42.5,256,6,1,male,tier_3_rural,grocery_kirana
APP_12876,57283.07,32852.49,0.4265,0.278,0.0,1.0,301,3,0,female,tier_2_urban,street_food
APP_12877,29457.0,14530.89,0.5067,0.1848,0.3164,46.3,101,6,1,female,tier_2_urban,gig_delivery
APP_12878,40111.11,21244.73,0.4704,0.2798,0.119,10.4,381,4,1,female,tier_3_rural,street_food
APP_12879,17453.85,8659.63,0.5039,0.4078,0.1981,12.1,76,12,0,male,tier_2_urban,artisan_freelance
APP_12880,23108.27,10812.93,0.5321,0.2472,0.0,1.0,175,4,1,female,tier_2_urban,gig_delivery
APP_12881,19106.5,6016.01,0.6851,0.4243,0.6778,4.1,64,3,0,male,tier_1_metro,artisan_freelance
APP_12882,50052.02,36854.09,0.2637,0.0999,0.5043,18.5,269,12,1,female,tier_2_urban,grocery_kirana
APP_12883,43479.67,32204.01,0.2593,0.118,0.5144,3.6,206,6,1,female,tier_1_metro,grocery_kirana
APP_12884,30711.63,9639.43,0.6861,0.3748,0.0,24.6,73,12,1,male,tier_3_rural,artisan_freelance
APP_12885,37700.86,23931.74,0.3652,0.1758,0.0,14.6,270,9,1,male,tier_1_metro,street_food
APP_12886,64457.03,48403.29,0.2491,0.1498,0.0,27.6,334,3,1,female,tier_1_metro,grocery_kirana
APP_12887,27206.66,14563.52,0.4647,0.3027,0.1715,31.1,35,9,1,male,tier_3_rural,artisan_freelance
APP_12888,33049.35,14858.61,0.5504,0.4316,0.0,10.0,27,4,1,male,tier_1_metro,artisan_freelance
APP_12889,62975.75,46656.74,0.2591,0.0808,0.469,10.2,254,12,1,female,tier_1_metro,grocery_kirana
APP_12890,41127.0,20574.0,0.4997,0.2036,0.6144,13.8,213,6,0,male,tier_1_metro,street_food
APP_12891,32489.39,11854.55,0.6351,0.2721,0.3815,16.0,197,6,1,male,tier_2_urban,gig_delivery
APP_12892,49888.27,24592.76,0.507,0.202,0.6431,9.6,211,4,0,male,tier_1_metro,street_food
APP_12893,65703.02,45076.95,0.3139,0.1854,0.1554,7.0,253,6,1,female,tier_1_metro,grocery_kirana
APP_12894,27926.98,13611.8,0.5126,0.3004,0.5415,7.0,192,4,0,male,tier_1_metro,gig_delivery
APP_12895,43055.2,23531.6,0.4535,0.2542,0.4242,14.8,371,2,1,female,tier_2_urban,street_food
APP_12896,21912.48,10184.29,0.5352,0.208,0.0,15.3,170,3,1,female,tier_2_urban,gig_delivery
APP_12897,28046.37,11148.96,0.6025,0.2319,0.72,4.8,165,4,0,male,tier_3_rural,gig_delivery
APP_12898,22353.15,9582.58,0.5713,0.2374,0.1702,18.8,144,4,1,male,tier_1_metro,gig_delivery
APP_12899,23683.32,11570.77,0.5114,0.3065,0.1459,12.3,155,12,1,male,tier_1_metro,gig_delivery
APP_12900,19957.0,7793.17,0.6095,0.2862,0.4317,34.7,113,4,1,female,tier_1_metro,gig_delivery
APP_12901,32106.5,10059.08,0.6867,0.5281,0.0,3.7,87,6,0,male,tier_1_metro,artisan_freelance
APP_12902,33856.26,19879.26,0.4128,0.1799,0.5232,13.8,242,9,1,male,tier_1_metro,street_food
APP_12903,23714.07,11044.99,0.5342,0.1493,0.0,9.1,345,9,1,male,tier_3_rural,street_food
APP_12904,38211.83,21954.01,0.4255,0.2315,0.5299,4.1,351,4,0,male,tier_3_rural,street_food
APP_12905,49449.85,25829.1,0.4777,0.2575,0.5852,2.8,312,6,0,female,tier_1_metro,street_food
APP_12906,23704.04,9031.3,0.619,0.223,0.0,33.0,166,4,1,male,tier_2_urban,gig_delivery
APP_12907,42895.71,21105.27,0.508,0.2655,0.0,10.4,268,12,1,male,tier_1_metro,street_food
APP_12908,26435.34,9452.34,0.6424,0.4336,0.1498,9.0,62,6,1,female,tier_1_metro,artisan_freelance
APP_12909,42137.68,21642.71,0.4864,0.2214,0.5182,50.4,280,4,1,female,tier_3_rural,street_food
APP_12910,29334.51,12563.89,0.5717,0.2773,0.5035,2.7,135,6,1,male,tier_3_rural,gig_delivery
APP_12911,23396.36,9843.98,0.5793,0.2866,0.2173,5.5,127,6,0,male,tier_1_metro,gig_delivery
APP_12912,62918.56,46504.76,0.2609,0.1316,0.0,31.5,208,6,0,female,tier_3_rural,grocery_kirana
APP_12913,46447.13,24164.27,0.4797,0.2361,0.0958,53.9,213,9,1,female,tier_2_urban,street_food
APP_12914,36733.34,17628.58,0.5201,0.3591,0.0,1.1,36,4,0,female,tier_2_urban,artisan_freelance
APP_12915,31109.0,14013.59,0.5495,0.3983,0.3023,12.9,65,4,1,male,tier_2_urban,artisan_freelance
APP_12916,27885.07,10355.62,0.6286,0.2374,0.0,1.0,179,4,1,male,tier_2_urban,gig_delivery
APP_12917,40290.54,27571.1,0.3157,0.1788,0.0,12.8,341,4,1,female,tier_1_metro,grocery_kirana
APP_12918,22105.11,10798.02,0.5115,0.2027,0.517,10.9,197,3,0,female,tier_2_urban,gig_delivery
APP_12919,21962.19,8675.2,0.605,0.2908,0.0,9.4,179,3,1,male,tier_1_metro,gig_delivery
APP_12920,70104.61,54126.95,0.2279,0.1044,0.5848,1.0,285,3,0,female,tier_1_metro,grocery_kirana
APP_12921,33395.95,13206.93,0.6045,0.456,0.3488,19.8,89,6,1,female,tier_1_metro,artisan_freelance
APP_12922,37928.49,16650.53,0.561,0.2402,0.0,10.3,123,6,1,male,tier_2_urban,gig_delivery
APP_12923,34715.3,12315.8,0.6452,0.3119,0.0,3.2,31,2,0,male,tier_1_metro,artisan_freelance
APP_12924,27152.2,13253.74,0.5119,0.2499,0.1787,20.8,159,6,0,male,tier_2_urban,gig_delivery
APP_12925,29600.4,18839.13,0.3636,0.2653,0.5298,1.0,386,3,1,female,tier_2_urban,street_food
APP_12926,69211.59,49754.53,0.2811,0.0984,0.0,1.4,204,3,0,male,tier_2_urban,grocery_kirana
APP_12927,58080.63,45981.31,0.2083,0.1234,0.5174,33.1,344,6,1,male,tier_2_urban,grocery_kirana
APP_12928,40322.2,20201.7,0.499,0.2213,0.0,2.1,195,12,1,male,tier_3_rural,street_food
APP_12929,58760.36,40905.08,0.3039,0.1542,0.6424,31.8,230,4,1,female,tier_1_metro,grocery_kirana
APP_12930,55356.87,37689.85,0.3191,0.1763,0.7412,17.3,374,4,0,male,tier_1_metro,grocery_kirana
APP_12931,27327.9,12236.62,0.5522,0.1672,0.2588,5.2,168,3,1,male,tier_1_metro,gig_delivery
APP_12932,27150.44,13205.29,0.5136,0.44,0.0,4.9,77,12,1,female,tier_2_urban,artisan_freelance
APP_12933,35364.38,27940.65,0.2099,0.1734,0.315,4.4,300,12,0,female,tier_2_urban,grocery_kirana
APP_12934,33656.91,13996.76,0.5841,0.3092,0.1795,1.3,107,4,0,female,tier_2_urban,gig_delivery
APP_12935,34896.03,16408.65,0.5298,0.3182,0.0,39.0,66,9,1,male,tier_1_metro,artisan_freelance
APP_12936,50179.57,29874.55,0.4046,0.1654,0.0,11.5,266,4,1,female,tier_1_metro,street_food
APP_12937,60252.02,47264.37,0.2156,0.1122,0.0,22.3,346,4,0,male,tier_2_urban,grocery_kirana
APP_12938,59306.2,45745.07,0.2287,0.1667,0.2767,1.0,285,12,1,female,tier_1_metro,grocery_kirana
APP_12939,42241.41,20756.72,0.5086,0.5306,0.0,2.6,47,2,0,female,tier_2_urban,artisan_freelance
APP_12940,47335.99,28086.07,0.4067,0.2765,0.603,47.5,356,4,1,male,tier_3_rural,street_food
APP_12941,23593.98,13623.16,0.4226,0.13,0.3725,24.1,200,3,1,female,tier_2_urban,street_food
APP_12942,24695.13,9002.93,0.6354,0.1567,0.2037,1.0,175,3,1,male,tier_1_metro,gig_delivery
APP_12943,27349.56,11671.93,0.5732,0.2266,0.0,20.3,182,6,1,female,tier_2_urban,gig_delivery
APP_12944,29414.73,11201.07,0.6192,0.3012,0.3724,18.2,177,4,1,male,tier_2_urban,gig_delivery
APP_12945,28280.48,15978.09,0.435,0.268,0.5068,3.8,182,6,0,female,tier_2_urban,street_food
APP_12946,24609.6,11697.93,0.5247,0.1983,0.5328,1.0,165,3,0,male,tier_1_metro,gig_delivery
APP_12947,42962.62,34226.41,0.2033,0.1435,0.0,3.0,259,3,0,male,tier_3_rural,grocery_kirana
APP_12948,54854.96,34129.06,0.3778,0.2757,0.0,6.4,193,3,1,male,tier_2_urban,street_food
APP_12949,44332.37,33378.56,0.2471,0.1061,0.1682,13.5,264,2,1,male,tier_1_metro,grocery_kirana
APP_12950,28895.17,10274.38,0.6444,0.2566,0.0,29.4,150,6,1,male,tier_2_urban,gig_delivery
APP_12951,33024.9,12972.59,0.6072,0.2391,0.0,8.9,94,3,1,female,tier_1_metro,gig_delivery
APP_12952,49842.01,34662.91,0.3045,0.2076,0.4247,16.8,179,4,1,male,tier_1_metro,grocery_kirana
APP_12953,24567.07,10131.2,0.5876,0.2263,0.3036,24.6,153,4,1,male,tier_1_metro,gig_delivery
APP_12954,28781.63,13367.82,0.5355,0.2765,0.2525,49.3,162,3,1,male,tier_2_urban,gig_delivery
APP_12955,36714.81,18022.66,0.5091,0.1684,0.0,38.8,81,6,1,female,tier_1_metro,gig_delivery
APP_12956,29271.66,13563.43,0.5366,0.3036,0.0,5.4,130,4,1,male,tier_2_urban,gig_delivery
APP_12957,21811.58,7450.35,0.6584,0.309,0.0,3.4,77,4,0,female,tier_1_metro,artisan_freelance
APP_12958,47389.97,27666.47,0.4162,0.1478,0.5759,13.5,277,6,0,male,tier_2_urban,street_food
APP_12959,29359.77,13596.35,0.5369,0.2991,0.2599,11.1,131,9,0,female,tier_1_metro,gig_delivery
APP_12960,29678.69,14984.04,0.4951,0.4108,0.0,5.7,42,4,1,female,tier_2_urban,artisan_freelance
APP_12961,45743.23,36147.45,0.2098,0.1587,0.3459,15.9,192,4,1,female,tier_3_rural,grocery_kirana
APP_12962,53474.13,37156.79,0.3051,0.2012,0.0,10.4,180,4,1,female,tier_2_urban,grocery_kirana
APP_12963,45811.98,22255.36,0.5142,0.1681,0.1171,7.8,364,4,1,male,tier_1_metro,street_food
APP_12964,56490.3,29139.99,0.4842,0.178,0.3212,17.2,183,4,1,male,tier_2_urban,street_food
APP_12965,39704.52,19979.28,0.4968,0.1657,0.7124,3.0,405,4,0,male,tier_2_urban,street_food
APP_12966,24615.22,10322.08,0.5807,0.4903,0.0,15.2,24,4,0,female,tier_3_rural,artisan_freelance
APP_12967,51207.89,39661.41,0.2255,0.1523,0.0,5.0,289,4,1,male,tier_2_urban,grocery_kirana
APP_12968,60687.06,49578.67,0.183,0.1135,0.7499,2.1,176,4,0,female,tier_1_metro,grocery_kirana
APP_12969,29769.46,10520.59,0.6466,0.2499,0.1168,10.4,148,3,1,male,tier_2_urban,gig_delivery
APP_12970,63413.57,51246.46,0.1919,0.1603,0.6252,1.3,246,9,0,female,tier_1_metro,grocery_kirana
APP_12971,30697.56,18411.78,0.4002,0.1656,0.694,1.3,443,4,0,female,tier_1_metro,street_food
APP_12972,22704.61,9753.69,0.5704,0.3086,0.5422,11.4,119,3,0,female,tier_3_rural,gig_delivery
APP_12973,32274.88,19024.15,0.4106,0.427,0.5555,31.5,81,4,1,male,tier_1_metro,artisan_freelance
APP_12974,51076.87,23415.55,0.5416,0.2396,0.0,6.1,416,3,1,male,tier_2_urban,street_food
APP_12975,53922.02,23385.49,0.5663,0.4346,0.6269,25.4,76,4,0,male,tier_3_rural,artisan_freelance
APP_12976,22728.23,8564.27,0.6232,0.2418,0.6836,34.7,116,4,1,male,tier_1_metro,gig_delivery
APP_12977,33576.42,14482.95,0.5687,0.2593,0.4187,13.5,140,6,1,male,tier_2_urban,gig_delivery
APP_12978,45145.59,23315.44,0.4835,0.1228,0.2023,24.1,207,9,1,female,tier_1_metro,street_food
APP_12979,69035.62,56178.93,0.1862,0.2139,0.7014,45.9,296,4,0,female,tier_1_metro,grocery_kirana
APP_12980,64198.54,44251.28,0.3107,0.1846,0.0,9.7,178,4,0,male,tier_3_rural,grocery_kirana
APP_12981,24885.36,10086.26,0.5947,0.1735,0.3462,2.1,199,4,1,female,tier_2_urban,gig_delivery
APP_12982,22073.29,8999.8,0.5923,0.2275,0.1633,34.1,191,4,1,female,tier_2_urban,gig_delivery
APP_12983,22722.12,8871.18,0.6096,0.2909,0.4363,1.0,163,2,1,male,tier_1_metro,gig_delivery
APP_12984,19937.31,10744.45,0.4611,0.2353,0.222,2.4,285,4,1,male,tier_1_metro,street_food
APP_12985,31025.64,16027.35,0.4834,0.2505,0.6836,3.5,86,9,0,male,tier_2_urban,artisan_freelance
APP_12986,20606.82,7829.32,0.6201,0.2323,0.1645,17.1,113,6,1,female,tier_1_metro,gig_delivery
APP_12987,56272.99,43606.03,0.2251,0.1263,0.0,23.1,297,3,1,male,tier_1_metro,grocery_kirana
APP_12988,46301.03,33972.68,0.2663,0.1141,0.4243,39.2,388,6,0,female,tier_3_rural,grocery_kirana
APP_12989,39069.55,15269.07,0.6092,0.2652,0.7441,1.0,80,6,0,female,tier_3_rural,artisan_freelance
APP_12990,36800.48,17061.56,0.5364,0.1432,0.1733,5.1,424,6,1,female,tier_3_rural,street_food
APP_12991,22263.82,13157.53,0.409,0.2609,0.4082,9.9,49,12,1,male,tier_2_urban,artisan_freelance
APP_12992,38665.01,20405.78,0.4722,0.2458,0.4568,3.6,251,6,1,male,tier_1_metro,street_food
APP_12993,31925.98,18180.21,0.4306,0.4687,0.6392,11.1,36,3,0,female,tier_3_rural,artisan_freelance
APP_12994,32893.7,11931.23,0.6373,0.3027,0.2741,2.7,153,4,1,female,tier_2_urban,gig_delivery
APP_12995,52186.68,27973.85,0.464,0.1771,0.0,4.4,280,6,1,male,tier_1_metro,street_food
APP_12996,19469.59,9722.54,0.5006,0.182,0.0,15.3,156,6,1,male,tier_2_urban,gig_delivery
APP_12997,34657.96,16916.7,0.5119,0.2202,0.0,20.1,326,12,1,female,tier_1_metro,street_food
APP_12998,26216.13,13328.82,0.4916,0.3167,0.6634,5.1,54,4,1,female,tier_2_urban,artisan_freelance
APP_12999,53350.82,28863.35,0.459,0.3304,0.7187,1.0,40,4,1,female,tier_3_rural,artisan_freelance
APP_13000,21831.55,10530.52,0.5176,0.2188,0.6891,10.7,157,6,0,female,tier_3_rural,gig_delivery
APP_13001,21759.29,10559.99,0.5147,0.2844,0.2413,3.3,193,4,0,male,tier_3_rural,gig_delivery
APP_13002,39378.1,20628.19,0.4762,0.2732,0.2652,10.1,308,2,0,male,tier_2_urban,street_food
APP_13003,40264.24,30377.99,0.2455,0.1837,0.604,1.8,207,9,1,male,tier_1_metro,grocery_kirana
APP_13004,30192.86,19524.88,0.3533,0.2402,0.6302,1.0,438,9,0,female,tier_1_metro,street_food
APP_13005,25354.6,9359.28,0.6309,0.2254,0.5467,6.1,146,4,1,female,tier_3_rural,gig_delivery
APP_13006,55466.99,38313.73,0.3093,0.1635,0.0,11.6,163,6,1,female,tier_2_urban,grocery_kirana
APP_13007,49126.4,39751.86,0.1908,0.2129,0.7214,10.4,340,4,0,male,tier_1_metro,grocery_kirana
APP_13008,39351.93,20764.14,0.4723,0.2366,0.0,1.4,194,6,1,female,tier_3_rural,street_food
APP_13009,23662.49,14083.35,0.4048,0.3006,0.176,18.1,42,4,1,male,tier_1_metro,artisan_freelance
APP_13010,47554.26,28505.29,0.4006,0.1447,0.6896,7.2,209,6,1,female,tier_3_rural,street_food
APP_13011,58988.05,29610.31,0.498,0.1607,0.0,9.5,216,6,1,female,tier_3_rural,street_food
APP_13012,25557.48,11050.33,0.5676,0.1664,0.178,5.7,143,4,0,male,tier_1_metro,gig_delivery
APP_13013,36163.51,15561.52,0.5697,0.4847,0.1139,3.4,22,4,1,male,tier_2_urban,artisan_freelance
APP_13014,20200.52,8639.48,0.5723,0.2921,0.0,19.5,147,4,1,male,tier_3_rural,gig_delivery
APP_13015,73267.35,56111.96,0.2341,0.2058,0.244,14.2,196,3,1,male,tier_3_rural,grocery_kirana
APP_13016,30107.37,9128.71,0.6968,0.309,0.6906,25.9,22,12,0,male,tier_2_urban,artisan_freelance
APP_13017,24390.65,10049.34,0.588,0.2133,0.0,6.3,125,4,1,female,tier_3_rural,gig_delivery
APP_13018,45831.24,25794.1,0.4372,0.1376,0.0,22.1,209,6,1,male,tier_2_urban,street_food
APP_13019,44752.52,26187.79,0.4148,0.2003,0.6539,17.8,442,9,1,male,tier_2_urban,street_food
APP_13020,21266.78,10379.11,0.512,0.159,0.7128,3.1,195,9,0,male,tier_2_urban,street_food
APP_13021,36258.05,15093.18,0.5837,0.1951,0.1439,23.8,102,4,0,male,tier_3_rural,gig_delivery
APP_13022,46448.5,21830.99,0.53,0.4142,0.5251,18.1,34,4,1,male,tier_1_metro,artisan_freelance
APP_13023,61954.93,45626.79,0.2635,0.1214,0.3468,2.6,256,4,1,male,tier_2_urban,grocery_kirana
APP_13024,30145.9,12380.39,0.5893,0.2821,0.2197,7.5,86,2,1,male,tier_1_metro,gig_delivery
APP_13025,15709.07,6751.45,0.5702,0.413,0.6585,13.1,37,4,0,female,tier_2_urban,artisan_freelance
APP_13026,52425.75,40162.45,0.2339,0.0805,0.0,1.7,384,4,1,male,tier_3_rural,grocery_kirana
APP_13027,65390.47,46567.33,0.2879,0.2012,0.4985,11.2,204,9,0,male,tier_3_rural,grocery_kirana
APP_13028,40649.58,21100.58,0.4809,0.4699,0.5172,2.6,42,4,0,female,tier_1_metro,artisan_freelance
APP_13029,25037.14,8223.69,0.6715,0.3102,0.2106,19.4,25,6,1,female,tier_1_metro,artisan_freelance
APP_13030,26493.15,15756.42,0.4053,0.466,0.4069,16.6,40,3,1,male,tier_1_metro,artisan_freelance
APP_13031,46622.09,33058.37,0.2909,0.1159,0.6176,12.7,161,4,0,male,tier_2_urban,grocery_kirana
APP_13032,43834.14,32458.8,0.2595,0.1491,0.7139,21.3,159,3,0,female,tier_1_metro,grocery_kirana
APP_13033,30957.04,22261.37,0.2809,0.1718,0.3914,8.7,389,6,0,male,tier_2_urban,grocery_kirana
APP_13034,46246.58,22488.53,0.5137,0.2207,0.7396,14.2,190,3,1,male,tier_3_rural,street_food
APP_13035,37338.11,20047.04,0.4631,0.1562,0.3129,5.4,401,4,1,female,tier_1_metro,street_food
APP_13036,46634.93,32869.22,0.2952,0.0961,0.2644,4.4,291,6,1,female,tier_2_urban,grocery_kirana
APP_13037,18649.48,6628.86,0.6446,0.3578,0.6425,47.2,80,4,1,female,tier_3_rural,artisan_freelance
APP_13038,31048.14,12007.32,0.6133,0.1876,0.5845,2.2,121,6,0,female,tier_1_metro,gig_delivery
APP_13039,22282.69,8612.04,0.6135,0.1871,0.2014,9.0,187,9,1,female,tier_1_metro,gig_delivery
APP_13040,24963.64,9334.24,0.6261,0.5096,0.0,21.4,87,4,0,male,tier_1_metro,artisan_freelance
APP_13041,39422.1,18827.83,0.5224,0.5445,0.4318,8.0,21,12,0,male,tier_2_urban,artisan_freelance
APP_13042,36094.64,19165.68,0.469,0.2763,0.0,20.9,230,12,1,female,tier_2_urban,street_food
APP_13043,51026.18,37042.55,0.274,0.1209,0.6853,30.0,280,6,0,male,tier_3_rural,grocery_kirana
APP_13044,35738.61,15037.56,0.5792,0.2144,0.0,3.7,178,12,1,male,tier_2_urban,gig_delivery
APP_13045,38520.93,31174.23,0.1907,0.2088,0.4684,8.3,325,12,0,male,tier_2_urban,grocery_kirana
APP_13046,43907.71,35601.8,0.1892,0.202,0.2703,6.5,221,4,1,male,tier_3_rural,grocery_kirana
APP_13047,35685.83,21169.96,0.4068,0.2943,0.5344,17.2,28,4,1,male,tier_1_metro,artisan_freelance
APP_13048,14567.23,4970.74,0.6588,0.5458,0.4868,23.0,39,2,1,female,tier_1_metro,artisan_freelance
APP_13049,28846.01,11177.11,0.6125,0.277,0.2926,38.1,98,6,1,female,tier_1_metro,gig_delivery
APP_13050,53206.65,25044.53,0.5293,0.1435,0.0,21.3,261,6,1,female,tier_1_metro,street_food
APP_13051,35408.65,13956.01,0.6059,0.3853,0.3408,7.7,58,4,0,female,tier_1_metro,artisan_freelance
APP_13052,30616.18,17950.29,0.4137,0.2044,0.2015,6.9,332,4,0,male,tier_1_metro,street_food
APP_13053,38751.25,24685.27,0.363,0.1821,0.5445,3.7,230,4,1,female,tier_2_urban,street_food
APP_13054,32906.16,18330.55,0.4429,0.2175,0.4488,5.5,409,6,1,male,tier_1_metro,street_food
APP_13055,57085.88,38950.08,0.3177,0.1088,0.7182,5.5,205,3,1,male,tier_1_metro,grocery_kirana
APP_13056,26549.38,20497.3,0.228,0.0831,0.2724,5.2,152,2,1,male,tier_1_metro,grocery_kirana
APP_13057,26689.41,11288.28,0.5771,0.3497,0.4142,12.5,73,3,0,female,tier_3_rural,artisan_freelance
APP_13058,28620.12,13671.75,0.5223,0.2975,0.1049,6.2,82,4,0,female,tier_2_urban,gig_delivery
APP_13059,38353.52,18080.59,0.5286,0.4927,0.0,37.6,76,6,1,male,tier_2_urban,artisan_freelance
APP_13060,56332.81,42407.93,0.2472,0.1647,0.6526,10.3,384,3,0,male,tier_1_metro,grocery_kirana
APP_13061,18321.33,6907.71,0.623,0.2997,0.481,35.5,137,9,0,female,tier_1_metro,gig_delivery
APP_13062,57203.14,41446.93,0.2754,0.1508,0.4838,9.2,193,3,0,male,tier_2_urban,grocery_kirana
APP_13063,23453.64,11413.11,0.5134,0.1674,0.6514,7.2,167,9,0,male,tier_3_rural,gig_delivery
APP_13064,38672.08,19956.76,0.4839,0.2706,0.6077,8.2,440,4,0,female,tier_1_metro,street_food
APP_13065,23053.77,11317.15,0.5091,0.1736,0.0,11.5,93,4,1,female,tier_2_urban,gig_delivery
APP_13066,16206.28,5647.16,0.6515,0.3056,0.2213,32.8,30,6,1,male,tier_3_rural,artisan_freelance
APP_13067,75232.15,52380.49,0.3037,0.1512,0.0,17.4,281,12,0,female,tier_2_urban,grocery_kirana
APP_13068,38516.97,15677.09,0.593,0.372,0.0,42.5,52,4,1,female,tier_2_urban,artisan_freelance
APP_13069,19109.38,9772.69,0.4886,0.3239,0.5351,21.1,79,3,0,male,tier_1_metro,artisan_freelance
APP_13070,27720.15,11965.21,0.5684,0.2714,0.4904,1.0,160,9,1,male,tier_2_urban,gig_delivery
APP_13071,38144.95,23215.37,0.3914,0.1737,0.0,15.8,250,4,0,male,tier_1_metro,street_food
APP_13072,19516.35,10926.51,0.4401,0.1221,0.6136,6.1,446,3,0,male,tier_3_rural,street_food
APP_13073,42550.12,26347.37,0.3808,0.2305,0.6607,10.5,358,12,0,female,tier_2_urban,street_food
APP_13074,44053.81,20329.54,0.5385,0.2069,0.5433,15.2,395,4,1,female,tier_2_urban,street_food
APP_13075,60166.65,41765.67,0.3058,0.1898,0.6024,32.9,359,6,1,female,tier_1_metro,grocery_kirana
APP_13076,22238.45,10857.47,0.5118,0.2262,0.3869,1.0,89,4,1,female,tier_1_metro,gig_delivery
APP_13077,40221.56,25603.78,0.3634,0.237,0.0,3.8,379,12,0,female,tier_2_urban,street_food
APP_13078,27886.58,10878.06,0.6099,0.2546,0.0,14.8,197,3,1,female,tier_1_metro,gig_delivery
APP_13079,57068.15,42329.65,0.2583,0.1307,0.7241,28.8,363,4,0,male,tier_1_metro,grocery_kirana
APP_13080,42842.79,23583.77,0.4495,0.2152,0.1625,17.2,212,6,1,male,tier_3_rural,street_food
APP_13081,24893.0,11764.53,0.5274,0.1698,0.6236,23.5,101,3,1,male,tier_2_urban,gig_delivery
APP_13082,51716.41,37296.63,0.2788,0.1005,0.3127,1.0,391,4,1,male,tier_3_rural,grocery_kirana
APP_13083,34884.43,16832.42,0.5175,0.2725,0.3185,7.7,82,9,1,male,tier_2_urban,artisan_freelance
APP_13084,47948.66,36890.44,0.2306,0.1859,0.3207,1.0,194,6,1,male,tier_1_metro,grocery_kirana
APP_13085,26640.62,10888.36,0.5913,0.2912,0.4637,11.6,181,4,0,male,tier_1_metro,gig_delivery
APP_13086,38739.05,17826.96,0.5398,0.2784,0.6582,4.3,218,6,1,male,tier_1_metro,street_food
APP_13087,28003.04,10916.15,0.6102,0.5355,0.0,14.1,74,4,1,female,tier_2_urban,artisan_freelance
APP_13088,40921.58,22532.43,0.4494,0.1939,0.1651,10.0,344,6,1,female,tier_2_urban,street_food
APP_13089,42436.23,26478.39,0.376,0.1924,0.6602,9.4,317,12,1,male,tier_2_urban,street_food
APP_13090,48277.34,36054.96,0.2532,0.1283,0.4912,6.3,194,3,0,female,tier_1_metro,grocery_kirana
APP_13091,64802.77,51834.79,0.2001,0.0864,0.413,17.8,273,6,1,male,tier_2_urban,grocery_kirana
APP_13092,42552.09,31509.62,0.2595,0.1969,0.6836,11.9,310,3,0,male,tier_1_metro,grocery_kirana
APP_13093,45585.2,31070.46,0.3184,0.0903,0.0,1.2,153,6,1,female,tier_1_metro,grocery_kirana
APP_13094,54769.16,41474.89,0.2427,0.2163,0.2996,2.7,214,4,1,female,tier_1_metro,grocery_kirana
APP_13095,31334.11,11616.56,0.6293,0.2415,0.239,10.5,96,4,1,male,tier_1_metro,gig_delivery
APP_13096,59887.68,38702.72,0.3537,0.2338,0.0,1.7,424,4,0,female,tier_1_metro,street_food
APP_13097,37687.7,16165.31,0.5711,0.4205,0.4332,28.6,49,4,0,female,tier_2_urban,artisan_freelance
APP_13098,26626.25,9475.98,0.6441,0.2305,0.1884,17.1,124,6,1,male,tier_2_urban,gig_delivery
APP_13099,19524.56,9414.05,0.5178,0.2505,0.5056,42.0,163,3,0,male,tier_3_rural,gig_delivery
APP_13100,38740.01,23765.53,0.3865,0.1397,0.0,1.0,396,2,1,female,tier_1_metro,street_food
APP_13101,53332.39,25299.64,0.5256,0.2495,0.0,60.0,333,6,1,male,tier_2_urban,street_food
APP_13102,39076.94,21769.18,0.4429,0.1443,0.0,1.7,365,4,0,male,tier_1_metro,street_food
APP_13103,41145.61,23608.77,0.4262,0.2439,0.5453,5.9,210,9,1,male,tier_2_urban,street_food
APP_13104,34681.89,14541.79,0.5807,0.3081,0.6132,2.1,69,3,0,male,tier_3_rural,artisan_freelance
APP_13105,41438.5,29718.49,0.2828,0.2011,0.6155,8.9,307,3,0,male,tier_3_rural,grocery_kirana
APP_13106,23992.33,11881.84,0.5048,0.2609,0.0,1.4,397,9,0,male,tier_2_urban,street_food
APP_13107,48337.93,38710.53,0.1992,0.191,0.0,25.5,199,4,0,female,tier_1_metro,grocery_kirana
APP_13108,27954.62,13283.25,0.5248,0.1745,0.4665,13.3,154,4,0,female,tier_1_metro,gig_delivery
APP_13109,33071.45,15078.86,0.5441,0.4297,0.2099,19.7,86,3,0,male,tier_2_urban,artisan_freelance
APP_13110,24500.65,13430.72,0.4518,0.2334,0.0,5.7,361,4,1,male,tier_3_rural,street_food
APP_13111,29525.41,17398.7,0.4107,0.1857,0.1838,15.5,357,2,1,male,tier_3_rural,street_food
APP_13112,49990.61,40670.13,0.1864,0.2181,0.2188,18.0,305,4,1,male,tier_2_urban,grocery_kirana
APP_13113,41909.96,21749.42,0.481,0.4127,0.4277,4.9,79,4,0,male,tier_2_urban,artisan_freelance
APP_13114,17859.18,8614.11,0.5177,0.2061,0.4094,6.5,88,4,0,male,tier_1_metro,gig_delivery
APP_13115,50938.87,26722.82,0.4754,0.1218,0.0,23.5,416,6,1,male,tier_2_urban,street_food
APP_13116,68042.36,54169.2,0.2039,0.1236,0.4157,42.4,283,3,1,female,tier_1_metro,grocery_kirana
APP_13117,24268.02,14848.64,0.3881,0.2665,0.5543,1.5,392,9,0,male,tier_2_urban,street_food
APP_13118,79609.23,62705.12,0.2123,0.1578,0.397,25.1,237,3,0,female,tier_2_urban,grocery_kirana
APP_13119,29306.25,18972.09,0.3526,0.1767,0.0,10.6,192,6,0,female,tier_3_rural,street_food
APP_13120,21022.1,7375.13,0.6492,0.2458,0.0,4.7,131,6,1,female,tier_1_metro,gig_delivery
APP_13121,45341.93,25683.57,0.4336,0.4395,0.4565,3.5,39,12,1,female,tier_3_rural,artisan_freelance
APP_13122,43814.57,23691.33,0.4593,0.5413,0.5898,2.7,73,9,1,female,tier_1_metro,artisan_freelance
APP_13123,26788.93,12722.46,0.5251,0.2496,0.0,4.1,177,6,0,female,tier_1_metro,gig_delivery
APP_13124,39650.97,29010.27,0.2684,0.0973,0.0,44.2,343,4,0,female,tier_3_rural,grocery_kirana
APP_13125,34092.32,15764.68,0.5376,0.3125,0.1035,15.6,52,4,0,male,tier_1_metro,artisan_freelance
APP_13126,18407.6,9125.98,0.5042,0.2265,0.615,26.4,125,6,1,male,tier_1_metro,gig_delivery
APP_13127,43793.69,34501.47,0.2122,0.1944,0.5661,15.2,162,4,0,female,tier_1_metro,grocery_kirana
APP_13128,34485.27,24433.52,0.2915,0.1043,0.4379,2.7,185,3,0,female,tier_3_rural,grocery_kirana
APP_13129,59684.58,45947.27,0.2302,0.1715,0.0,19.0,253,12,1,female,tier_1_metro,grocery_kirana
APP_13130,24672.43,8931.88,0.638,0.2232,0.4815,1.0,159,2,0,female,tier_1_metro,gig_delivery
APP_13131,37654.67,21242.84,0.4359,0.2461,0.2289,11.0,384,9,1,male,tier_2_urban,street_food
APP_13132,44877.3,13505.93,0.699,0.5077,0.3129,4.1,75,4,1,male,tier_1_metro,artisan_freelance
APP_13133,17388.97,7464.55,0.5707,0.2102,0.0,29.5,167,2,1,female,tier_1_metro,gig_delivery
APP_13134,20569.39,8839.13,0.5703,0.2875,0.7107,1.3,172,12,0,female,tier_1_metro,gig_delivery
APP_13135,30047.96,10532.29,0.6495,0.2438,0.5102,9.6,157,4,1,male,tier_1_metro,gig_delivery
APP_13136,41754.14,12547.6,0.6995,0.3048,0.0,1.0,38,4,1,male,tier_1_metro,artisan_freelance
APP_13137,35801.69,20604.25,0.4245,0.3395,0.3119,7.3,54,4,1,female,tier_1_metro,artisan_freelance
APP_13138,43330.96,32640.05,0.2467,0.0944,0.0,18.4,193,3,1,female,tier_1_metro,grocery_kirana
APP_13139,48274.43,20585.54,0.5736,0.3212,0.0,9.5,39,3,1,male,tier_2_urban,artisan_freelance
APP_13140,18639.2,7061.9,0.6211,0.2318,0.0,1.8,192,3,1,male,tier_2_urban,gig_delivery
APP_13141,47237.49,37655.86,0.2028,0.1267,0.0,10.5,309,4,1,male,tier_2_urban,grocery_kirana
APP_13142,38936.98,19224.5,0.5063,0.4583,0.1972,11.9,52,4,1,male,tier_1_metro,artisan_freelance
APP_13143,30622.14,11067.6,0.6386,0.2168,0.4697,10.2,121,4,1,male,tier_2_urban,gig_delivery
APP_13144,33391.95,19161.75,0.4262,0.2645,0.6399,1.3,254,9,0,male,tier_1_metro,street_food
APP_13145,26253.27,11800.08,0.5505,0.2176,0.6203,7.8,104,3,0,female,tier_1_metro,gig_delivery
APP_13146,21355.18,10137.51,0.5253,0.1532,0.1772,3.9,188,9,1,male,tier_2_urban,gig_delivery
APP_13147,57144.1,36736.54,0.3571,0.1641,0.0,6.5,347,9,0,female,tier_1_metro,street_food
APP_13148,33113.88,15682.37,0.5264,0.1288,0.4759,26.7,284,3,1,male,tier_2_urban,street_food
APP_13149,44537.89,22047.54,0.505,0.1622,0.0711,2.6,260,2,1,female,tier_2_urban,street_food
APP_13150,36999.36,17732.34,0.5207,0.2408,0.0,10.5,333,9,0,male,tier_3_rural,street_food
APP_13151,48519.83,39587.11,0.1841,0.0882,0.5508,15.0,325,4,0,male,tier_2_urban,grocery_kirana
APP_13152,37318.54,12549.87,0.6637,0.4433,0.0,2.8,80,3,0,male,tier_1_metro,artisan_freelance
APP_13153,54535.42,43970.7,0.1937,0.186,0.1844,5.1,296,3,0,female,tier_1_metro,grocery_kirana
APP_13154,49935.54,28182.27,0.4356,0.1622,0.1275,23.5,404,6,1,male,tier_1_metro,street_food
APP_13155,22983.69,11950.74,0.48,0.2112,0.3274,5.4,292,2,1,male,tier_1_metro,street_food
APP_13156,30966.81,19821.05,0.3599,0.1987,0.7496,22.3,183,4,1,female,tier_2_urban,street_food
APP_13157,24865.49,8635.06,0.6527,0.3704,0.2651,1.0,46,9,0,female,tier_2_urban,artisan_freelance
APP_13158,36566.04,17916.81,0.51,0.3856,0.0,2.8,28,3,1,male,tier_1_metro,artisan_freelance
APP_13159,23959.78,11222.26,0.5316,0.4899,0.287,15.0,43,3,0,male,tier_2_urban,artisan_freelance
APP_13160,31812.46,17630.7,0.4458,0.301,0.6992,26.7,51,4,1,male,tier_1_metro,artisan_freelance
APP_13161,41511.16,29921.05,0.2792,0.0846,0.5935,12.8,260,12,1,female,tier_1_metro,grocery_kirana
APP_13162,72068.93,51615.53,0.2838,0.1775,0.0763,20.0,332,4,1,male,tier_3_rural,grocery_kirana
APP_13163,22812.25,8720.95,0.6177,0.4576,0.1485,12.6,53,6,1,male,tier_2_urban,artisan_freelance
APP_13164,30152.47,13068.94,0.5666,0.5298,0.6417,4.4,52,2,0,male,tier_3_rural,artisan_freelance
APP_13165,32037.64,15934.78,0.5026,0.5292,0.0,2.8,82,3,1,female,tier_2_urban,artisan_freelance
APP_13166,42411.49,25802.76,0.3916,0.2602,0.3811,60.0,429,12,1,female,tier_1_metro,street_food
APP_13167,30629.11,13956.61,0.5443,0.3024,0.4753,9.0,104,4,1,female,tier_3_rural,gig_delivery
APP_13168,31640.81,11277.86,0.6436,0.2675,0.0,37.6,98,3,1,male,tier_2_urban,gig_delivery
APP_13169,30059.51,14518.77,0.517,0.2126,0.4027,17.4,446,6,1,male,tier_3_rural,street_food
APP_13170,83114.28,60002.61,0.2781,0.1154,0.0,1.0,209,4,0,female,tier_2_urban,grocery_kirana
APP_13171,39158.12,21671.4,0.4466,0.2576,0.0,11.3,400,2,1,female,tier_1_metro,street_food
APP_13172,37910.58,18664.76,0.5077,0.537,0.0938,34.7,81,12,1,male,tier_3_rural,artisan_freelance
APP_13173,24007.05,11697.88,0.5127,0.2066,0.6553,1.0,163,4,1,male,tier_1_metro,gig_delivery
APP_13174,60766.0,43799.0,0.2792,0.0984,0.462,1.0,381,4,0,male,tier_1_metro,grocery_kirana
APP_13175,29301.72,13730.43,0.5314,0.2447,0.1675,8.2,198,6,1,female,tier_1_metro,gig_delivery
APP_13176,73096.99,57865.48,0.2084,0.1735,0.0,20.4,240,9,1,female,tier_2_urban,grocery_kirana
APP_13177,29557.08,10440.68,0.6468,0.2687,0.3368,28.4,195,4,1,male,tier_2_urban,gig_delivery
APP_13178,35368.11,17184.19,0.5141,0.267,0.5148,4.7,69,4,1,male,tier_2_urban,artisan_freelance
APP_13179,42841.61,19294.77,0.5496,0.5304,0.3571,34.0,86,12,1,male,tier_1_metro,artisan_freelance
APP_13180,44147.12,21332.86,0.5168,0.4915,0.0,1.9,67,6,0,female,tier_2_urban,artisan_freelance
APP_13181,23581.7,10542.88,0.5529,0.243,0.5349,8.0,191,9,1,female,tier_3_rural,gig_delivery
APP_13182,12754.52,6451.16,0.4942,0.3977,0.2853,12.2,59,6,0,male,tier_2_urban,artisan_freelance
APP_13183,53327.35,42699.74,0.1993,0.0858,0.607,23.3,209,12,1,female,tier_1_metro,grocery_kirana
APP_13184,38531.93,19261.99,0.5001,0.1509,0.1459,1.0,277,9,0,female,tier_1_metro,street_food
APP_13185,12000.0,5328.59,0.556,0.3244,0.0,7.7,46,4,1,female,tier_2_urban,artisan_freelance
APP_13186,34289.4,12183.55,0.6447,0.5116,0.7053,14.3,73,4,1,male,tier_2_urban,artisan_freelance
APP_13187,29119.66,14556.09,0.5001,0.3166,0.4886,2.8,102,2,0,male,tier_1_metro,gig_delivery
APP_13188,35816.49,15248.38,0.5743,0.2234,0.0,3.8,190,4,1,female,tier_1_metro,gig_delivery
APP_13189,51912.2,39400.65,0.241,0.1008,0.4608,29.0,190,4,0,male,tier_2_urban,grocery_kirana
APP_13190,51530.51,35791.69,0.3054,0.1278,0.0,1.7,285,6,1,female,tier_1_metro,grocery_kirana
APP_13191,59878.48,42107.03,0.2968,0.1495,0.1378,6.5,322,12,0,female,tier_1_metro,grocery_kirana
APP_13192,30523.13,15996.81,0.4759,0.2256,0.1488,7.9,248,4,1,female,tier_1_metro,street_food
APP_13193,32980.75,15667.02,0.525,0.2042,0.0,1.6,199,6,1,male,tier_2_urban,gig_delivery
APP_13194,32691.55,16330.45,0.5005,0.2386,0.0,21.4,346,4,1,female,tier_3_rural,street_food
APP_13195,75528.01,54719.62,0.2755,0.1416,0.0,47.6,297,9,1,female,tier_2_urban,grocery_kirana
APP_13196,44939.01,25057.67,0.4424,0.2699,0.0,16.4,55,2,1,female,tier_2_urban,artisan_freelance
APP_13197,18200.35,7550.16,0.5852,0.223,0.0,4.5,185,12,0,male,tier_2_urban,gig_delivery
APP_13198,73148.39,56602.94,0.2262,0.2028,0.0,1.0,203,4,1,male,tier_2_urban,grocery_kirana
APP_13199,20414.31,9788.63,0.5205,0.5465,0.0,1.0,40,6,1,female,tier_1_metro,artisan_freelance
APP_13200,47133.49,32618.77,0.3079,0.1315,0.1561,2.5,308,6,1,female,tier_3_rural,grocery_kirana
APP_13201,29495.53,11515.07,0.6096,0.3155,0.5016,11.5,90,6,0,male,tier_1_metro,gig_delivery
APP_13202,64018.76,46484.26,0.2739,0.1429,0.5027,1.7,185,6,1,female,tier_1_metro,grocery_kirana
APP_13203,64400.62,48668.56,0.2443,0.1722,0.3663,1.0,256,4,1,male,tier_1_metro,grocery_kirana
APP_13204,63701.92,45801.32,0.281,0.157,0.0,3.4,394,6,0,male,tier_1_metro,grocery_kirana
APP_13205,33279.48,24869.0,0.2527,0.1736,0.0,11.9,359,3,0,female,tier_3_rural,grocery_kirana
APP_13206,20925.39,8703.39,0.5841,0.2656,0.6798,15.6,70,3,0,male,tier_3_rural,artisan_freelance
APP_13207,33007.09,12385.64,0.6248,0.2949,0.198,3.3,167,6,0,female,tier_3_rural,gig_delivery
APP_13208,21634.71,10340.21,0.5221,0.2094,0.0,3.0,172,3,0,male,tier_1_metro,gig_delivery
APP_13209,46261.99,19568.65,0.577,0.4723,0.1346,16.4,42,12,1,male,tier_2_urban,artisan_freelance
APP_13210,26009.21,12948.62,0.5022,0.2998,0.2784,5.3,113,6,1,female,tier_2_urban,gig_delivery
APP_13211,26460.63,10877.92,0.5889,0.2109,0.0,21.0,150,4,1,male,tier_2_urban,gig_delivery
APP_13212,31518.28,20080.36,0.3629,0.1522,0.0,2.6,238,3,1,male,tier_2_urban,street_food
APP_13213,44018.37,25523.23,0.4202,0.4514,0.0,24.9,21,4,1,female,tier_3_rural,artisan_freelance
APP_13214,46373.19,27306.77,0.4112,0.1853,0.2367,7.7,212,3,1,female,tier_2_urban,street_food
APP_13215,24380.72,13341.55,0.4528,0.3916,0.3349,11.5,30,3,0,female,tier_1_metro,artisan_freelance
APP_13216,37318.07,22970.07,0.3845,0.202,0.0,3.5,425,4,0,female,tier_1_metro,street_food
APP_13217,32890.5,19132.68,0.4183,0.4137,0.0,5.9,54,6,1,male,tier_2_urban,artisan_freelance
APP_13218,26741.43,9934.32,0.6285,0.2438,0.318,24.1,156,4,1,male,tier_3_rural,gig_delivery
APP_13219,44526.87,32914.34,0.2608,0.1112,0.0,11.3,166,2,1,male,tier_1_metro,grocery_kirana
APP_13220,50523.23,37820.33,0.2514,0.2065,0.2561,1.0,319,4,1,male,tier_3_rural,grocery_kirana
APP_13221,22644.63,8069.63,0.6436,0.1751,0.0,11.2,98,3,1,male,tier_1_metro,gig_delivery
APP_13222,27690.18,12380.49,0.5529,0.1913,0.6173,14.9,174,4,1,female,tier_2_urban,gig_delivery
APP_13223,71315.44,53445.93,0.2506,0.1818,0.0,18.8,363,4,1,male,tier_1_metro,grocery_kirana
APP_13224,24666.91,11132.41,0.5487,0.1686,0.2535,38.2,171,12,1,male,tier_3_rural,gig_delivery
APP_13225,23493.7,11527.88,0.5093,0.1289,0.0,3.8,208,4,1,male,tier_1_metro,street_food
APP_13226,42250.15,22320.3,0.4717,0.3271,0.6958,30.6,78,4,1,male,tier_1_metro,artisan_freelance
APP_13227,43640.8,26353.38,0.3961,0.1336,0.6472,15.9,263,4,1,female,tier_2_urban,street_food
APP_13228,32050.85,15732.17,0.5091,0.3796,0.5634,60.0,46,4,0,male,tier_1_metro,artisan_freelance
APP_13229,73325.59,57068.36,0.2217,0.217,0.5733,6.8,279,4,0,female,tier_2_urban,grocery_kirana
APP_13230,55745.29,31014.63,0.4436,0.2496,0.4145,9.8,444,6,0,female,tier_1_metro,street_food
APP_13231,31320.29,11646.0,0.6282,0.2777,0.0,22.3,168,3,1,female,tier_2_urban,gig_delivery
APP_13232,46705.79,36623.15,0.2159,0.0883,0.2934,36.6,380,2,0,male,tier_1_metro,grocery_kirana
APP_13233,77491.36,62858.03,0.1888,0.1679,0.0,41.2,344,6,0,male,tier_1_metro,grocery_kirana
APP_13234,25548.86,10928.87,0.5722,0.264,0.0,6.2,110,4,0,male,tier_1_metro,gig_delivery
APP_13235,46496.32,37442.26,0.1947,0.1252,0.0,1.7,290,3,1,male,tier_3_rural,grocery_kirana
APP_13236,40268.12,22306.56,0.446,0.2677,0.0,14.1,61,4,1,male,tier_1_metro,artisan_freelance
APP_13237,41712.93,13187.17,0.6839,0.3121,0.6511,15.2,20,3,1,female,tier_2_urban,artisan_freelance
APP_13238,24485.54,11442.03,0.5327,0.3135,0.3633,11.7,185,4,1,female,tier_1_metro,gig_delivery
APP_13239,27847.41,13880.15,0.5016,0.1848,0.1716,1.0,179,6,1,male,tier_1_metro,gig_delivery
APP_13240,40995.99,22566.46,0.4495,0.537,0.5449,16.7,47,4,0,male,tier_1_metro,artisan_freelance
APP_13241,31575.86,15392.56,0.5125,0.1569,0.1046,6.6,191,6,0,female,tier_1_metro,gig_delivery
APP_13242,42526.49,25393.91,0.4029,0.4894,0.3061,2.5,22,3,0,male,tier_1_metro,artisan_freelance
APP_13243,49327.79,40010.33,0.1889,0.1996,0.6282,1.0,173,4,1,male,tier_2_urban,grocery_kirana
APP_13244,69194.74,51996.89,0.2485,0.2154,0.243,22.9,209,12,0,male,tier_3_rural,grocery_kirana
APP_13245,19277.73,8354.63,0.5666,0.2801,0.0,3.4,112,6,1,male,tier_2_urban,gig_delivery
APP_13246,29640.79,10539.73,0.6444,0.2471,0.2999,13.4,197,3,1,female,tier_1_metro,gig_delivery
APP_13247,40370.51,13505.64,0.6655,0.3241,0.0,12.8,38,4,1,male,tier_3_rural,artisan_freelance
APP_13248,26523.5,16534.29,0.3766,0.2705,0.5026,2.5,277,12,1,male,tier_1_metro,street_food
APP_13249,19778.89,8288.79,0.5809,0.2364,0.0,1.0,190,2,0,male,tier_3_rural,gig_delivery
APP_13250,45212.11,20986.32,0.5358,0.4834,0.6735,34.6,63,9,0,male,tier_1_metro,artisan_freelance
APP_13251,35633.18,27603.25,0.2253,0.2061,0.7259,8.2,172,4,0,male,tier_1_metro,grocery_kirana
APP_13252,25897.19,12338.08,0.5236,0.245,0.0,22.3,84,2,1,female,tier_2_urban,gig_delivery
APP_13253,20217.27,7829.5,0.6127,0.1635,0.4982,3.6,82,12,1,male,tier_2_urban,gig_delivery
APP_13254,50186.56,37644.16,0.2499,0.0979,0.0,6.7,385,3,0,male,tier_2_urban,grocery_kirana
APP_13255,37355.66,13271.38,0.6447,0.195,0.2343,23.3,191,6,1,male,tier_2_urban,gig_delivery
APP_13256,30441.48,17517.39,0.4246,0.1588,0.6817,26.0,435,4,1,female,tier_3_rural,street_food
APP_13257,33650.25,15786.0,0.5309,0.38,0.0,2.3,53,9,1,female,tier_3_rural,artisan_freelance
APP_13258,54188.53,39668.52,0.268,0.1456,0.562,7.1,249,4,1,male,tier_1_metro,grocery_kirana
APP_13259,39887.93,18023.79,0.5481,0.2611,0.5325,1.0,438,2,0,female,tier_3_rural,street_food
APP_13260,47844.05,38383.45,0.1977,0.0959,0.3895,30.0,289,3,1,male,tier_1_metro,grocery_kirana
APP_13261,66105.67,52837.76,0.2007,0.1512,0.0,3.2,172,4,0,male,tier_2_urban,grocery_kirana
APP_13262,46113.95,35235.38,0.2359,0.1733,0.0,2.0,177,6,0,male,tier_2_urban,grocery_kirana
APP_13263,55530.29,40239.2,0.2754,0.1322,0.0,19.1,249,9,1,male,tier_1_metro,grocery_kirana
APP_13264,50643.3,38657.22,0.2367,0.2174,0.0,1.3,195,4,0,male,tier_2_urban,grocery_kirana
APP_13265,36577.71,17438.99,0.5232,0.4137,0.0,22.6,36,3,1,female,tier_2_urban,artisan_freelance
APP_13266,46019.06,21725.57,0.5279,0.5498,0.0,7.2,47,9,1,female,tier_1_metro,artisan_freelance
APP_13267,37580.96,18846.15,0.4985,0.2557,0.4702,8.6,297,6,0,male,tier_2_urban,street_food
APP_13268,26525.22,9671.94,0.6354,0.1889,0.0,12.0,185,6,1,female,tier_2_urban,gig_delivery
APP_13269,28158.98,14059.86,0.5007,0.157,0.3658,3.5,121,12,1,male,tier_1_metro,gig_delivery
APP_13270,12162.38,4697.28,0.6138,0.4033,0.0,31.5,70,3,1,male,tier_1_metro,artisan_freelance
APP_13271,26797.91,13723.97,0.4879,0.4693,0.3631,46.2,74,12,0,male,tier_3_rural,artisan_freelance
APP_13272,84020.27,64957.53,0.2269,0.1749,0.6969,15.3,348,4,0,male,tier_1_metro,grocery_kirana
APP_13273,37750.72,24182.06,0.3594,0.1417,0.0,3.9,218,12,1,male,tier_2_urban,street_food
APP_13274,24882.24,11132.58,0.5526,0.3049,0.0,1.6,98,4,1,male,tier_2_urban,gig_delivery
APP_13275,39901.48,21225.87,0.468,0.2291,0.0,33.0,267,3,1,male,tier_1_metro,street_food
APP_13276,45523.05,22625.51,0.503,0.2011,0.7473,25.3,270,6,1,male,tier_2_urban,street_food
APP_13277,40827.07,20080.96,0.5081,0.3701,0.0,2.3,62,6,0,male,tier_2_urban,artisan_freelance
APP_13278,22748.26,8900.55,0.6087,0.1772,0.4342,9.8,132,3,1,male,tier_2_urban,gig_delivery
APP_13279,50213.72,37046.46,0.2622,0.1683,0.2936,5.3,162,3,1,male,tier_1_metro,grocery_kirana
APP_13280,32853.39,15866.17,0.5171,0.2909,0.0,9.2,133,2,1,male,tier_1_metro,gig_delivery
APP_13281,29591.66,17648.27,0.4036,0.1809,0.0,1.0,271,6,1,male,tier_2_urban,street_food
APP_13282,57211.71,44519.23,0.2219,0.1831,0.0,18.7,196,6,0,female,tier_1_metro,grocery_kirana
APP_13283,26937.86,9729.48,0.6388,0.16,0.1227,21.3,123,3,1,female,tier_2_urban,gig_delivery
APP_13284,23423.02,10547.51,0.5497,0.2493,0.5044,14.4,189,9,1,female,tier_2_urban,gig_delivery
APP_13285,24777.78,11180.42,0.5488,0.2576,0.7427,1.0,128,12,1,female,tier_1_metro,gig_delivery
APP_13286,49709.46,26644.82,0.464,0.24,0.3514,4.5,290,4,0,male,tier_1_metro,street_food
APP_13287,18250.11,8425.23,0.5383,0.2289,0.0,9.6,196,3,1,male,tier_2_urban,gig_delivery
APP_13288,52359.91,41322.59,0.2108,0.1651,0.0,8.1,325,3,0,male,tier_3_rural,grocery_kirana
APP_13289,43915.21,24270.97,0.4473,0.2735,0.3493,25.4,182,12,1,female,tier_3_rural,street_food
APP_13290,49517.65,38082.25,0.2309,0.0941,0.5706,5.1,272,2,0,male,tier_3_rural,grocery_kirana
APP_13291,28952.42,11254.38,0.6113,0.2714,0.0877,5.2,105,3,1,male,tier_1_metro,gig_delivery
APP_13292,31226.52,13187.95,0.5777,0.2618,0.0,1.0,119,3,1,female,tier_2_urban,gig_delivery
APP_13293,44755.23,28500.07,0.3632,0.1814,0.6198,24.9,325,4,0,male,tier_2_urban,street_food
APP_13294,35253.08,26403.56,0.251,0.0999,0.0,26.2,214,3,1,male,tier_2_urban,grocery_kirana
APP_13295,37491.41,22821.7,0.3913,0.2337,0.4388,21.0,438,6,0,male,tier_1_metro,street_food
APP_13296,37425.04,13033.2,0.6518,0.4777,0.0,45.5,70,9,0,male,tier_2_urban,artisan_freelance
APP_13297,44587.61,24189.74,0.4575,0.533,0.5374,10.5,21,3,0,male,tier_3_rural,artisan_freelance
APP_13298,27555.44,11251.41,0.5917,0.3196,0.3933,21.0,114,6,1,male,tier_3_rural,gig_delivery
APP_13299,21550.75,7365.7,0.6582,0.5168,0.0,8.5,51,6,1,male,tier_1_metro,artisan_freelance
APP_13300,34807.95,19103.76,0.4512,0.2746,0.4958,8.1,265,4,0,male,tier_1_metro,street_food
APP_13301,60938.45,42670.51,0.2998,0.1835,0.0,17.9,214,4,1,male,tier_3_rural,grocery_kirana
APP_13302,45716.32,36763.13,0.1958,0.0952,0.5375,1.0,361,9,0,male,tier_2_urban,grocery_kirana
APP_13303,57683.19,45087.2,0.2184,0.1838,0.2116,11.2,277,2,1,female,tier_2_urban,grocery_kirana
APP_13304,46197.24,25265.09,0.4531,0.1943,0.0,5.8,212,2,1,female,tier_2_urban,street_food
APP_13305,68743.89,56350.63,0.1803,0.1577,0.0,19.0,240,4,1,male,tier_3_rural,grocery_kirana
APP_13306,41979.54,21058.34,0.4984,0.4606,0.2916,5.7,45,6,0,female,tier_2_urban,artisan_freelance
APP_13307,27966.85,10323.6,0.6309,0.3296,0.0,47.8,80,2,1,male,tier_2_urban,artisan_freelance
APP_13308,70517.17,50916.41,0.278,0.2154,0.0,43.9,333,6,0,male,tier_2_urban,grocery_kirana
APP_13309,53131.33,36252.14,0.3177,0.1083,0.2813,1.0,268,4,1,male,tier_1_metro,grocery_kirana
APP_13310,28247.96,10200.08,0.6389,0.2858,0.0919,19.3,182,4,0,male,tier_1_metro,gig_delivery
APP_13311,36822.63,19675.73,0.4657,0.2534,0.0,1.0,313,4,0,male,tier_2_urban,street_food
APP_13312,26361.87,11189.72,0.5755,0.2941,0.3991,13.7,179,4,1,male,tier_3_rural,gig_delivery
APP_13313,26078.77,11298.87,0.5667,0.2734,0.1106,30.8,179,2,1,male,tier_2_urban,gig_delivery
APP_13314,18308.01,6637.35,0.6375,0.2159,0.6677,19.7,177,12,1,male,tier_1_metro,gig_delivery
APP_13315,28415.54,9147.73,0.6781,0.4732,0.346,1.0,82,2,0,female,tier_3_rural,artisan_freelance
APP_13316,42170.59,30108.63,0.286,0.0871,0.5272,42.6,278,4,1,male,tier_3_rural,grocery_kirana
APP_13317,34495.85,18196.27,0.4725,0.1366,0.5167,1.9,354,12,1,female,tier_1_metro,street_food
APP_13318,33852.34,12813.85,0.6215,0.2594,0.6108,4.4,41,2,0,male,tier_2_urban,artisan_freelance
APP_13319,40325.34,12707.38,0.6849,0.3056,0.0,5.8,25,4,1,male,tier_1_metro,artisan_freelance
APP_13320,44601.8,23685.07,0.469,0.2455,0.1553,34.8,247,3,1,male,tier_1_metro,street_food
APP_13321,29409.51,14345.16,0.5122,0.2911,0.3422,21.2,106,6,1,male,tier_1_metro,gig_delivery
APP_13322,37041.55,16969.67,0.5419,0.3077,0.7345,8.3,61,4,1,female,tier_2_urban,artisan_freelance
APP_13323,41812.91,20334.97,0.5137,0.2438,0.0,2.3,214,4,0,female,tier_2_urban,street_food
APP_13324,41129.91,23549.86,0.4274,0.4129,0.1115,1.9,27,4,1,male,tier_2_urban,artisan_freelance
APP_13325,35889.7,22751.65,0.3661,0.1505,0.2572,14.5,379,12,1,female,tier_2_urban,street_food
APP_13326,34666.82,14262.57,0.5886,0.4691,0.6905,23.7,86,4,0,male,tier_2_urban,artisan_freelance
APP_13327,25884.38,10534.05,0.593,0.3131,0.0,31.8,150,4,1,female,tier_3_rural,gig_delivery
APP_13328,30066.54,14219.27,0.5271,0.2983,0.332,43.1,31,6,1,female,tier_1_metro,artisan_freelance
APP_13329,45847.18,27246.4,0.4057,0.191,0.1901,2.7,294,6,1,male,tier_1_metro,street_food
APP_13330,48928.25,37582.14,0.2319,0.117,0.0,14.4,255,6,0,female,tier_1_metro,grocery_kirana
APP_13331,37177.75,13625.61,0.6335,0.241,0.5087,18.0,82,6,1,male,tier_3_rural,gig_delivery
APP_13332,33109.22,15269.93,0.5388,0.2736,0.4803,41.3,127,6,1,male,tier_2_urban,gig_delivery
APP_13333,20935.13,9683.6,0.5374,0.3101,0.3699,1.0,135,6,0,male,tier_1_metro,gig_delivery
APP_13334,24460.78,12196.73,0.5014,0.2796,0.3762,13.9,92,3,0,female,tier_2_urban,gig_delivery
APP_13335,41553.44,28359.55,0.3175,0.176,0.0,18.4,157,6,1,female,tier_1_metro,grocery_kirana
APP_13336,41333.39,30446.33,0.2634,0.1911,0.0,2.5,243,6,0,male,tier_1_metro,grocery_kirana
APP_13337,39763.4,12214.18,0.6928,0.3445,0.5993,10.8,79,6,1,male,tier_2_urban,artisan_freelance
APP_13338,37288.57,17031.09,0.5433,0.2369,0.0,12.0,331,2,1,male,tier_2_urban,street_food
APP_13339,24851.53,10192.48,0.5899,0.154,0.0,8.1,183,4,1,female,tier_2_urban,gig_delivery
APP_13340,24258.02,8896.62,0.6333,0.3046,0.4298,13.2,114,3,0,male,tier_2_urban,gig_delivery
APP_13341,40129.72,20736.94,0.4833,0.2271,0.0,1.0,350,4,1,female,tier_2_urban,street_food
APP_13342,35754.21,16095.58,0.5498,0.2922,0.2552,2.7,167,2,0,male,tier_2_urban,gig_delivery
APP_13343,19661.82,10300.34,0.4761,0.2802,0.0,7.4,77,4,0,female,tier_1_metro,artisan_freelance
APP_13344,58760.77,33831.09,0.4243,0.2272,0.0,20.1,214,2,1,female,tier_1_metro,street_food
APP_13345,29013.96,10932.16,0.6232,0.2642,0.0,9.5,162,3,1,male,tier_3_rural,gig_delivery
APP_13346,26810.57,13349.06,0.5021,0.2246,0.3394,3.4,158,4,1,male,tier_2_urban,gig_delivery
APP_13347,64851.61,45770.35,0.2942,0.1145,0.0,8.8,316,3,1,male,tier_1_metro,grocery_kirana
APP_13348,48947.26,27004.65,0.4483,0.1767,0.516,9.6,442,4,1,female,tier_3_rural,street_food
APP_13349,42155.95,12713.94,0.6984,0.3871,0.283,1.0,28,4,1,female,tier_2_urban,artisan_freelance
APP_13350,24516.17,9270.91,0.6218,0.3983,0.4957,13.4,86,12,0,male,tier_3_rural,artisan_freelance
APP_13351,20616.91,9036.07,0.5617,0.3067,0.4645,7.1,159,4,1,male,tier_2_urban,gig_delivery
APP_13352,31983.49,11676.37,0.6349,0.2797,0.144,1.0,98,6,0,female,tier_1_metro,gig_delivery
APP_13353,24520.7,11420.51,0.5343,0.4537,0.3876,1.0,73,4,0,male,tier_3_rural,artisan_freelance
APP_13354,44482.38,27142.24,0.3898,0.2224,0.6387,12.2,286,3,0,female,tier_3_rural,street_food
APP_13355,32123.43,14450.34,0.5502,0.5413,0.3875,9.3,82,12,0,male,tier_2_urban,artisan_freelance
APP_13356,20846.21,9272.9,0.5552,0.2648,0.6777,26.6,29,6,0,female,tier_1_metro,artisan_freelance
APP_13357,55702.97,40711.74,0.2691,0.0997,0.7468,20.3,212,6,0,female,tier_1_metro,grocery_kirana
APP_13358,42186.97,32191.04,0.2369,0.0834,0.347,10.8,265,6,1,male,tier_1_metro,grocery_kirana
APP_13359,24726.68,11263.79,0.5445,0.4004,0.0,16.2,63,4,1,male,tier_1_metro,artisan_freelance
APP_13360,43553.01,30340.6,0.3034,0.1702,0.291,9.7,392,12,1,female,tier_2_urban,grocery_kirana
APP_13361,33859.36,13529.5,0.6004,0.1978,0.0,24.2,154,6,1,female,tier_2_urban,gig_delivery
APP_13362,35568.62,18415.02,0.4823,0.2243,0.0,2.1,290,3,1,male,tier_3_rural,street_food
APP_13363,44084.18,33495.53,0.2402,0.0936,0.0,1.2,326,4,0,female,tier_3_rural,grocery_kirana
APP_13364,29960.7,11092.09,0.6298,0.2865,0.0,6.8,84,12,1,male,tier_2_urban,gig_delivery
APP_13365,45572.96,22304.62,0.5106,0.1818,0.2698,21.0,285,3,1,female,tier_1_metro,street_food
APP_13366,20937.16,12097.82,0.4222,0.5158,0.0,17.9,79,6,0,female,tier_3_rural,artisan_freelance
APP_13367,19950.42,9707.69,0.5134,0.2732,0.318,59.4,24,4,0,male,tier_1_metro,artisan_freelance
APP_13368,33576.34,15315.41,0.5439,0.3236,0.0,12.3,23,3,1,female,tier_1_metro,artisan_freelance
APP_13369,32904.89,15238.55,0.5369,0.1753,0.4097,1.0,431,6,1,male,tier_2_urban,street_food
APP_13370,64428.32,33570.48,0.4789,0.4489,0.0,11.3,66,4,0,female,tier_1_metro,artisan_freelance
APP_13371,35303.85,12743.24,0.639,0.2068,0.2894,9.0,119,9,1,female,tier_2_urban,gig_delivery
APP_13372,28010.06,12894.32,0.5397,0.2438,0.0,4.1,422,3,1,male,tier_1_metro,street_food
APP_13373,47562.16,33435.67,0.297,0.1651,0.3848,3.2,262,2,0,male,tier_3_rural,grocery_kirana
APP_13374,18808.52,8508.34,0.5476,0.1753,0.6057,4.4,142,3,0,male,tier_1_metro,gig_delivery
APP_13375,35201.02,25390.36,0.2787,0.2173,0.0,11.7,201,4,1,male,tier_3_rural,grocery_kirana
APP_13376,44234.69,34878.3,0.2115,0.0884,0.5581,25.9,331,9,1,female,tier_1_metro,grocery_kirana
APP_13377,40545.96,13401.22,0.6695,0.3844,0.0,48.9,89,3,1,male,tier_1_metro,artisan_freelance
APP_13378,39699.58,23639.32,0.4045,0.2253,0.38,2.6,410,3,0,male,tier_1_metro,street_food
APP_13379,53431.62,24912.68,0.5337,0.3521,0.0,9.3,84,6,0,female,tier_2_urban,artisan_freelance
APP_13380,61020.66,46293.37,0.2413,0.181,0.0,9.9,195,12,0,male,tier_2_urban,grocery_kirana
APP_13381,53584.86,38190.11,0.2873,0.1102,0.4635,7.0,263,9,1,male,tier_1_metro,grocery_kirana
APP_13382,38462.39,19576.76,0.491,0.2554,0.4395,19.5,271,9,1,female,tier_3_rural,street_food
APP_13383,31147.5,15402.15,0.5055,0.2858,0.0,3.1,193,6,1,male,tier_3_rural,gig_delivery
APP_13384,41726.41,32436.35,0.2226,0.1735,0.5442,1.6,232,9,0,male,tier_1_metro,grocery_kirana
APP_13385,22072.07,8899.36,0.5968,0.5272,0.2759,7.9,73,3,0,male,tier_2_urban,artisan_freelance
APP_13386,32060.43,15891.7,0.5043,0.5415,0.0,1.0,32,3,0,male,tier_1_metro,artisan_freelance
APP_13387,64600.92,44095.47,0.3174,0.1675,0.0,19.6,368,4,0,female,tier_1_metro,grocery_kirana
APP_13388,33005.35,13795.54,0.582,0.204,0.5664,4.5,169,3,1,male,tier_2_urban,gig_delivery
APP_13389,25319.27,11975.82,0.527,0.2446,0.0,1.1,165,6,1,male,tier_3_rural,gig_delivery
APP_13390,37631.79,14921.5,0.6035,0.5017,0.2666,12.7,82,3,1,male,tier_3_rural,artisan_freelance
APP_13391,42021.75,19504.41,0.5358,0.1912,0.6572,8.7,446,4,0,male,tier_1_metro,street_food
APP_13392,67644.34,46827.38,0.3077,0.1377,0.0,5.1,393,4,1,male,tier_2_urban,grocery_kirana
APP_13393,22269.91,9070.81,0.5927,0.1969,0.0,4.4,191,9,1,female,tier_3_rural,gig_delivery
APP_13394,41687.75,13231.91,0.6826,0.4428,0.1771,1.9,47,9,0,female,tier_2_urban,artisan_freelance
APP_13395,29529.78,23432.09,0.2065,0.1205,0.4805,11.2,292,6,1,male,tier_1_metro,grocery_kirana
APP_13396,47483.42,23917.75,0.4963,0.4597,0.7088,4.4,82,4,0,female,tier_3_rural,artisan_freelance
APP_13397,30852.91,10990.49,0.6438,0.1952,0.3538,13.3,191,6,1,male,tier_3_rural,gig_delivery
APP_13398,48855.72,35989.56,0.2634,0.1108,0.0,22.7,352,3,0,female,tier_1_metro,grocery_kirana
APP_13399,39666.82,19562.93,0.5068,0.1235,0.0,18.7,404,4,0,female,tier_2_urban,street_food
APP_13400,29824.36,13812.0,0.5369,0.3053,0.4545,8.6,67,2,0,female,tier_1_metro,artisan_freelance
APP_13401,40654.3,20826.06,0.4877,0.1911,0.0,11.0,433,4,1,male,tier_1_metro,street_food
APP_13402,26625.94,8760.03,0.671,0.5496,0.3893,18.6,41,3,0,male,tier_1_metro,artisan_freelance
APP_13403,39746.26,23611.68,0.4059,0.4562,0.3024,15.8,36,4,0,male,tier_1_metro,artisan_freelance
APP_13404,18384.77,7307.01,0.6026,0.3165,0.0,2.1,110,3,0,male,tier_2_urban,gig_delivery
APP_13405,28556.31,10172.14,0.6438,0.2285,0.3275,1.0,114,9,1,male,tier_2_urban,gig_delivery
APP_13406,65348.27,53187.9,0.1861,0.1401,0.5191,1.0,179,4,1,male,tier_2_urban,grocery_kirana
APP_13407,25076.22,10557.64,0.579,0.1592,0.1514,42.0,123,3,1,male,tier_3_rural,gig_delivery
APP_13408,39527.41,29605.06,0.251,0.0981,0.0,5.6,318,9,1,female,tier_2_urban,grocery_kirana
APP_13409,43878.49,20644.95,0.5295,0.1925,0.0,3.2,384,6,1,male,tier_3_rural,street_food
APP_13410,38092.46,20991.47,0.4489,0.148,0.0,41.8,437,6,1,female,tier_1_metro,street_food
APP_13411,27892.12,17948.88,0.3565,0.276,0.5766,10.4,426,4,1,male,tier_1_metro,street_food
APP_13412,57493.19,47002.5,0.1825,0.1552,0.5258,26.4,284,6,0,male,tier_1_metro,grocery_kirana
APP_13413,36856.13,11598.15,0.6853,0.4486,0.0,1.0,34,3,0,male,tier_1_metro,artisan_freelance
APP_13414,56511.09,40002.83,0.2921,0.137,0.0,2.1,342,3,0,female,tier_3_rural,grocery_kirana
APP_13415,61079.64,43961.5,0.2803,0.1404,0.0,27.3,292,2,1,female,tier_2_urban,grocery_kirana
APP_13416,51962.54,35356.45,0.3196,0.1043,0.6415,16.5,373,6,1,male,tier_3_rural,grocery_kirana
APP_13417,30167.82,19343.99,0.3588,0.1789,0.0,19.5,407,12,1,male,tier_1_metro,street_food
APP_13418,69369.08,52080.2,0.2492,0.2188,0.1273,3.7,388,2,0,male,tier_1_metro,grocery_kirana
APP_13419,38952.93,13615.51,0.6505,0.3757,0.6884,35.6,89,3,1,female,tier_2_urban,artisan_freelance
APP_13420,24093.8,10572.86,0.5612,0.2208,0.0,2.5,85,2,0,female,tier_1_metro,gig_delivery
APP_13421,38613.37,23700.4,0.3862,0.2115,0.0,20.6,212,12,1,female,tier_1_metro,street_food
APP_13422,20549.16,7580.44,0.6311,0.2745,0.5506,54.7,172,4,1,female,tier_2_urban,gig_delivery
APP_13423,38629.94,18969.12,0.509,0.3007,0.2375,42.3,46,9,1,male,tier_1_metro,artisan_freelance
APP_13424,37937.47,20254.31,0.4661,0.1727,0.6721,7.1,344,6,1,male,tier_1_metro,street_food
APP_13425,40602.33,30939.83,0.238,0.1193,0.0,18.6,284,4,1,female,tier_1_metro,grocery_kirana
APP_13426,22986.44,14202.92,0.3821,0.2633,0.0,11.0,193,4,0,male,tier_2_urban,street_food
APP_13427,29579.28,13813.62,0.533,0.2074,0.4699,12.2,105,6,0,female,tier_3_rural,gig_delivery
APP_13428,39728.55,24802.12,0.3757,0.1818,0.3089,40.7,442,12,1,female,tier_2_urban,street_food
APP_13429,68711.81,56211.27,0.1819,0.1564,0.3916,9.6,194,9,1,male,tier_1_metro,grocery_kirana
APP_13430,37002.23,19043.07,0.4854,0.2378,0.0,16.3,369,6,1,male,tier_3_rural,street_food
APP_13431,29574.15,9129.28,0.6913,0.403,0.4441,7.9,20,4,0,male,tier_1_metro,artisan_freelance
APP_13432,43518.24,13683.28,0.6856,0.3726,0.0,12.3,75,3,1,female,tier_1_metro,artisan_freelance
APP_13433,35517.83,25756.08,0.2748,0.2196,0.7218,34.7,240,3,1,male,tier_1_metro,grocery_kirana
APP_13434,34899.65,17338.99,0.5032,0.1568,0.0,31.8,380,4,1,female,tier_3_rural,street_food
APP_13435,41271.29,24161.37,0.4146,0.1341,0.5535,12.2,362,4,0,male,tier_3_rural,street_food
APP_13436,16106.51,9591.77,0.4045,0.4865,0.6182,3.5,56,3,1,female,tier_1_metro,artisan_freelance
APP_13437,47894.08,38259.05,0.2012,0.1002,0.2013,17.9,198,6,0,male,tier_2_urban,grocery_kirana
APP_13438,40458.47,20007.74,0.5055,0.213,0.0,2.3,292,12,0,male,tier_1_metro,street_food
APP_13439,77013.18,54537.16,0.2918,0.1586,0.5939,32.5,356,2,1,male,tier_2_urban,grocery_kirana
APP_13440,42820.84,14352.64,0.6648,0.3835,0.3334,7.5,79,4,0,female,tier_1_metro,artisan_freelance
APP_13441,33339.84,15508.66,0.5348,0.5185,0.0,1.9,27,3,0,male,tier_1_metro,artisan_freelance
APP_13442,71193.36,50713.27,0.2877,0.129,0.5755,11.7,176,4,0,female,tier_2_urban,grocery_kirana
APP_13443,41608.35,25122.48,0.3962,0.2239,0.5233,8.6,279,4,1,male,tier_2_urban,street_food
APP_13444,39171.71,27315.64,0.3027,0.1536,0.5958,5.9,311,4,0,female,tier_1_metro,grocery_kirana
APP_13445,31129.19,13369.71,0.5705,0.266,0.4346,6.4,65,3,0,male,tier_1_metro,artisan_freelance
APP_13446,25826.55,20150.09,0.2198,0.2066,0.0,45.0,169,9,1,female,tier_1_metro,grocery_kirana
APP_13447,68055.28,51119.26,0.2489,0.1542,0.0,29.3,216,9,1,male,tier_2_urban,grocery_kirana
APP_13448,26911.29,11610.77,0.5686,0.1514,0.3043,4.5,133,9,1,female,tier_2_urban,gig_delivery
APP_13449,29427.37,16384.77,0.4432,0.1935,0.0,1.3,348,12,0,male,tier_3_rural,street_food
APP_13450,47546.09,35957.87,0.2437,0.1885,0.4774,28.9,348,3,0,female,tier_2_urban,grocery_kirana
APP_13451,32009.57,25483.19,0.2039,0.1108,0.3055,10.1,268,3,1,male,tier_1_metro,grocery_kirana
APP_13452,21116.56,9859.39,0.5331,0.19,0.4533,3.5,135,4,0,male,tier_2_urban,gig_delivery
APP_13453,28415.75,10786.6,0.6204,0.3019,0.0,4.3,171,3,1,male,tier_2_urban,gig_delivery
APP_13454,47159.45,22070.15,0.532,0.3677,0.1327,16.0,56,4,0,female,tier_2_urban,artisan_freelance
APP_13455,17735.17,7588.81,0.5721,0.5434,0.457,1.3,70,2,1,female,tier_2_urban,artisan_freelance
APP_13456,32764.67,12861.96,0.6074,0.2539,0.4424,26.8,115,6,1,female,tier_1_metro,gig_delivery
APP_13457,25086.65,9718.39,0.6126,0.5169,0.1748,7.3,64,4,0,female,tier_3_rural,artisan_freelance
APP_13458,50304.79,39001.2,0.2247,0.0905,0.2354,18.3,157,6,1,female,tier_3_rural,grocery_kirana
APP_13459,22555.38,8013.94,0.6447,0.2831,0.7315,5.8,154,12,1,male,tier_1_metro,gig_delivery
APP_13460,35343.28,10639.03,0.699,0.3197,0.2368,2.4,53,9,0,female,tier_2_urban,artisan_freelance
APP_13461,44637.69,32921.7,0.2625,0.0989,0.145,3.8,157,3,0,female,tier_2_urban,grocery_kirana
APP_13462,24156.47,10616.21,0.5605,0.1912,0.0,10.6,169,9,1,female,tier_2_urban,gig_delivery
APP_13463,41662.79,23061.63,0.4465,0.4338,0.0853,2.5,26,2,0,female,tier_2_urban,artisan_freelance
APP_13464,51849.21,25114.67,0.5156,0.3573,0.1601,9.0,84,3,1,female,tier_2_urban,artisan_freelance
APP_13465,22178.86,10955.82,0.506,0.4631,0.0,11.1,85,6,0,male,tier_3_rural,artisan_freelance
APP_13466,49053.29,19389.69,0.6047,0.5036,0.4215,3.5,36,4,0,male,tier_2_urban,artisan_freelance
APP_13467,44759.25,23135.75,0.4831,0.2632,0.0,3.5,393,4,0,female,tier_3_rural,street_food
APP_13468,43182.67,35083.86,0.1875,0.1665,0.2332,4.8,226,6,0,male,tier_1_metro,grocery_kirana
APP_13469,43071.22,20026.78,0.535,0.2083,0.5399,1.0,211,3,0,female,tier_2_urban,street_food
APP_13470,33787.62,21490.19,0.364,0.1456,0.4749,3.5,408,3,0,male,tier_1_metro,street_food
APP_13471,34810.35,11214.51,0.6778,0.4215,0.0,1.0,22,3,1,female,tier_3_rural,artisan_freelance
APP_13472,25590.61,12590.59,0.508,0.1727,0.0,30.4,97,3,1,male,tier_2_urban,gig_delivery
APP_13473,22643.76,8756.9,0.6133,0.2515,0.4778,18.7,141,3,0,male,tier_1_metro,gig_delivery
APP_13474,35991.86,21122.99,0.4131,0.3822,0.3833,53.8,73,4,1,male,tier_3_rural,artisan_freelance
APP_13475,45485.42,20906.84,0.5404,0.1833,0.0,1.8,356,6,0,female,tier_3_rural,street_food
APP_13476,35480.32,20733.23,0.4156,0.2627,0.4005,18.0,277,6,1,male,tier_2_urban,street_food
APP_13477,25230.24,12301.96,0.5124,0.2505,0.0,3.2,148,9,1,female,tier_2_urban,gig_delivery
APP_13478,43301.59,31363.94,0.2757,0.1732,0.0,11.6,176,4,1,male,tier_3_rural,grocery_kirana
APP_13479,46127.3,29294.35,0.3649,0.1757,0.1489,27.4,319,2,1,male,tier_2_urban,street_food
APP_13480,41444.79,24179.38,0.4166,0.1507,0.522,5.4,327,4,0,male,tier_1_metro,street_food
APP_13481,51519.1,39841.2,0.2267,0.1835,0.0,2.4,311,12,1,female,tier_1_metro,grocery_kirana
APP_13482,25537.03,8946.01,0.6497,0.2233,0.503,3.2,145,9,0,male,tier_1_metro,gig_delivery
APP_13483,31131.59,23487.05,0.2456,0.1891,0.748,11.1,321,9,0,female,tier_1_metro,grocery_kirana
APP_13484,64385.39,49353.3,0.2335,0.1765,0.0,1.5,336,6,0,male,tier_2_urban,grocery_kirana
APP_13485,29210.08,15166.55,0.4808,0.4208,0.0,6.5,25,2,1,male,tier_2_urban,artisan_freelance
APP_13486,23422.28,9582.57,0.5909,0.1991,0.0,3.5,185,4,0,male,tier_1_metro,gig_delivery
APP_13487,29687.31,14117.22,0.5245,0.2277,0.0,4.7,149,12,0,female,tier_2_urban,gig_delivery
APP_13488,26943.12,13823.76,0.4869,0.3052,0.4922,11.7,35,2,0,male,tier_3_rural,artisan_freelance
APP_13489,41988.09,21169.26,0.4958,0.2218,0.3544,8.5,406,2,0,male,tier_2_urban,street_food
APP_13490,17560.32,7827.61,0.5542,0.1969,0.2155,7.3,177,4,1,male,tier_1_metro,gig_delivery
APP_13491,29897.77,18074.87,0.3954,0.1591,0.0,1.5,192,3,0,male,tier_2_urban,street_food
APP_13492,28927.97,12387.4,0.5718,0.5201,0.0,25.1,71,4,1,male,tier_1_metro,artisan_freelance
APP_13493,31516.15,12997.17,0.5876,0.1748,0.5638,7.9,157,4,1,female,tier_3_rural,gig_delivery
APP_13494,16313.83,8526.49,0.4773,0.2619,0.6872,28.5,29,6,1,female,tier_2_urban,artisan_freelance
APP_13495,70947.71,53501.9,0.2459,0.2162,0.5175,6.5,275,6,0,female,tier_1_metro,grocery_kirana
APP_13496,54309.67,37805.76,0.3039,0.1626,0.4768,1.9,166,6,0,male,tier_2_urban,grocery_kirana
APP_13497,47247.41,25931.78,0.4511,0.5056,0.6892,3.3,38,9,0,female,tier_2_urban,artisan_freelance
APP_13498,44286.59,34516.36,0.2206,0.1264,0.1912,16.7,202,4,0,male,tier_3_rural,grocery_kirana
APP_13499,59538.61,44343.44,0.2552,0.0826,0.1078,1.7,278,6,0,male,tier_3_rural,grocery_kirana
APP_13500,40141.76,20606.21,0.4867,0.1975,0.0,9.8,281,2,1,male,tier_3_rural,street_food
APP_13501,51688.73,39083.19,0.2439,0.1374,0.4421,13.9,308,6,0,male,tier_2_urban,grocery_kirana
APP_13502,30489.02,9303.3,0.6949,0.2608,0.0957,4.3,82,9,0,male,tier_2_urban,artisan_freelance
APP_13503,42261.09,26375.46,0.3759,0.2124,0.2734,13.5,378,3,1,male,tier_2_urban,street_food
APP_13504,31444.09,15171.13,0.5175,0.3893,0.3615,11.3,33,6,0,female,tier_2_urban,artisan_freelance
APP_13505,28815.49,12987.01,0.5493,0.1706,0.6605,8.6,97,9,1,male,tier_1_metro,gig_delivery
APP_13506,17890.32,8052.62,0.5499,0.4478,0.3175,5.6,40,6,1,male,tier_1_metro,artisan_freelance
APP_13507,19644.95,11155.82,0.4321,0.2582,0.5077,46.7,263,2,0,male,tier_1_metro,street_food
APP_13508,33781.39,18825.16,0.4427,0.2476,0.1972,2.7,196,3,0,female,tier_1_metro,street_food
APP_13509,25314.63,13391.3,0.471,0.4226,0.2038,9.7,67,6,0,male,tier_2_urban,artisan_freelance
APP_13510,36624.19,14404.99,0.6067,0.2142,0.3701,7.1,140,3,0,male,tier_1_metro,gig_delivery
APP_13511,40288.13,25526.35,0.3664,0.2043,0.0,1.8,187,3,0,male,tier_3_rural,street_food
APP_13512,25572.26,10850.5,0.5757,0.4258,0.1969,3.3,36,3,1,female,tier_1_metro,artisan_freelance
APP_13513,29304.71,12997.74,0.5565,0.4446,0.0,7.8,40,3,0,female,tier_1_metro,artisan_freelance
APP_13514,48288.83,28531.1,0.4092,0.1761,0.0,6.5,330,9,1,male,tier_1_metro,street_food
APP_13515,20407.02,9828.72,0.5184,0.2801,0.406,1.0,72,3,1,female,tier_2_urban,artisan_freelance
APP_13516,51837.41,39414.47,0.2397,0.1958,0.6074,17.3,302,6,1,female,tier_2_urban,grocery_kirana
APP_13517,62319.98,46562.07,0.2529,0.1345,0.0,16.2,324,4,1,male,tier_3_rural,grocery_kirana
APP_13518,28079.26,12130.67,0.568,0.2473,0.6253,1.0,141,6,0,female,tier_2_urban,gig_delivery
APP_13519,44497.55,24004.6,0.4605,0.2126,0.5165,14.6,260,3,0,male,tier_1_metro,street_food
APP_13520,53607.45,38139.2,0.2885,0.1035,0.2493,9.6,161,6,0,female,tier_2_urban,grocery_kirana
APP_13521,66143.27,53678.15,0.1885,0.165,0.73,19.2,280,3,0,female,tier_2_urban,grocery_kirana
APP_13522,45055.62,27590.81,0.3876,0.155,0.4337,9.3,212,6,0,female,tier_1_metro,street_food
APP_13523,26199.06,13900.57,0.4694,0.1596,0.0,6.1,183,4,0,male,tier_2_urban,street_food
APP_13524,33039.54,19528.24,0.4089,0.5455,0.3043,60.0,43,9,1,male,tier_1_metro,artisan_freelance
APP_13525,33226.79,12141.92,0.6346,0.1997,0.0,15.8,137,4,1,male,tier_2_urban,gig_delivery
APP_13526,24724.48,10142.15,0.5898,0.2503,0.0,39.0,27,6,1,female,tier_1_metro,artisan_freelance
APP_13527,18903.82,8447.71,0.5531,0.3902,0.5837,15.1,71,3,0,female,tier_2_urban,artisan_freelance
APP_13528,36134.93,25309.21,0.2996,0.1809,0.4179,49.8,340,12,1,male,tier_2_urban,grocery_kirana
APP_13529,57262.14,44400.0,0.2246,0.1025,0.2674,6.9,284,2,0,female,tier_2_urban,grocery_kirana
APP_13530,32263.41,11859.93,0.6324,0.5077,0.0,3.4,35,6,0,male,tier_3_rural,artisan_freelance
APP_13531,57261.75,42230.96,0.2625,0.141,0.6925,1.0,323,6,0,male,tier_1_metro,grocery_kirana
APP_13532,31002.56,18657.15,0.3982,0.1303,0.0,4.5,270,4,1,male,tier_1_metro,street_food
APP_13533,19117.95,7276.19,0.6194,0.1514,0.2804,12.9,145,4,1,male,tier_3_rural,gig_delivery
APP_13534,30320.7,16068.61,0.47,0.1856,0.2247,18.2,230,3,1,female,tier_3_rural,street_food
APP_13535,57643.87,44353.92,0.2306,0.1564,0.368,25.7,393,12,1,female,tier_1_metro,grocery_kirana
APP_13536,37440.68,26257.48,0.2987,0.167,0.5059,4.2,160,6,0,male,tier_2_urban,grocery_kirana
APP_13537,16021.27,7595.78,0.5259,0.1736,0.6287,9.3,162,3,1,male,tier_1_metro,gig_delivery
APP_13538,27253.16,13204.89,0.5155,0.1775,0.2465,2.7,158,2,0,male,tier_1_metro,gig_delivery
APP_13539,38851.64,20561.83,0.4708,0.2048,0.0,5.2,196,4,1,female,tier_1_metro,street_food
APP_13540,36833.29,21577.96,0.4142,0.4482,0.5778,16.4,78,6,0,male,tier_1_metro,artisan_freelance
APP_13541,51675.11,41662.36,0.1938,0.0962,0.4529,2.9,270,3,1,male,tier_1_metro,grocery_kirana
APP_13542,38080.59,22683.6,0.4043,0.217,0.0,2.2,310,4,1,male,tier_1_metro,street_food
APP_13543,29439.25,14782.8,0.4979,0.2486,0.7307,7.9,395,2,0,male,tier_1_metro,street_food
APP_13544,69086.81,48234.07,0.3018,0.1899,0.0,56.1,344,6,1,female,tier_1_metro,grocery_kirana
APP_13545,42783.55,34529.91,0.1929,0.1163,0.5398,1.3,200,3,0,male,tier_2_urban,grocery_kirana
APP_13546,27498.05,14698.4,0.4655,0.5114,0.1319,2.7,87,3,1,male,tier_2_urban,artisan_freelance
APP_13547,41529.81,17117.23,0.5878,0.3661,0.0,18.5,30,6,1,male,tier_1_metro,artisan_freelance
APP_13548,39122.35,17974.21,0.5406,0.1619,0.2386,24.1,290,3,1,female,tier_1_metro,street_food
APP_13549,23717.12,8604.27,0.6372,0.1796,0.7242,3.8,166,3,0,male,tier_1_metro,gig_delivery
APP_13550,44527.25,26741.23,0.3994,0.2345,0.0,2.6,281,4,1,male,tier_2_urban,street_food
APP_13551,43214.67,27294.69,0.3684,0.2121,0.7417,24.2,342,4,1,male,tier_2_urban,street_food
APP_13552,33854.81,15507.9,0.5419,0.1777,0.6981,20.5,118,4,1,male,tier_2_urban,gig_delivery
APP_13553,12000.0,6712.56,0.4406,0.3821,0.5664,13.0,28,4,1,male,tier_1_metro,artisan_freelance
APP_13554,60196.56,45869.65,0.238,0.1503,0.0,16.5,354,2,1,male,tier_2_urban,grocery_kirana
APP_13555,35132.38,20229.32,0.4242,0.2629,0.0,2.5,39,3,0,male,tier_1_metro,artisan_freelance
APP_13556,28074.0,12886.52,0.541,0.2561,0.363,6.3,179,4,0,female,tier_2_urban,gig_delivery
APP_13557,50523.86,39260.19,0.2229,0.2001,0.6405,28.5,349,4,1,male,tier_3_rural,grocery_kirana
APP_13558,42092.44,27190.36,0.354,0.159,0.2894,4.4,351,4,0,male,tier_1_metro,street_food
APP_13559,40923.45,25335.39,0.3809,0.2054,0.3967,26.5,205,6,1,male,tier_1_metro,street_food
APP_13560,28562.88,13449.91,0.5291,0.1881,0.3192,7.7,238,12,1,female,tier_1_metro,street_food
APP_13561,19292.44,9592.77,0.5028,0.4552,0.398,19.9,32,4,0,male,tier_2_urban,artisan_freelance
APP_13562,37873.07,17792.48,0.5302,0.2603,0.6067,5.1,398,4,1,male,tier_2_urban,street_food
APP_13563,44346.38,33611.68,0.2421,0.1041,0.0,19.1,235,4,1,female,tier_1_metro,grocery_kirana
APP_13564,27514.88,15638.5,0.4316,0.4045,0.3232,45.5,74,2,0,male,tier_1_metro,artisan_freelance
APP_13565,61337.34,49295.8,0.1963,0.1793,0.6185,3.6,338,2,0,male,tier_2_urban,grocery_kirana
APP_13566,29358.31,18673.33,0.364,0.1523,0.0,32.2,242,9,1,male,tier_1_metro,street_food
APP_13567,50937.33,25552.07,0.4984,0.2755,0.6908,1.0,213,9,0,male,tier_3_rural,street_food
APP_13568,39096.87,17929.59,0.5414,0.2582,0.0,9.7,369,4,0,male,tier_1_metro,street_food
APP_13569,28669.34,14219.36,0.504,0.1755,0.0,1.6,138,9,1,female,tier_1_metro,gig_delivery
APP_13570,28855.0,11043.72,0.6173,0.3657,0.5238,19.7,38,2,1,female,tier_2_urban,artisan_freelance
APP_13571,39853.36,20229.29,0.4924,0.1546,0.6494,31.5,195,6,1,male,tier_2_urban,street_food
APP_13572,31153.97,14225.19,0.5434,0.1605,0.0,5.0,129,6,1,male,tier_1_metro,gig_delivery
APP_13573,67001.21,52495.5,0.2165,0.2047,0.0,33.7,352,3,1,female,tier_1_metro,grocery_kirana
APP_13574,33434.28,23933.22,0.2842,0.2152,0.0,33.1,180,9,1,male,tier_1_metro,grocery_kirana
APP_13575,51976.47,23668.36,0.5446,0.2442,0.5243,17.3,200,12,1,male,tier_3_rural,street_food
APP_13576,25896.21,12498.26,0.5174,0.3115,0.3984,4.9,191,4,1,female,tier_2_urban,gig_delivery
APP_13577,33878.03,17686.61,0.4779,0.1865,0.0,11.5,368,3,1,male,tier_1_metro,street_food
APP_13578,64599.59,52337.81,0.1898,0.1214,0.0,9.5,280,12,1,male,tier_2_urban,grocery_kirana
APP_13579,28688.17,13633.03,0.5248,0.2205,0.1603,15.5,108,3,1,male,tier_3_rural,gig_delivery
APP_13580,43847.48,20035.24,0.5431,0.2469,0.1464,1.2,249,6,0,female,tier_3_rural,street_food
APP_13581,36149.91,26986.46,0.2535,0.1092,0.2936,4.8,293,2,1,male,tier_3_rural,grocery_kirana
APP_13582,41821.46,13248.2,0.6832,0.5344,0.6022,1.0,25,3,0,male,tier_2_urban,artisan_freelance
APP_13583,17036.86,6862.24,0.5972,0.17,0.0,41.2,98,6,0,male,tier_2_urban,gig_delivery
APP_13584,36933.62,21878.4,0.4076,0.2202,0.0,30.0,205,6,1,male,tier_3_rural,street_food
APP_13585,28893.53,10154.19,0.6486,0.4456,0.1007,37.8,26,3,1,female,tier_3_rural,artisan_freelance
APP_13586,37978.7,19354.91,0.4904,0.2107,0.1625,1.1,218,6,0,male,tier_3_rural,street_food
APP_13587,48285.55,27934.65,0.4215,0.2313,0.0,46.2,205,9,0,male,tier_1_metro,street_food
APP_13588,54924.91,33661.04,0.3871,0.2312,0.0965,15.5,251,6,0,male,tier_2_urban,street_food
APP_13589,32528.3,14750.07,0.5465,0.1585,0.667,5.7,89,2,1,female,tier_1_metro,gig_delivery
APP_13590,31571.04,13318.89,0.5781,0.3162,0.6349,20.8,148,6,1,male,tier_3_rural,gig_delivery
APP_13591,26862.74,12135.17,0.5483,0.2868,0.5026,26.5,160,4,0,male,tier_1_metro,gig_delivery
APP_13592,45662.17,28925.57,0.3665,0.2216,0.0,3.6,426,2,1,female,tier_2_urban,street_food
APP_13593,41483.52,22868.05,0.4487,0.2614,0.0,3.9,332,12,1,female,tier_1_metro,street_food
APP_13594,35202.28,12016.14,0.6587,0.2547,0.0,6.4,30,6,1,male,tier_1_metro,artisan_freelance
APP_13595,31233.95,12224.17,0.6086,0.4638,0.0,13.3,67,9,1,male,tier_2_urban,artisan_freelance
APP_13596,39216.5,19350.17,0.5066,0.1787,0.1692,11.3,239,12,1,male,tier_1_metro,street_food
APP_13597,35878.88,17261.22,0.5189,0.3892,0.4278,26.3,64,4,1,male,tier_3_rural,artisan_freelance
APP_13598,22323.44,7563.19,0.6612,0.2569,0.0,33.0,50,2,1,male,tier_1_metro,artisan_freelance
APP_13599,28967.39,12648.49,0.5634,0.3809,0.0971,34.0,24,3,1,male,tier_1_metro,artisan_freelance
APP_13600,54964.83,43268.05,0.2128,0.1071,0.0,2.2,397,4,0,male,tier_1_metro,grocery_kirana
APP_13601,36771.24,12961.53,0.6475,0.4708,0.323,1.0,36,9,0,female,tier_2_urban,artisan_freelance
APP_13602,19296.29,8451.66,0.562,0.2956,0.7101,1.6,199,12,1,female,tier_1_metro,gig_delivery
APP_13603,53738.99,38069.02,0.2916,0.2134,0.0,10.5,208,4,1,female,tier_1_metro,grocery_kirana
APP_13604,41294.07,16895.74,0.5908,0.411,0.6377,21.4,44,9,1,female,tier_3_rural,artisan_freelance
APP_13605,32698.34,13036.88,0.6013,0.4294,0.7202,13.0,42,2,0,male,tier_3_rural,artisan_freelance
APP_13606,35861.84,20249.49,0.4353,0.1862,0.0,6.4,435,4,0,male,tier_2_urban,street_food
APP_13607,48095.99,34357.52,0.2856,0.1415,0.3743,13.4,207,4,0,male,tier_2_urban,grocery_kirana
APP_13608,52381.63,38163.8,0.2714,0.106,0.5732,10.7,395,6,1,female,tier_1_metro,grocery_kirana
APP_13609,44890.99,20287.8,0.5481,0.2381,0.6924,25.4,402,9,1,male,tier_3_rural,street_food
APP_13610,35187.76,20708.85,0.4115,0.2438,0.0,25.4,235,6,1,female,tier_2_urban,street_food
APP_13611,45874.63,27109.99,0.409,0.1656,0.0,38.9,445,4,1,male,tier_3_rural,street_food
APP_13612,61099.32,48025.65,0.214,0.1536,0.0,1.8,392,4,0,male,tier_2_urban,grocery_kirana
APP_13613,71125.86,58288.92,0.1805,0.2084,0.0,6.7,177,2,1,female,tier_2_urban,grocery_kirana
APP_13614,48829.49,37031.38,0.2416,0.1662,0.4796,27.7,274,6,0,female,tier_1_metro,grocery_kirana
APP_13615,45999.93,25204.03,0.4521,0.181,0.0,25.6,369,9,1,male,tier_2_urban,street_food
APP_13616,55812.76,38521.04,0.3098,0.0891,0.7456,12.4,279,4,0,female,tier_3_rural,grocery_kirana
APP_13617,43128.84,21611.7,0.4989,0.4097,0.3918,5.6,88,12,0,male,tier_3_rural,artisan_freelance
APP_13618,33037.13,13577.55,0.589,0.3195,0.0,2.1,153,4,1,male,tier_3_rural,gig_delivery
APP_13619,50721.49,35514.45,0.2998,0.0953,0.5067,25.9,362,4,1,male,tier_1_metro,grocery_kirana
APP_13620,58080.97,45781.82,0.2118,0.1107,0.1644,19.4,213,4,1,female,tier_1_metro,grocery_kirana
APP_13621,63917.6,51124.87,0.2001,0.0939,0.0,25.2,265,3,1,female,tier_2_urban,grocery_kirana
APP_13622,62856.26,46980.29,0.2526,0.2076,0.2662,15.4,268,4,1,male,tier_2_urban,grocery_kirana
APP_13623,37652.0,12277.93,0.6739,0.3811,0.7292,27.0,34,3,0,male,tier_2_urban,artisan_freelance
APP_13624,41746.09,24545.09,0.412,0.4329,0.4005,9.2,40,3,0,male,tier_1_metro,artisan_freelance
APP_13625,39388.8,26837.01,0.3187,0.1426,0.239,25.1,294,4,0,male,tier_2_urban,grocery_kirana
APP_13626,41213.92,32185.97,0.2191,0.2129,0.0,6.2,264,4,1,female,tier_1_metro,grocery_kirana
APP_13627,31448.38,14850.1,0.5278,0.2404,0.5096,58.7,436,3,0,male,tier_1_metro,street_food
APP_13628,38142.84,21877.06,0.4264,0.2638,0.6108,3.0,198,4,0,female,tier_1_metro,street_food
APP_13629,39376.57,16613.52,0.5781,0.2105,0.0,12.7,189,3,1,female,tier_2_urban,gig_delivery
APP_13630,18754.27,7588.91,0.5954,0.4796,0.0,8.9,64,3,0,female,tier_1_metro,artisan_freelance
APP_13631,29565.74,14774.75,0.5003,0.2079,0.3817,1.0,82,6,1,male,tier_2_urban,gig_delivery
APP_13632,41796.83,18965.36,0.5462,0.1651,0.0,1.0,284,4,1,male,tier_2_urban,street_food
APP_13633,32517.18,10990.73,0.662,0.4206,0.0,2.2,20,9,0,male,tier_1_metro,artisan_freelance
APP_13634,26756.62,15978.97,0.4028,0.2599,0.7088,12.9,270,4,1,male,tier_2_urban,street_food
APP_13635,61274.68,46803.08,0.2362,0.1067,0.496,5.1,189,3,0,male,tier_1_metro,grocery_kirana
APP_13636,59549.48,41028.77,0.311,0.1517,0.6613,1.9,185,12,1,male,tier_2_urban,grocery_kirana
APP_13637,33738.39,19602.41,0.419,0.2277,0.0,8.1,365,4,1,female,tier_1_metro,street_food
APP_13638,48850.64,20785.6,0.5745,0.5069,0.0,11.7,25,12,0,male,tier_1_metro,artisan_freelance
APP_13639,30760.89,23929.69,0.2221,0.1213,0.4697,1.0,201,9,1,male,tier_2_urban,grocery_kirana
APP_13640,24272.69,9831.9,0.5949,0.5041,0.7487,5.9,22,6,0,male,tier_1_metro,artisan_freelance
APP_13641,33483.87,21611.78,0.3546,0.1636,0.0,3.6,391,3,0,male,tier_2_urban,street_food
APP_13642,53992.72,38459.92,0.2877,0.148,0.0,6.0,154,6,1,male,tier_1_metro,grocery_kirana
APP_13643,53491.3,36790.48,0.3122,0.1793,0.0,3.1,381,4,1,male,tier_3_rural,grocery_kirana
APP_13644,22104.27,9853.75,0.5542,0.2621,0.6185,3.5,102,4,1,female,tier_2_urban,gig_delivery
APP_13645,39183.35,19798.88,0.4947,0.2173,0.4717,21.9,203,9,1,male,tier_3_rural,street_food
APP_13646,35147.88,19584.87,0.4428,0.1878,0.0,7.3,197,2,1,male,tier_3_rural,street_food
APP_13647,22307.79,8448.85,0.6213,0.2512,0.5276,20.5,185,3,0,female,tier_3_rural,gig_delivery
APP_13648,16143.51,6537.65,0.595,0.2951,0.7302,1.0,129,6,0,male,tier_2_urban,gig_delivery
APP_13649,45019.19,14677.46,0.674,0.3725,0.1323,13.2,22,9,1,female,tier_1_metro,artisan_freelance
APP_13650,16526.64,5781.47,0.6502,0.2997,0.0,9.9,55,2,1,female,tier_2_urban,artisan_freelance
APP_13651,64992.99,50352.45,0.2253,0.1087,0.0,15.5,207,2,0,female,tier_2_urban,grocery_kirana
APP_13652,30384.19,14776.75,0.5137,0.175,0.0,20.8,154,9,1,male,tier_2_urban,gig_delivery
APP_13653,21594.45,10555.67,0.5112,0.2916,0.2874,14.7,178,4,1,female,tier_2_urban,gig_delivery
APP_13654,46501.05,24433.34,0.4746,0.1435,0.5381,29.9,449,4,1,male,tier_1_metro,street_food
APP_13655,46943.37,18912.44,0.5971,0.3387,0.3935,1.0,72,4,1,male,tier_1_metro,artisan_freelance
APP_13656,36927.15,16808.76,0.5448,0.2907,0.4025,26.0,52,12,1,male,tier_1_metro,artisan_freelance
APP_13657,25479.67,9191.98,0.6392,0.1904,0.7236,8.1,83,6,0,male,tier_1_metro,gig_delivery
APP_13658,59351.54,43630.01,0.2649,0.1081,0.2266,5.3,223,6,0,male,tier_1_metro,grocery_kirana
APP_13659,44934.27,16345.43,0.6362,0.3853,0.0,6.7,51,2,1,female,tier_3_rural,artisan_freelance
APP_13660,50987.82,41022.75,0.1954,0.1892,0.1507,3.7,209,3,0,female,tier_2_urban,grocery_kirana
APP_13661,29769.39,9173.1,0.6919,0.2753,0.1233,1.0,42,12,1,male,tier_3_rural,artisan_freelance
APP_13662,43116.47,26893.55,0.3763,0.2259,0.0,32.2,188,2,0,male,tier_1_metro,street_food
APP_13663,30275.02,11979.48,0.6043,0.3117,0.6426,1.0,176,12,0,male,tier_3_rural,gig_delivery
APP_13664,16350.74,8297.86,0.4925,0.2233,0.5592,29.7,205,2,1,male,tier_1_metro,street_food
APP_13665,26851.34,14060.08,0.4764,0.2587,0.736,15.0,28,4,1,female,tier_2_urban,artisan_freelance
APP_13666,26341.81,15475.39,0.4125,0.2658,0.4026,9.6,294,3,1,male,tier_3_rural,street_food
APP_13667,35629.99,16264.02,0.5435,0.2809,0.7372,10.5,126,9,0,male,tier_2_urban,gig_delivery
APP_13668,29805.56,11927.32,0.5998,0.5238,0.325,4.8,49,6,0,male,tier_1_metro,artisan_freelance
APP_13669,57553.88,46167.47,0.1978,0.1214,0.2032,17.3,327,4,0,male,tier_2_urban,grocery_kirana
APP_13670,31442.56,16486.06,0.4757,0.2332,0.5066,14.3,216,3,0,male,tier_3_rural,street_food
APP_13671,12000.0,6974.38,0.4188,0.5394,0.4521,12.5,59,4,0,male,tier_1_metro,artisan_freelance
APP_13672,38850.69,22910.82,0.4103,0.5219,0.0,16.1,27,4,0,female,tier_2_urban,artisan_freelance
APP_13673,62891.63,47997.68,0.2368,0.1726,0.0,11.6,161,4,0,male,tier_3_rural,grocery_kirana
APP_13674,34060.48,14966.77,0.5606,0.2662,0.0,60.0,157,12,1,male,tier_3_rural,gig_delivery
APP_13675,24654.65,9684.41,0.6072,0.2125,0.1979,10.9,174,4,1,female,tier_3_rural,gig_delivery
APP_13676,36796.09,15730.83,0.5725,0.4542,0.3385,2.1,78,9,1,male,tier_3_rural,artisan_freelance
APP_13677,33384.75,13880.3,0.5842,0.1595,0.4936,1.0,92,9,0,male,tier_2_urban,gig_delivery
APP_13678,38159.55,15919.31,0.5828,0.4849,0.0,8.2,41,9,1,female,tier_2_urban,artisan_freelance
APP_13679,33339.4,15404.98,0.5379,0.544,0.5614,3.6,33,3,1,male,tier_3_rural,artisan_freelance
APP_13680,21278.73,9196.11,0.5678,0.3005,0.1276,20.2,89,6,1,male,tier_1_metro,gig_delivery
APP_13681,25212.96,14595.8,0.4211,0.395,0.3438,10.7,28,2,0,female,tier_1_metro,artisan_freelance
APP_13682,26850.15,10680.09,0.6022,0.1646,0.7289,16.2,172,4,1,male,tier_1_metro,gig_delivery
APP_13683,68697.08,47508.37,0.3084,0.1372,0.0,49.4,325,4,1,male,tier_1_metro,grocery_kirana
APP_13684,34421.1,15737.13,0.5428,0.2303,0.5761,1.0,395,2,0,male,tier_1_metro,street_food
APP_13685,44816.12,27820.46,0.3792,0.2527,0.6196,22.4,257,3,1,male,tier_2_urban,street_food
APP_13686,37564.38,13044.33,0.6527,0.5226,0.0,11.9,84,9,1,male,tier_1_metro,artisan_freelance
APP_13687,36540.64,21402.22,0.4143,0.1611,0.4353,8.9,210,9,1,male,tier_3_rural,street_food
APP_13688,42270.04,17703.6,0.5812,0.4581,0.0,37.9,45,4,1,male,tier_1_metro,artisan_freelance
APP_13689,26981.26,13167.09,0.512,0.2145,0.0,41.7,114,4,1,male,tier_2_urban,gig_delivery
APP_13690,44998.97,23844.54,0.4701,0.1415,0.0,49.7,367,12,1,male,tier_1_metro,street_food
APP_13691,36687.75,18147.91,0.5053,0.5103,0.1168,1.0,46,12,0,female,tier_1_metro,artisan_freelance
APP_13692,49658.08,31468.22,0.3663,0.1265,0.409,1.0,434,2,0,female,tier_1_metro,street_food
APP_13693,34281.6,17513.59,0.4891,0.2192,0.287,23.5,353,4,1,male,tier_2_urban,street_food
APP_13694,39250.16,18136.79,0.5379,0.2558,0.2043,9.3,80,3,0,male,tier_2_urban,artisan_freelance
APP_13695,38760.12,20364.0,0.4746,0.3004,0.0,1.8,47,4,0,female,tier_1_metro,artisan_freelance
APP_13696,25651.6,10792.39,0.5793,0.3158,0.6559,8.6,168,2,0,male,tier_2_urban,gig_delivery
APP_13697,25454.83,10345.58,0.5936,0.2141,0.0,23.7,107,4,1,male,tier_2_urban,gig_delivery
APP_13698,21539.16,8847.97,0.5892,0.4289,0.3293,6.4,20,6,1,male,tier_1_metro,artisan_freelance
APP_13699,41738.31,26087.25,0.375,0.1848,0.7123,3.9,250,12,0,male,tier_2_urban,street_food
APP_13700,42887.55,31161.2,0.2734,0.2139,0.2638,10.4,250,3,1,male,tier_3_rural,grocery_kirana
APP_13701,57267.52,25615.68,0.5527,0.3449,0.7257,2.5,84,12,1,male,tier_1_metro,artisan_freelance
APP_13702,68524.54,49106.5,0.2834,0.2182,0.414,32.2,192,2,0,female,tier_3_rural,grocery_kirana
APP_13703,30842.43,19710.9,0.3609,0.2106,0.6286,55.4,433,4,0,female,tier_2_urban,street_food
APP_13704,45088.22,26339.6,0.4158,0.1851,0.4123,2.0,241,12,1,male,tier_3_rural,street_food
APP_13705,28471.03,12375.5,0.5653,0.3142,0.2221,10.6,110,2,1,male,tier_1_metro,gig_delivery
APP_13706,27591.09,12738.54,0.5383,0.2241,0.0,42.9,148,6,1,male,tier_2_urban,gig_delivery
APP_13707,45334.15,26640.42,0.4124,0.1695,0.4012,1.0,330,4,0,male,tier_3_rural,street_food
APP_13708,65769.79,53888.67,0.1806,0.1646,0.0,19.5,299,4,0,male,tier_1_metro,grocery_kirana
APP_13709,17729.76,9403.95,0.4696,0.5454,0.0,20.6,79,2,1,female,tier_3_rural,artisan_freelance
APP_13710,18586.79,6679.96,0.6406,0.1522,0.2889,10.7,191,3,1,male,tier_2_urban,gig_delivery
APP_13711,29030.75,12544.67,0.5679,0.1562,0.7473,5.4,118,12,1,male,tier_3_rural,gig_delivery
APP_13712,31759.68,11697.33,0.6317,0.3032,0.0,5.2,104,3,1,male,tier_1_metro,gig_delivery
APP_13713,48400.06,29656.97,0.3873,0.1845,0.6911,31.6,256,2,1,female,tier_1_metro,street_food
APP_13714,14408.78,5435.13,0.6228,0.4017,0.0,5.6,55,9,1,female,tier_1_metro,artisan_freelance
APP_13715,61088.52,47048.45,0.2298,0.0859,0.7301,12.4,377,12,1,male,tier_1_metro,grocery_kirana
APP_13716,32086.91,17842.57,0.4439,0.2403,0.0,1.8,182,2,1,female,tier_3_rural,street_food
APP_13717,29800.3,9026.3,0.6971,0.4977,0.6594,2.1,31,6,1,female,tier_1_metro,artisan_freelance
APP_13718,30832.42,14845.03,0.5185,0.2789,0.2856,1.0,356,3,0,male,tier_2_urban,street_food
APP_13719,58252.41,46771.77,0.1971,0.1622,0.0,31.4,313,4,1,male,tier_2_urban,grocery_kirana
APP_13720,44435.29,27699.02,0.3766,0.2003,0.0,3.5,278,2,1,male,tier_1_metro,street_food
APP_13721,46673.72,22204.67,0.5243,0.1285,0.5495,12.5,364,3,1,female,tier_3_rural,street_food
APP_13722,37278.73,16886.12,0.547,0.283,0.2119,16.2,41,9,0,male,tier_2_urban,artisan_freelance
APP_13723,43544.86,32033.06,0.2644,0.1535,0.3332,2.0,293,4,1,male,tier_1_metro,grocery_kirana
APP_13724,45120.91,28193.18,0.3752,0.1991,0.0,9.1,261,3,1,male,tier_2_urban,street_food
APP_13725,62066.91,43815.63,0.2941,0.1431,0.3193,1.0,217,12,1,female,tier_1_metro,grocery_kirana
APP_13726,37652.63,26304.92,0.3014,0.1844,0.3909,5.0,233,4,0,female,tier_3_rural,grocery_kirana
APP_13727,30965.71,17230.36,0.4436,0.1535,0.1436,1.0,253,4,1,female,tier_1_metro,street_food
APP_13728,25405.14,9590.61,0.6225,0.2291,0.3488,47.6,101,6,1,female,tier_3_rural,gig_delivery
APP_13729,24545.53,11235.04,0.5423,0.2501,0.0,1.7,130,9,0,female,tier_2_urban,gig_delivery
APP_13730,38801.34,22568.85,0.4183,0.1727,0.3602,7.3,228,3,1,female,tier_2_urban,street_food
APP_13731,24859.47,11182.44,0.5502,0.2085,0.7054,10.7,197,4,1,male,tier_1_metro,gig_delivery
APP_13732,41463.57,28702.12,0.3078,0.1716,0.6607,43.2,327,4,0,female,tier_1_metro,grocery_kirana
APP_13733,61979.46,42662.06,0.3117,0.1936,0.5938,2.2,308,4,0,male,tier_1_metro,grocery_kirana
APP_13734,22718.29,8972.77,0.605,0.3186,0.2911,6.7,61,6,1,male,tier_1_metro,artisan_freelance
APP_13735,49427.59,22013.73,0.5546,0.3898,0.6189,36.9,52,4,1,female,tier_1_metro,artisan_freelance
APP_13736,47419.24,21803.35,0.5402,0.2234,0.2874,2.7,213,4,0,female,tier_1_metro,street_food
APP_13737,23287.28,11330.74,0.5134,0.2997,0.2911,3.9,96,6,0,male,tier_2_urban,gig_delivery
APP_13738,38520.01,20535.18,0.4669,0.3348,0.6087,12.7,23,6,1,female,tier_1_metro,artisan_freelance
APP_13739,67840.24,55499.69,0.1819,0.1255,0.1403,6.4,399,3,1,male,tier_1_metro,grocery_kirana
APP_13740,42602.67,20139.72,0.5273,0.3188,0.2725,20.1,33,6,0,male,tier_1_metro,artisan_freelance
APP_13741,41554.96,31158.14,0.2502,0.2035,0.2638,45.9,207,2,1,male,tier_2_urban,grocery_kirana
APP_13742,21125.45,10515.26,0.5022,0.162,0.2042,35.0,139,12,1,male,tier_3_rural,gig_delivery
APP_13743,34210.82,20557.16,0.3991,0.1591,0.4656,1.6,287,6,1,female,tier_1_metro,street_food
APP_13744,27101.36,10174.62,0.6246,0.1751,0.2125,2.0,168,3,0,female,tier_3_rural,gig_delivery
APP_13745,36613.34,28520.21,0.221,0.1905,0.0,21.5,355,4,0,male,tier_1_metro,grocery_kirana
APP_13746,23647.62,13393.23,0.4336,0.4629,0.0,9.9,62,6,0,female,tier_1_metro,artisan_freelance
APP_13747,36614.97,17731.51,0.5157,0.1558,0.4166,13.4,192,6,1,male,tier_3_rural,gig_delivery
APP_13748,68397.17,50741.45,0.2581,0.1113,0.0,1.5,155,6,1,female,tier_1_metro,grocery_kirana
APP_13749,66564.85,50262.84,0.2449,0.1707,0.2443,35.7,220,4,1,male,tier_1_metro,grocery_kirana
APP_13750,36192.1,23247.58,0.3577,0.1278,0.0,40.5,299,9,1,male,tier_2_urban,street_food
APP_13751,41231.78,13433.34,0.6742,0.4493,0.0,24.5,85,4,1,male,tier_1_metro,artisan_freelance
APP_13752,28723.71,13681.77,0.5237,0.1543,0.3394,14.3,134,6,1,female,tier_2_urban,gig_delivery
APP_13753,40811.19,19872.3,0.5131,0.2404,0.1013,20.6,376,4,1,female,tier_1_metro,street_food
APP_13754,26001.91,19163.39,0.263,0.1522,0.0,3.4,333,12,1,male,tier_2_urban,grocery_kirana
APP_13755,35795.04,18374.44,0.4867,0.5426,0.5303,1.0,60,3,0,female,tier_2_urban,artisan_freelance
APP_13756,34514.91,18026.02,0.4777,0.4473,0.0,40.5,84,2,1,male,tier_2_urban,artisan_freelance
APP_13757,47200.95,36612.97,0.2243,0.1267,0.0,1.3,185,4,0,female,tier_2_urban,grocery_kirana
APP_13758,31169.72,10274.89,0.6704,0.5414,0.67,17.6,65,9,0,male,tier_2_urban,artisan_freelance
APP_13759,40978.51,22678.53,0.4466,0.2203,0.0,1.4,255,3,1,female,tier_2_urban,street_food
APP_13760,21172.37,8109.67,0.617,0.4189,0.6332,7.6,88,4,0,male,tier_1_metro,artisan_freelance
APP_13761,25786.47,12636.95,0.5099,0.2035,0.0,20.5,120,6,1,male,tier_2_urban,gig_delivery
APP_13762,33869.27,13521.99,0.6008,0.3979,0.0,14.6,33,4,1,male,tier_1_metro,artisan_freelance
APP_13763,44819.78,19865.43,0.5568,0.4064,0.4509,5.9,36,4,0,male,tier_1_metro,artisan_freelance
APP_13764,46579.4,26779.66,0.4251,0.2336,0.487,3.3,279,12,0,male,tier_1_metro,street_food
APP_13765,28384.29,10353.24,0.6352,0.162,0.3747,41.1,98,4,1,male,tier_1_metro,gig_delivery
APP_13766,29073.5,12796.73,0.5598,0.2903,0.6144,2.4,93,6,0,female,tier_1_metro,gig_delivery
APP_13767,21909.64,9994.32,0.5438,0.3945,0.387,16.2,64,12,1,male,tier_1_metro,artisan_freelance
APP_13768,48192.48,26272.54,0.4548,0.1556,0.0,23.9,364,4,1,male,tier_2_urban,street_food
APP_13769,43599.5,33333.99,0.2355,0.1624,0.0,1.9,256,6,1,male,tier_2_urban,grocery_kirana
APP_13770,40930.94,12501.55,0.6946,0.4891,0.1976,4.4,55,4,0,male,tier_1_metro,artisan_freelance
APP_13771,21262.06,10021.71,0.5287,0.2364,0.0,60.0,84,3,1,male,tier_1_metro,gig_delivery
APP_13772,38168.81,14068.04,0.6314,0.1502,0.0,60.0,190,4,1,male,tier_2_urban,gig_delivery
APP_13773,25437.77,9401.06,0.6304,0.2792,0.6188,27.3,116,9,1,female,tier_2_urban,gig_delivery
APP_13774,34948.23,14472.23,0.5859,0.5109,0.0,45.1,27,6,1,male,tier_2_urban,artisan_freelance
APP_13775,22805.45,9905.42,0.5657,0.5039,0.6782,4.3,42,4,0,male,tier_2_urban,artisan_freelance
APP_13776,45907.73,31425.82,0.3155,0.1188,0.3779,13.2,224,6,0,male,tier_3_rural,grocery_kirana
APP_13777,35074.29,16838.14,0.5199,0.193,0.394,2.1,119,4,1,male,tier_1_metro,gig_delivery
APP_13778,43470.7,17854.36,0.5893,0.2791,0.0,1.0,36,3,1,male,tier_1_metro,artisan_freelance
APP_13779,63171.97,47938.48,0.2411,0.2078,0.2614,39.2,250,6,0,male,tier_1_metro,grocery_kirana
APP_13780,37309.09,26223.46,0.2971,0.1029,0.1923,28.6,166,12,1,female,tier_1_metro,grocery_kirana
APP_13781,43091.16,23993.74,0.4432,0.2266,0.2366,12.1,288,4,0,male,tier_3_rural,street_food
APP_13782,28400.61,10981.12,0.6133,0.2527,0.2106,9.1,198,3,1,female,tier_1_metro,gig_delivery
APP_13783,28095.36,11480.83,0.5914,0.456,0.0,31.9,82,3,1,male,tier_3_rural,artisan_freelance
APP_13784,55456.22,25379.52,0.5424,0.1922,0.1169,12.3,367,4,0,female,tier_2_urban,street_food
APP_13785,32178.44,19366.84,0.3981,0.2379,0.2127,1.0,289,6,1,male,tier_2_urban,street_food
APP_13786,23908.02,11930.88,0.501,0.1756,0.0,4.7,179,12,1,male,tier_2_urban,gig_delivery
APP_13787,34068.83,14127.06,0.5853,0.2913,0.1648,22.4,66,2,1,male,tier_1_metro,artisan_freelance
APP_13788,22167.93,12911.77,0.4175,0.3959,0.3482,5.8,46,12,0,female,tier_1_metro,artisan_freelance
APP_13789,46916.95,23050.71,0.5087,0.1539,0.3921,46.9,248,9,1,male,tier_1_metro,street_food
APP_13790,31122.2,18180.08,0.4158,0.1968,0.5922,50.1,322,9,0,male,tier_1_metro,street_food
APP_13791,28198.1,14858.9,0.4731,0.1463,0.6248,31.5,313,3,1,male,tier_1_metro,street_food
APP_13792,25083.06,10628.3,0.5763,0.2265,0.0,20.8,119,2,1,female,tier_3_rural,gig_delivery
APP_13793,49917.4,34123.03,0.3164,0.118,0.366,13.9,396,4,1,female,tier_1_metro,grocery_kirana
APP_13794,48418.38,24973.29,0.4842,0.1227,0.3479,60.0,388,4,1,female,tier_1_metro,street_food
APP_13795,28957.02,17081.94,0.4101,0.2696,0.3374,3.4,74,4,0,female,tier_2_urban,artisan_freelance
APP_13796,48366.51,27729.14,0.4267,0.1429,0.0,3.4,407,6,1,male,tier_2_urban,street_food
APP_13797,17932.01,6636.35,0.6299,0.2496,0.0,3.0,184,12,0,female,tier_1_metro,gig_delivery
APP_13798,27778.11,13232.04,0.5237,0.5296,0.3096,28.3,71,12,0,female,tier_2_urban,artisan_freelance
APP_13799,43446.69,32552.72,0.2507,0.204,0.0,2.3,201,4,0,male,tier_1_metro,grocery_kirana
APP_13800,42836.83,34161.23,0.2025,0.1511,0.6321,56.4,248,4,1,male,tier_3_rural,grocery_kirana
APP_13801,41797.31,29229.61,0.3007,0.1881,0.2971,51.0,397,4,1,male,tier_1_metro,grocery_kirana
APP_13802,43069.0,20054.66,0.5344,0.1459,0.1036,19.8,252,4,1,male,tier_3_rural,street_food
APP_13803,72559.44,52157.82,0.2812,0.0922,0.1736,3.9,295,3,0,male,tier_3_rural,grocery_kirana
APP_13804,29714.62,13675.12,0.5398,0.3011,0.5426,16.8,70,6,1,male,tier_2_urban,artisan_freelance
APP_13805,43455.75,31242.6,0.281,0.1042,0.0,1.4,181,6,1,female,tier_2_urban,grocery_kirana
APP_13806,18427.67,8178.29,0.5562,0.3087,0.1765,1.6,93,3,1,female,tier_2_urban,gig_delivery
APP_13807,27894.04,11091.02,0.6024,0.3173,0.594,8.5,138,2,0,female,tier_2_urban,gig_delivery
APP_13808,19615.51,9063.58,0.5379,0.2878,0.0,4.0,196,2,1,female,tier_2_urban,gig_delivery
APP_13809,38099.49,13598.66,0.6431,0.2266,0.3717,1.6,157,4,0,male,tier_1_metro,gig_delivery
APP_13810,45038.03,36335.43,0.1932,0.1837,0.0,30.0,380,6,1,male,tier_1_metro,grocery_kirana
APP_13811,53728.27,26113.61,0.514,0.1946,0.0,1.0,208,6,1,female,tier_3_rural,street_food
APP_13812,44968.72,31615.95,0.2969,0.1347,0.4729,8.7,381,4,1,male,tier_3_rural,grocery_kirana
APP_13813,18949.15,7017.32,0.6297,0.3075,0.4032,39.6,188,2,1,female,tier_1_metro,gig_delivery
APP_13814,27359.49,15074.69,0.449,0.4867,0.0,12.0,41,4,1,female,tier_3_rural,artisan_freelance
APP_13815,34237.22,18181.88,0.4689,0.2024,0.0,60.0,234,9,1,male,tier_3_rural,street_food
APP_13816,37332.15,13536.31,0.6374,0.2935,0.5099,37.6,30,4,1,male,tier_2_urban,artisan_freelance
APP_13817,25058.94,8443.31,0.6631,0.3683,0.5609,1.3,30,3,1,male,tier_1_metro,artisan_freelance
APP_13818,30704.83,16697.42,0.4562,0.4401,0.7038,14.8,40,9,0,male,tier_1_metro,artisan_freelance
APP_13819,43079.74,21371.32,0.5039,0.2433,0.0837,3.3,169,4,0,male,tier_2_urban,gig_delivery
APP_13820,25248.44,9758.1,0.6135,0.4319,0.2144,21.8,48,2,1,female,tier_3_rural,artisan_freelance
APP_13821,22600.16,8667.71,0.6165,0.2825,0.0,7.0,199,4,1,male,tier_1_metro,gig_delivery
APP_13822,52039.15,35701.59,0.3139,0.1235,0.0,5.7,336,9,1,male,tier_1_metro,grocery_kirana
APP_13823,34712.52,18495.63,0.4672,0.2032,0.0,9.8,328,2,1,male,tier_1_metro,street_food
APP_13824,60655.83,42958.65,0.2918,0.0942,0.477,1.6,160,9,1,female,tier_1_metro,grocery_kirana
APP_13825,41714.2,20228.56,0.5151,0.127,0.0,1.0,343,12,1,female,tier_2_urban,street_food
APP_13826,46056.25,17873.36,0.6119,0.4887,0.6413,2.6,65,6,0,male,tier_2_urban,artisan_freelance
APP_13827,31392.74,11682.05,0.6279,0.3535,0.1096,5.9,23,3,1,male,tier_2_urban,artisan_freelance
APP_13828,55890.65,42218.37,0.2446,0.1721,0.0,48.6,397,3,1,male,tier_2_urban,grocery_kirana
APP_13829,36199.05,11911.59,0.6709,0.4036,0.3379,7.3,80,4,0,male,tier_2_urban,artisan_freelance
APP_13830,24610.23,9876.22,0.5987,0.4003,0.3548,11.1,52,6,0,female,tier_1_metro,artisan_freelance
APP_13831,46057.39,36743.9,0.2022,0.1196,0.0,10.7,260,9,0,female,tier_1_metro,grocery_kirana
APP_13832,29483.69,12299.77,0.5828,0.2496,0.0,32.6,132,4,1,male,tier_1_metro,gig_delivery
APP_13833,20419.98,8036.24,0.6065,0.2685,0.0,25.5,67,6,1,male,tier_2_urban,artisan_freelance
APP_13834,27197.46,13971.63,0.4863,0.27,0.2825,12.9,340,9,1,female,tier_2_urban,street_food
APP_13835,34532.59,14866.0,0.5695,0.2948,0.5686,7.3,24,4,0,male,tier_1_metro,artisan_freelance
APP_13836,12789.87,6354.07,0.5032,0.3371,0.3565,30.6,61,9,1,female,tier_3_rural,artisan_freelance
APP_13837,30279.6,12095.96,0.6005,0.3197,0.3314,1.3,136,6,1,female,tier_2_urban,gig_delivery
APP_13838,34602.18,19607.07,0.4334,0.258,0.1522,11.4,262,3,0,female,tier_1_metro,street_food
APP_13839,23680.72,9570.15,0.5959,0.1859,0.6276,4.3,94,3,1,male,tier_1_metro,gig_delivery
APP_13840,34490.45,14682.75,0.5743,0.5083,0.2369,6.9,48,2,0,male,tier_3_rural,artisan_freelance
APP_13841,50741.18,35608.13,0.2982,0.0806,0.308,9.0,194,4,1,male,tier_2_urban,grocery_kirana
APP_13842,30587.69,17346.78,0.4329,0.5366,0.0,25.0,26,3,0,female,tier_1_metro,artisan_freelance
APP_13843,31417.18,19462.51,0.3805,0.2209,0.0,5.1,256,12,1,male,tier_1_metro,street_food
APP_13844,46274.42,21008.39,0.546,0.1594,0.6495,10.5,238,4,1,male,tier_1_metro,street_food
APP_13845,26055.05,11889.14,0.5437,0.3153,0.0,45.3,194,9,1,female,tier_1_metro,gig_delivery
APP_13846,42048.52,31111.96,0.2601,0.1924,0.3429,1.0,390,12,0,male,tier_1_metro,grocery_kirana
APP_13847,23026.02,10265.94,0.5542,0.1533,0.6466,3.3,115,6,1,male,tier_2_urban,gig_delivery
APP_13848,23732.39,11072.54,0.5334,0.2222,0.4232,13.1,164,9,1,male,tier_3_rural,gig_delivery
APP_13849,29240.52,13917.59,0.524,0.2824,0.0,3.0,190,3,0,male,tier_1_metro,gig_delivery
APP_13850,58221.56,40815.71,0.299,0.2014,0.0,5.5,293,2,1,male,tier_1_metro,grocery_kirana
APP_13851,31990.44,14711.3,0.5401,0.2426,0.0,7.5,187,4,1,male,tier_1_metro,gig_delivery
APP_13852,28377.16,10371.17,0.6345,0.2848,0.4777,5.0,197,9,1,male,tier_2_urban,gig_delivery
APP_13853,20991.34,7647.12,0.6357,0.1654,0.2381,3.7,158,4,1,female,tier_3_rural,gig_delivery
APP_13854,40159.62,21790.54,0.4574,0.327,0.0,16.0,34,9,1,male,tier_3_rural,artisan_freelance
APP_13855,15484.69,7667.32,0.5048,0.1727,0.6239,9.9,128,4,0,male,tier_1_metro,gig_delivery
APP_13856,30220.24,12854.39,0.5746,0.2945,0.0,34.1,185,2,1,female,tier_3_rural,gig_delivery
APP_13857,28574.77,16988.73,0.4055,0.36,0.2492,7.8,31,3,0,male,tier_2_urban,artisan_freelance
APP_13858,40370.36,21784.95,0.4604,0.2011,0.0,27.7,398,6,1,female,tier_3_rural,street_food
APP_13859,32947.38,19322.73,0.4135,0.422,0.2471,8.3,71,3,0,male,tier_2_urban,artisan_freelance
APP_13860,61770.4,42550.66,0.3111,0.1665,0.4333,11.9,298,6,0,male,tier_1_metro,grocery_kirana
APP_13861,40490.33,18596.61,0.5407,0.2377,0.6512,19.7,425,3,1,female,tier_1_metro,street_food
APP_13862,47339.42,28565.98,0.3966,0.1885,0.0,1.0,209,3,0,male,tier_2_urban,street_food
APP_13863,44153.72,33644.93,0.238,0.1174,0.0,2.0,397,12,1,female,tier_1_metro,grocery_kirana
APP_13864,48715.77,33912.95,0.3039,0.1768,0.2509,6.4,312,6,0,female,tier_1_metro,grocery_kirana
APP_13865,63780.07,45496.15,0.2867,0.1069,0.4095,2.6,280,9,0,female,tier_1_metro,grocery_kirana
APP_13866,70720.67,53216.21,0.2475,0.1078,0.6923,1.8,236,12,0,female,tier_2_urban,grocery_kirana
APP_13867,18662.16,6915.24,0.6295,0.1554,0.0,2.2,160,6,1,female,tier_3_rural,gig_delivery
APP_13868,44464.85,27052.38,0.3916,0.2229,0.6526,22.4,266,2,1,female,tier_2_urban,street_food
APP_13869,37774.59,13924.43,0.6314,0.2367,0.2414,35.1,164,6,1,female,tier_1_metro,gig_delivery
APP_13870,48381.67,36526.87,0.245,0.1944,0.1931,3.6,177,4,1,female,tier_1_metro,grocery_kirana
APP_13871,38423.52,20456.76,0.4676,0.2511,0.6367,33.7,370,4,0,female,tier_3_rural,street_food
APP_13872,29375.88,11084.01,0.6227,0.2424,0.0,11.5,198,4,1,female,tier_1_metro,gig_delivery
APP_13873,44323.13,25659.3,0.4211,0.211,0.0,8.1,419,9,1,female,tier_1_metro,street_food
APP_13874,25611.79,12894.04,0.4966,0.5056,0.3956,2.7,61,6,0,male,tier_2_urban,artisan_freelance
APP_13875,28286.38,13370.24,0.5273,0.2845,0.0,2.7,22,3,0,male,tier_2_urban,artisan_freelance
APP_13876,51768.77,37926.45,0.2674,0.1147,0.0,2.7,371,6,1,male,tier_1_metro,grocery_kirana
APP_13877,23593.05,11728.54,0.5029,0.2608,0.4406,39.8,178,3,1,male,tier_1_metro,gig_delivery
APP_13878,27779.1,13955.09,0.4976,0.2446,0.5597,1.3,363,12,0,male,tier_1_metro,street_food
APP_13879,21996.07,10206.09,0.536,0.2201,0.1308,42.0,428,3,1,female,tier_1_metro,street_food
APP_13880,36790.96,17505.86,0.5242,0.1553,0.1125,12.3,418,12,1,female,tier_1_metro,street_food
APP_13881,32800.5,15497.5,0.5275,0.2526,0.432,1.4,152,4,0,male,tier_1_metro,gig_delivery
APP_13882,39438.16,20458.56,0.4812,0.1654,0.6153,55.2,449,3,1,female,tier_2_urban,street_food
APP_13883,41116.11,12627.9,0.6929,0.4817,0.1236,17.0,21,4,0,female,tier_3_rural,artisan_freelance
APP_13884,29951.14,17160.45,0.4271,0.21,0.2119,19.2,207,3,1,male,tier_3_rural,street_food
APP_13885,49022.9,28037.03,0.4281,0.1739,0.1647,1.0,282,3,1,female,tier_1_metro,street_food
APP_13886,42788.97,33838.56,0.2092,0.0817,0.3136,1.0,281,6,1,female,tier_3_rural,grocery_kirana
APP_13887,67508.05,55207.84,0.1822,0.1468,0.0,2.3,221,3,1,male,tier_1_metro,grocery_kirana
APP_13888,39523.04,20190.77,0.4891,0.2851,0.6023,24.7,44,2,1,female,tier_2_urban,artisan_freelance
APP_13889,69120.07,48279.18,0.3015,0.1533,0.0,23.3,367,3,1,male,tier_3_rural,grocery_kirana
APP_13890,16653.97,7075.01,0.5752,0.4359,0.1742,1.0,68,6,0,male,tier_2_urban,artisan_freelance
APP_13891,77202.11,63211.9,0.1812,0.1022,0.0,2.9,313,4,1,male,tier_2_urban,grocery_kirana
APP_13892,38359.74,12475.12,0.6748,0.2977,0.7302,3.5,75,6,0,male,tier_2_urban,artisan_freelance
APP_13893,21101.84,6432.01,0.6952,0.5042,0.5235,12.7,55,3,1,female,tier_2_urban,artisan_freelance
APP_13894,29171.34,15326.76,0.4746,0.2134,0.0,30.2,193,9,1,male,tier_1_metro,street_food
APP_13895,16682.11,8615.78,0.4835,0.1529,0.0,21.7,180,4,0,male,tier_1_metro,street_food
APP_13896,58300.7,44877.66,0.2302,0.1572,0.0,1.0,192,4,1,male,tier_1_metro,grocery_kirana
APP_13897,24826.45,9283.58,0.6261,0.3102,0.0,2.9,139,6,1,female,tier_1_metro,gig_delivery
APP_13898,56515.15,40741.76,0.2791,0.1105,0.0,11.3,212,6,0,male,tier_2_urban,grocery_kirana
APP_13899,69625.85,53668.72,0.2292,0.2047,0.4584,1.5,185,3,0,female,tier_2_urban,grocery_kirana
APP_13900,58155.56,40907.77,0.2966,0.119,0.0,15.1,307,6,1,male,tier_3_rural,grocery_kirana
APP_13901,14867.45,8862.77,0.4039,0.304,0.6923,2.6,43,6,1,male,tier_2_urban,artisan_freelance
APP_13902,44882.74,32210.67,0.2823,0.1049,0.0,18.9,318,4,1,female,tier_2_urban,grocery_kirana
APP_13903,40449.49,23989.72,0.4069,0.1806,0.1378,20.4,221,2,1,male,tier_2_urban,street_food
APP_13904,71470.04,58421.31,0.1826,0.099,0.3134,56.3,189,4,1,male,tier_2_urban,grocery_kirana
APP_13905,32867.96,15368.83,0.5324,0.1781,0.0,32.4,371,2,1,male,tier_3_rural,street_food
APP_13906,35271.98,16824.74,0.523,0.2446,0.0,1.0,226,3,1,male,tier_2_urban,street_food
APP_13907,12937.79,6700.21,0.4821,0.3899,0.4525,9.5,22,12,1,female,tier_1_metro,artisan_freelance
APP_13908,47028.75,25444.67,0.459,0.173,0.0,7.2,204,12,1,male,tier_1_metro,street_food
APP_13909,13210.73,5602.99,0.5759,0.2596,0.2919,3.7,187,12,1,male,tier_2_urban,gig_delivery
APP_13910,29016.31,11173.59,0.6149,0.2037,0.0,48.9,112,6,1,male,tier_1_metro,gig_delivery
APP_13911,37563.01,20304.1,0.4595,0.1935,0.5242,15.0,410,4,0,female,tier_1_metro,street_food
APP_13912,35238.9,22713.33,0.3554,0.1668,0.1874,32.5,369,3,0,male,tier_1_metro,street_food
APP_13913,29639.66,10166.86,0.657,0.3727,0.0,14.2,55,2,0,male,tier_1_metro,artisan_freelance
APP_13914,30990.95,17189.66,0.4453,0.2787,0.6997,6.1,294,3,1,male,tier_1_metro,street_food
APP_13915,67324.36,49291.64,0.2678,0.1052,0.0,25.6,174,6,1,male,tier_1_metro,grocery_kirana
APP_13916,41479.77,23709.61,0.4284,0.2042,0.0,16.5,216,6,1,female,tier_3_rural,street_food
APP_13917,36967.18,20301.92,0.4508,0.1961,0.613,20.9,180,4,0,female,tier_1_metro,street_food
APP_13918,53208.24,40973.41,0.2299,0.218,0.0,3.4,280,6,0,male,tier_1_metro,grocery_kirana
APP_13919,14169.4,5737.53,0.5951,0.1548,0.6946,57.8,92,4,1,male,tier_3_rural,gig_delivery
APP_13920,18599.96,11036.69,0.4066,0.3564,0.0,60.0,45,3,1,male,tier_1_metro,artisan_freelance
APP_13921,56167.67,38623.61,0.3124,0.1821,0.0,33.9,174,12,1,male,tier_1_metro,grocery_kirana
APP_13922,68037.9,53021.66,0.2207,0.193,0.5984,1.8,278,6,0,female,tier_3_rural,grocery_kirana
APP_13923,27417.92,12616.24,0.5399,0.2921,0.7032,2.6,98,2,0,female,tier_2_urban,gig_delivery
APP_13924,76370.61,59897.45,0.2157,0.1135,0.0,8.8,306,6,1,female,tier_2_urban,grocery_kirana
APP_13925,48207.85,22784.86,0.5274,0.1458,0.5471,30.8,341,2,1,male,tier_1_metro,street_food
APP_13926,48526.35,27937.58,0.4243,0.217,0.3604,13.1,344,4,1,female,tier_1_metro,street_food
APP_13927,44182.84,32711.56,0.2596,0.0936,0.4862,9.1,301,9,0,female,tier_1_metro,grocery_kirana
APP_13928,66244.68,47037.81,0.2899,0.1235,0.511,5.4,245,6,1,male,tier_2_urban,grocery_kirana
APP_13929,60223.77,44971.85,0.2533,0.1726,0.3337,7.5,358,9,0,female,tier_1_metro,grocery_kirana
APP_13930,30829.05,15176.48,0.5077,0.2012,0.287,13.5,162,3,1,female,tier_3_rural,gig_delivery
APP_13931,28844.47,14119.25,0.5105,0.2629,0.1882,24.6,163,6,1,male,tier_1_metro,gig_delivery
APP_13932,47220.06,33475.85,0.2911,0.1785,0.7244,21.3,173,4,0,female,tier_2_urban,grocery_kirana
APP_13933,26094.14,14842.34,0.4312,0.3336,0.615,1.0,31,6,0,female,tier_1_metro,artisan_freelance
APP_13934,25940.56,15337.17,0.4088,0.4339,0.0,26.3,67,4,1,male,tier_2_urban,artisan_freelance
APP_13935,32392.38,10686.19,0.6701,0.3666,0.3962,4.6,71,6,1,male,tier_3_rural,artisan_freelance
APP_13936,61143.7,42397.69,0.3066,0.0987,0.0,60.0,205,3,1,female,tier_2_urban,grocery_kirana
APP_13937,38721.1,28990.79,0.2513,0.0962,0.318,7.4,354,3,1,male,tier_1_metro,grocery_kirana
APP_13938,31367.38,12116.36,0.6137,0.2899,0.6351,8.9,82,6,0,male,tier_2_urban,gig_delivery
APP_13939,42291.0,34196.35,0.1914,0.1755,0.0,7.7,262,2,0,male,tier_1_metro,grocery_kirana
APP_13940,65718.21,38630.48,0.4122,0.3436,0.4905,7.8,62,6,1,male,tier_2_urban,artisan_freelance
APP_13941,28904.27,15723.61,0.456,0.404,0.6909,10.2,67,3,0,male,tier_3_rural,artisan_freelance
APP_13942,18357.41,7078.86,0.6144,0.1731,0.3562,1.0,155,3,1,male,tier_1_metro,gig_delivery
APP_13943,68740.39,55387.76,0.1942,0.0922,0.5423,9.9,190,4,1,male,tier_2_urban,grocery_kirana
APP_13944,16195.58,7543.94,0.5342,0.5351,0.4364,5.4,75,3,1,female,tier_1_metro,artisan_freelance
APP_13945,29665.85,15635.38,0.473,0.3527,0.4019,37.3,36,6,1,female,tier_3_rural,artisan_freelance
APP_13946,19387.55,8412.88,0.5661,0.2164,0.0,8.1,96,6,1,male,tier_1_metro,gig_delivery
APP_13947,29192.52,11394.03,0.6097,0.3077,0.5895,11.1,99,12,0,male,tier_1_metro,gig_delivery
APP_13948,30350.76,16575.94,0.4539,0.5425,0.4459,17.6,79,12,0,male,tier_2_urban,artisan_freelance
APP_13949,56340.68,39211.63,0.304,0.08,0.7324,9.1,320,3,0,male,tier_2_urban,grocery_kirana
APP_13950,36137.86,21852.36,0.3953,0.1992,0.0,26.3,369,12,1,female,tier_2_urban,street_food
APP_13951,29954.77,14491.28,0.5162,0.2888,0.0,4.5,195,6,1,male,tier_2_urban,gig_delivery
APP_13952,29206.34,18518.24,0.366,0.1421,0.5627,13.6,185,9,1,female,tier_2_urban,street_food
APP_13953,49698.93,25697.73,0.4829,0.2098,0.3436,7.6,384,2,1,male,tier_3_rural,street_food
APP_13954,31730.49,14538.26,0.5418,0.267,0.0,16.0,165,4,0,male,tier_1_metro,gig_delivery
APP_13955,49064.59,19146.39,0.6098,0.5456,0.3791,7.8,69,3,1,female,tier_1_metro,artisan_freelance
APP_13956,43252.05,21134.58,0.5114,0.2746,0.233,2.2,364,4,0,male,tier_2_urban,street_food
APP_13957,20433.64,10095.49,0.5059,0.2692,0.0,49.1,188,4,1,female,tier_2_urban,gig_delivery
APP_13958,30210.88,15896.25,0.4738,0.5359,0.5007,26.0,31,4,0,male,tier_2_urban,artisan_freelance
APP_13959,39848.46,18512.96,0.5354,0.198,0.6128,13.0,193,3,0,male,tier_2_urban,street_food
APP_13960,36517.0,11885.19,0.6745,0.3676,0.0,15.2,54,12,1,male,tier_1_metro,artisan_freelance
APP_13961,25883.01,11457.25,0.5573,0.2204,0.1184,3.9,99,9,1,male,tier_1_metro,gig_delivery
APP_13962,50564.28,37175.58,0.2648,0.1415,0.0,6.6,164,3,1,male,tier_1_metro,grocery_kirana
APP_13963,41141.39,20450.26,0.5029,0.121,0.0,22.1,364,9,1,male,tier_3_rural,street_food
APP_13964,34394.65,17922.08,0.4789,0.2651,0.6293,22.5,280,2,1,female,tier_1_metro,street_food
APP_13965,82115.22,56059.74,0.3173,0.1788,0.6412,7.9,186,4,0,male,tier_3_rural,grocery_kirana
APP_13966,45076.23,26957.72,0.402,0.4903,0.0,45.1,20,6,1,male,tier_1_metro,artisan_freelance
APP_13967,42676.77,22126.28,0.4815,0.4734,0.1778,20.1,26,3,0,female,tier_1_metro,artisan_freelance
APP_13968,35626.54,15580.46,0.5627,0.1975,0.6961,10.5,82,2,1,female,tier_1_metro,gig_delivery
APP_13969,38424.95,13865.63,0.6392,0.5405,0.0,9.0,51,6,1,female,tier_1_metro,artisan_freelance
APP_13970,37282.64,20081.94,0.4614,0.2792,0.5345,6.9,436,3,0,female,tier_1_metro,street_food
APP_13971,43992.94,25455.43,0.4214,0.4227,0.0,17.5,38,3,0,male,tier_2_urban,artisan_freelance
APP_13972,74721.72,59768.12,0.2001,0.1028,0.3761,15.0,173,3,1,male,tier_2_urban,grocery_kirana
APP_13973,24442.39,10431.43,0.5732,0.1887,0.0,3.7,147,4,1,male,tier_2_urban,gig_delivery
APP_13974,40488.05,17175.8,0.5758,0.313,0.6314,12.4,88,4,1,female,tier_2_urban,artisan_freelance
APP_13975,26677.89,11498.44,0.569,0.2143,0.5676,1.9,118,6,1,female,tier_2_urban,gig_delivery
APP_13976,51978.67,32949.11,0.3661,0.223,0.0,5.1,326,6,0,male,tier_1_metro,street_food
APP_13977,50905.85,35611.21,0.3004,0.1078,0.3396,17.8,166,3,1,female,tier_2_urban,grocery_kirana
APP_13978,36675.3,23209.8,0.3672,0.2578,0.0,31.2,445,6,0,male,tier_2_urban,street_food
APP_13979,47828.13,35088.08,0.2664,0.1538,0.6273,3.9,385,4,0,female,tier_2_urban,grocery_kirana
APP_13980,30794.09,14408.46,0.5321,0.1987,0.3886,60.0,282,3,1,male,tier_2_urban,street_food
APP_13981,37520.9,17349.81,0.5376,0.309,0.5481,27.7,149,4,1,female,tier_3_rural,gig_delivery
APP_13982,34899.1,14251.98,0.5916,0.2722,0.6107,3.8,163,3,1,female,tier_2_urban,gig_delivery
APP_13983,35358.14,14715.38,0.5838,0.2155,0.4576,17.9,142,9,0,female,tier_3_rural,gig_delivery
APP_13984,29880.89,17363.55,0.4189,0.4067,0.0,8.2,27,6,1,male,tier_1_metro,artisan_freelance
APP_13985,23450.79,8902.35,0.6204,0.3076,0.611,34.5,175,9,1,male,tier_3_rural,gig_delivery
APP_13986,21395.94,8082.45,0.6222,0.2495,0.2017,1.0,151,2,0,female,tier_2_urban,gig_delivery
APP_13987,37885.75,17395.33,0.5408,0.2445,0.735,11.5,316,6,0,male,tier_2_urban,street_food
APP_13988,34918.72,19650.12,0.4373,0.1907,0.7446,2.0,330,9,0,male,tier_1_metro,street_food
APP_13989,49992.63,34380.26,0.3123,0.0984,0.384,6.0,251,3,0,male,tier_3_rural,grocery_kirana
APP_13990,21981.41,10420.58,0.5259,0.2589,0.4256,17.9,175,3,0,male,tier_2_urban,gig_delivery
APP_13991,32673.85,16568.9,0.4929,0.1868,0.245,24.8,334,6,1,female,tier_1_metro,street_food
APP_13992,26695.57,12182.72,0.5436,0.2523,0.4468,4.5,157,12,0,male,tier_1_metro,gig_delivery
APP_13993,33903.1,14063.69,0.5852,0.4444,0.0,2.5,76,3,1,female,tier_2_urban,artisan_freelance
APP_13994,37368.25,16965.16,0.546,0.4594,0.2511,1.9,53,12,1,female,tier_2_urban,artisan_freelance
APP_13995,35273.17,15049.86,0.5733,0.2387,0.4169,5.1,108,3,1,female,tier_2_urban,gig_delivery
APP_13996,51924.86,35942.27,0.3078,0.1595,0.0,5.1,280,6,0,male,tier_2_urban,grocery_kirana
APP_13997,33656.07,25292.6,0.2485,0.1114,0.6644,9.6,374,12,1,female,tier_1_metro,grocery_kirana
APP_13998,36903.76,22779.1,0.3827,0.2688,0.6615,37.4,359,12,1,male,tier_1_metro,street_food
APP_13999,53032.73,29395.03,0.4457,0.1745,0.0843,17.4,430,6,0,male,tier_2_urban,street_food
APP_14000,25804.79,9297.68,0.6397,0.1611,0.0,16.5,111,2,1,male,tier_2_urban,gig_delivery
APP_14001,35885.99,18865.49,0.4743,0.3055,0.0987,6.9,32,2,1,female,tier_1_metro,artisan_freelance
APP_14002,38705.38,30570.59,0.2102,0.1359,0.6227,13.7,193,3,0,male,tier_2_urban,grocery_kirana
APP_14003,24217.38,11052.11,0.5436,0.1611,0.5707,1.0,116,3,0,male,tier_1_metro,gig_delivery
APP_14004,47981.49,27976.84,0.4169,0.3768,0.4968,4.6,47,4,1,male,tier_2_urban,artisan_freelance
APP_14005,56395.62,41680.56,0.2609,0.1532,0.5759,5.1,314,3,0,male,tier_3_rural,grocery_kirana
APP_14006,46733.34,35507.84,0.2402,0.1471,0.1828,1.0,310,12,1,male,tier_2_urban,grocery_kirana
APP_14007,46679.99,23434.21,0.498,0.2362,0.1777,12.1,333,3,0,female,tier_1_metro,street_food
APP_14008,22766.66,10128.97,0.5551,0.2266,0.6725,20.5,101,6,1,male,tier_3_rural,gig_delivery
APP_14009,22010.17,8154.86,0.6295,0.212,0.337,3.7,188,3,0,male,tier_1_metro,gig_delivery
APP_14010,37662.82,18578.58,0.5067,0.2717,0.1226,2.2,148,4,1,male,tier_1_metro,gig_delivery
APP_14011,27561.8,11152.58,0.5954,0.3013,0.0,22.3,160,4,0,male,tier_1_metro,gig_delivery
APP_14012,65264.37,48578.01,0.2557,0.1874,0.2171,17.3,207,12,0,female,tier_1_metro,grocery_kirana
APP_14013,23705.02,9060.29,0.6178,0.1645,0.0,9.3,131,3,1,female,tier_2_urban,gig_delivery
APP_14014,33519.09,14958.98,0.5537,0.222,0.0,13.3,132,4,1,male,tier_2_urban,gig_delivery
APP_14015,50374.06,25757.39,0.4887,0.1372,0.0799,1.0,383,6,1,female,tier_1_metro,street_food
APP_14016,49585.48,36951.2,0.2548,0.2167,0.5938,2.5,177,3,1,female,tier_3_rural,grocery_kirana
APP_14017,18176.5,9046.75,0.5023,0.2691,0.2871,3.8,142,9,0,male,tier_2_urban,gig_delivery
APP_14018,37180.19,14918.69,0.5987,0.3483,0.6063,6.3,64,2,1,female,tier_3_rural,artisan_freelance
APP_14019,40742.52,20029.87,0.5084,0.1706,0.6107,60.0,308,9,0,male,tier_3_rural,street_food
APP_14020,22707.07,9446.7,0.584,0.2207,0.7212,5.2,178,6,1,male,tier_3_rural,gig_delivery
APP_14021,75346.19,52755.44,0.2998,0.1595,0.4398,9.4,323,4,1,female,tier_3_rural,grocery_kirana
APP_14022,37513.8,18103.52,0.5174,0.2541,0.7439,9.7,38,4,0,male,tier_1_metro,artisan_freelance
APP_14023,41046.21,25634.38,0.3755,0.1385,0.6904,5.5,198,3,1,female,tier_1_metro,street_food
APP_14024,41822.87,22855.7,0.4535,0.5406,0.1985,9.4,57,4,1,male,tier_2_urban,artisan_freelance
APP_14025,48812.42,24586.34,0.4963,0.181,0.6077,3.8,382,12,0,male,tier_1_metro,street_food
APP_14026,24808.59,10697.87,0.5688,0.2599,0.7207,13.8,88,3,1,female,tier_2_urban,gig_delivery
APP_14027,48047.77,30051.56,0.3745,0.2022,0.0,1.0,282,12,1,male,tier_2_urban,street_food
APP_14028,37051.63,26185.01,0.2933,0.1227,0.6179,8.9,359,12,0,male,tier_3_rural,grocery_kirana
APP_14029,12025.44,3679.45,0.694,0.3086,0.6898,14.1,77,4,0,male,tier_1_metro,artisan_freelance
APP_14030,45885.47,16065.63,0.6499,0.2544,0.0,2.7,44,6,0,male,tier_2_urban,artisan_freelance
APP_14031,23494.59,10290.84,0.562,0.281,0.7231,4.4,117,2,0,male,tier_2_urban,gig_delivery
APP_14032,20282.02,8092.55,0.601,0.2623,0.7184,6.6,59,4,0,female,tier_2_urban,artisan_freelance
APP_14033,12000.0,5779.72,0.5184,0.388,0.4817,2.1,79,2,1,male,tier_2_urban,artisan_freelance
APP_14034,34381.55,24512.94,0.287,0.0949,0.0,1.4,226,4,0,female,tier_3_rural,grocery_kirana
APP_14035,49336.09,34179.03,0.3072,0.1183,0.7087,1.6,319,4,1,female,tier_3_rural,grocery_kirana
APP_14036,29487.63,13341.98,0.5475,0.1733,0.3485,8.7,404,2,1,male,tier_1_metro,street_food
APP_14037,30214.18,9430.08,0.6879,0.3055,0.3651,17.5,44,6,1,male,tier_1_metro,artisan_freelance
APP_14038,37742.32,20878.65,0.4468,0.1696,0.0,4.6,284,3,0,male,tier_3_rural,street_food
APP_14039,45388.07,35385.36,0.2204,0.1128,0.4478,27.2,227,3,1,female,tier_2_urban,grocery_kirana
APP_14040,37224.64,12295.4,0.6697,0.3874,0.2321,45.3,76,2,0,male,tier_3_rural,artisan_freelance
APP_14041,28481.18,10007.02,0.6486,0.5236,0.4738,3.1,61,4,1,male,tier_2_urban,artisan_freelance
APP_14042,34317.89,16485.31,0.5196,0.2856,0.0887,9.4,116,4,0,male,tier_1_metro,gig_delivery
APP_14043,43166.99,26648.16,0.3827,0.1991,0.4452,30.9,404,4,1,female,tier_3_rural,street_food
APP_14044,42582.22,34638.66,0.1865,0.1553,0.6496,7.3,152,12,0,male,tier_1_metro,grocery_kirana
APP_14045,35697.29,20045.36,0.4385,0.3171,0.3072,11.3,56,6,1,female,tier_1_metro,artisan_freelance
APP_14046,32513.59,11790.83,0.6374,0.2744,0.0,12.1,25,2,1,male,tier_3_rural,artisan_freelance
APP_14047,31463.24,14469.16,0.5401,0.1437,0.338,25.1,336,9,1,female,tier_1_metro,street_food
APP_14048,48094.04,36521.53,0.2406,0.11,0.3019,14.5,177,4,0,female,tier_3_rural,grocery_kirana
APP_14049,28810.7,16494.47,0.4275,0.2563,0.3652,15.9,28,4,0,male,tier_3_rural,artisan_freelance
APP_14050,28827.64,14547.89,0.4953,0.3581,0.2253,1.0,63,2,1,male,tier_1_metro,artisan_freelance
APP_14051,53075.93,17512.59,0.67,0.4676,0.0,5.0,69,6,1,male,tier_2_urban,artisan_freelance
APP_14052,28294.18,12223.97,0.568,0.1878,0.1913,22.4,144,6,1,male,tier_3_rural,gig_delivery
APP_14053,31753.12,15351.9,0.5165,0.2467,0.6725,16.7,88,6,1,female,tier_1_metro,gig_delivery
APP_14054,25858.1,12533.54,0.5153,0.5056,0.4772,6.8,65,2,1,female,tier_1_metro,artisan_freelance
APP_14055,35164.79,25381.57,0.2782,0.0927,0.6313,14.8,276,9,0,male,tier_2_urban,grocery_kirana
APP_14056,55869.44,39389.8,0.295,0.1938,0.3948,1.0,369,9,1,male,tier_1_metro,grocery_kirana
APP_14057,60105.66,47769.98,0.2052,0.2102,0.0,47.2,170,12,1,female,tier_2_urban,grocery_kirana
APP_14058,33152.42,13780.35,0.5843,0.2795,0.3218,16.3,100,9,1,male,tier_1_metro,gig_delivery
APP_14059,18616.69,5729.53,0.6922,0.5047,0.3164,3.6,87,4,0,female,tier_2_urban,artisan_freelance
APP_14060,52631.36,32239.37,0.3874,0.2289,0.0,2.0,250,4,1,male,tier_3_rural,street_food
APP_14061,24865.67,9586.86,0.6145,0.4542,0.0,14.7,78,4,0,male,tier_2_urban,artisan_freelance
APP_14062,27623.89,10512.4,0.6194,0.3038,0.6582,19.7,165,4,1,male,tier_3_rural,gig_delivery
APP_14063,28289.31,11364.09,0.5983,0.1932,0.0,7.7,155,4,1,male,tier_1_metro,gig_delivery
APP_14064,39062.83,12004.18,0.6927,0.5357,0.0,20.2,77,2,1,male,tier_1_metro,artisan_freelance
APP_14065,29022.0,13783.4,0.5251,0.193,0.186,30.0,141,4,1,male,tier_2_urban,gig_delivery
APP_14066,70707.87,51387.99,0.2732,0.1895,0.1897,18.7,289,4,0,female,tier_2_urban,grocery_kirana
APP_14067,19445.38,8577.82,0.5589,0.1722,0.5021,57.0,137,4,0,male,tier_2_urban,gig_delivery
APP_14068,54082.49,37690.21,0.3031,0.1287,0.0,3.7,301,2,1,male,tier_2_urban,grocery_kirana
APP_14069,44607.25,18910.5,0.5761,0.3084,0.0,1.6,70,3,1,male,tier_1_metro,artisan_freelance
APP_14070,47020.4,33624.24,0.2849,0.0902,0.2357,3.0,262,4,1,female,tier_3_rural,grocery_kirana
APP_14071,36486.13,29392.43,0.1944,0.1587,0.7079,26.0,227,9,1,female,tier_1_metro,grocery_kirana
APP_14072,45714.9,20651.21,0.5483,0.2051,0.2967,7.7,432,4,1,female,tier_1_metro,street_food
APP_14073,14751.9,5970.95,0.5952,0.2317,0.2142,8.5,150,3,1,male,tier_1_metro,gig_delivery
APP_14074,28415.11,10405.92,0.6338,0.3099,0.2949,22.3,172,12,0,male,tier_1_metro,gig_delivery
APP_14075,58694.41,44619.57,0.2398,0.0969,0.0,7.9,364,6,1,male,tier_2_urban,grocery_kirana
APP_14076,32100.67,11420.84,0.6442,0.4736,0.6665,10.4,21,6,1,male,tier_3_rural,artisan_freelance
APP_14077,35492.29,14840.95,0.5819,0.1978,0.2422,23.9,159,4,1,male,tier_2_urban,gig_delivery
APP_14078,66961.57,48226.21,0.2798,0.1574,0.0,26.4,298,6,1,male,tier_1_metro,grocery_kirana
APP_14079,38984.5,21549.35,0.4472,0.2187,0.2611,3.8,384,4,0,male,tier_2_urban,street_food
APP_14080,32292.11,12958.03,0.5987,0.3336,0.3421,41.4,80,9,0,male,tier_1_metro,artisan_freelance
APP_14081,28672.47,10265.21,0.642,0.289,0.1597,10.2,146,12,1,male,tier_1_metro,gig_delivery
APP_14082,46225.95,26482.34,0.4271,0.4831,0.741,15.9,61,2,0,male,tier_2_urban,artisan_freelance
APP_14083,60842.74,48948.87,0.1955,0.0947,0.0,9.6,202,9,1,male,tier_2_urban,grocery_kirana
APP_14084,37971.16,23012.41,0.394,0.2012,0.5683,32.9,244,6,1,male,tier_2_urban,street_food
APP_14085,39400.52,19160.08,0.5137,0.2361,0.1423,3.5,336,3,0,male,tier_1_metro,street_food
APP_14086,17083.67,6020.32,0.6476,0.163,0.688,52.1,190,6,1,male,tier_2_urban,gig_delivery
APP_14087,24695.79,9281.41,0.6242,0.3197,0.2167,1.2,81,2,1,male,tier_3_rural,gig_delivery
APP_14088,35643.26,13176.19,0.6303,0.4559,0.2117,7.1,20,6,1,male,tier_1_metro,artisan_freelance
APP_14089,35392.71,24707.75,0.3019,0.1444,0.3373,15.4,397,6,1,male,tier_1_metro,grocery_kirana
APP_14090,22950.87,8237.44,0.6411,0.1909,0.305,26.2,159,9,1,female,tier_1_metro,gig_delivery
APP_14091,20397.05,10025.52,0.5085,0.2506,0.2301,5.6,84,3,1,female,tier_1_metro,gig_delivery
APP_14092,25073.0,9312.11,0.6286,0.2888,0.7204,9.7,144,6,0,female,tier_1_metro,gig_delivery
APP_14093,57004.52,40380.51,0.2916,0.0886,0.0,19.2,335,6,0,male,tier_3_rural,grocery_kirana
APP_14094,27974.73,15789.99,0.4356,0.3865,0.7048,4.8,26,3,1,female,tier_1_metro,artisan_freelance
APP_14095,31664.38,17277.27,0.4544,0.2017,0.2564,1.0,354,4,0,female,tier_2_urban,street_food
APP_14096,45939.59,37286.67,0.1884,0.1461,0.3006,4.1,368,4,1,male,tier_2_urban,grocery_kirana
APP_14097,50966.04,25228.56,0.505,0.3193,0.3874,3.3,70,3,1,male,tier_1_metro,artisan_freelance
APP_14098,32302.9,18045.05,0.4414,0.2775,0.3564,19.0,438,4,1,male,tier_1_metro,street_food
APP_14099,50809.25,36805.64,0.2756,0.199,0.6664,20.4,309,6,1,male,tier_2_urban,grocery_kirana
APP_14100,45140.9,24856.24,0.4494,0.1274,0.7052,6.1,390,2,0,male,tier_3_rural,street_food
APP_14101,65709.18,51311.88,0.2191,0.1745,0.4094,11.9,213,9,1,male,tier_2_urban,grocery_kirana
APP_14102,19354.97,7192.56,0.6284,0.2782,0.0,32.4,118,4,1,male,tier_2_urban,gig_delivery
APP_14103,30804.69,17222.88,0.4409,0.1515,0.1382,16.1,417,4,1,male,tier_3_rural,street_food
APP_14104,42823.49,21204.96,0.5048,0.1385,0.4555,19.3,242,6,1,male,tier_1_metro,street_food
APP_14105,38434.51,18099.31,0.5291,0.1322,0.5738,7.1,206,4,0,male,tier_3_rural,street_food
APP_14106,66872.81,45502.43,0.3196,0.1876,0.5144,12.4,336,6,0,male,tier_1_metro,grocery_kirana
APP_14107,45228.57,24608.58,0.4559,0.1387,0.3395,4.0,247,9,1,female,tier_1_metro,street_food
APP_14108,28307.89,10306.22,0.6359,0.3052,0.0,22.3,118,4,1,male,tier_1_metro,gig_delivery
APP_14109,26083.12,16618.47,0.3629,0.2709,0.0,10.1,233,12,1,female,tier_1_metro,street_food
APP_14110,32614.03,17358.25,0.4678,0.1263,0.0,10.6,246,12,1,female,tier_2_urban,street_food
APP_14111,67296.78,48352.92,0.2815,0.1905,0.4999,18.8,345,12,0,male,tier_1_metro,grocery_kirana
APP_14112,27257.51,12935.78,0.5254,0.1502,0.2456,60.0,89,4,1,female,tier_2_urban,gig_delivery
APP_14113,34444.47,15711.71,0.5439,0.2444,0.0,2.4,440,6,1,male,tier_1_metro,street_food
APP_14114,60676.05,41527.08,0.3156,0.2128,0.7213,26.5,169,12,0,male,tier_1_metro,grocery_kirana
APP_14115,25517.42,9705.41,0.6197,0.3178,0.2034,14.4,142,6,0,male,tier_1_metro,gig_delivery
APP_14116,42987.71,25077.2,0.4166,0.2044,0.2281,26.8,367,3,1,female,tier_1_metro,street_food
APP_14117,31482.1,14985.2,0.524,0.4602,0.0,10.8,88,4,0,male,tier_1_metro,artisan_freelance
APP_14118,15803.39,6832.01,0.5677,0.2181,0.6035,1.0,116,6,1,male,tier_3_rural,gig_delivery
APP_14119,47443.33,21364.14,0.5497,0.4827,0.0,16.9,34,6,0,female,tier_1_metro,artisan_freelance
APP_14120,26643.92,12346.15,0.5366,0.306,0.0,4.3,83,4,0,male,tier_1_metro,gig_delivery
APP_14121,30749.78,14770.52,0.5197,0.2001,0.0,15.7,183,4,1,male,tier_2_urban,gig_delivery
APP_14122,23187.55,11623.28,0.4987,0.1525,0.0,16.7,196,12,1,male,tier_1_metro,street_food
APP_14123,46621.94,32572.94,0.3013,0.1138,0.649,15.5,349,6,1,female,tier_1_metro,grocery_kirana
APP_14124,43911.0,35417.72,0.1934,0.0928,0.6854,22.9,169,4,0,male,tier_1_metro,grocery_kirana
APP_14125,37581.66,15874.04,0.5776,0.2665,0.6405,13.5,130,3,0,male,tier_1_metro,gig_delivery
APP_14126,46763.52,35996.24,0.2302,0.1007,0.3132,1.4,304,12,1,male,tier_2_urban,grocery_kirana
APP_14127,38534.66,21402.77,0.4446,0.1944,0.1389,8.2,344,6,1,male,tier_1_metro,street_food
APP_14128,50014.61,37724.51,0.2457,0.159,0.5229,16.4,223,3,0,male,tier_1_metro,grocery_kirana
APP_14129,56040.36,41293.88,0.2631,0.1848,0.1231,10.7,238,6,0,female,tier_2_urban,grocery_kirana
APP_14130,33964.52,16631.19,0.5103,0.2578,0.1035,6.8,158,9,1,male,tier_2_urban,gig_delivery
APP_14131,39583.96,15886.25,0.5987,0.1659,0.4331,1.5,152,3,0,female,tier_1_metro,gig_delivery
APP_14132,20045.58,9534.72,0.5243,0.185,0.0,28.4,127,2,0,male,tier_2_urban,gig_delivery
APP_14133,30490.45,12565.4,0.5879,0.4957,0.737,10.9,73,4,1,female,tier_2_urban,artisan_freelance
APP_14134,53783.82,43587.98,0.1896,0.1613,0.7306,17.5,275,6,1,male,tier_1_metro,grocery_kirana
APP_14135,19827.42,11717.17,0.409,0.3372,0.0,6.2,35,12,1,male,tier_2_urban,artisan_freelance
APP_14136,30292.74,14081.27,0.5352,0.1748,0.0,4.7,166,4,1,female,tier_1_metro,gig_delivery
APP_14137,69331.53,54301.36,0.2168,0.1061,0.0,5.1,164,3,0,male,tier_1_metro,grocery_kirana
APP_14138,56387.45,40209.28,0.2869,0.1606,0.2538,15.4,331,12,0,male,tier_1_metro,grocery_kirana
APP_14139,22341.28,9574.25,0.5715,0.504,0.2223,14.1,63,12,0,male,tier_3_rural,artisan_freelance
APP_14140,24864.63,11147.75,0.5517,0.1519,0.0,9.3,115,3,1,female,tier_2_urban,gig_delivery
APP_14141,17911.33,7523.57,0.58,0.5304,0.7121,10.1,57,3,0,female,tier_1_metro,artisan_freelance
APP_14142,37329.77,21513.65,0.4237,0.468,0.4311,20.9,72,3,0,female,tier_1_metro,artisan_freelance
APP_14143,45219.92,25442.24,0.4374,0.4461,0.0,20.0,32,12,0,male,tier_2_urban,artisan_freelance
APP_14144,64328.28,50092.49,0.2213,0.0813,0.0,43.7,267,3,1,female,tier_1_metro,grocery_kirana
APP_14145,41836.17,28482.37,0.3192,0.1594,0.0,48.7,150,12,1,male,tier_2_urban,grocery_kirana
APP_14146,38913.56,19220.73,0.5061,0.5201,0.0,18.1,32,3,1,female,tier_2_urban,artisan_freelance
APP_14147,33277.11,15919.41,0.5216,0.1685,0.5216,7.4,221,9,1,male,tier_3_rural,street_food
APP_14148,45209.15,20564.39,0.5451,0.27,0.384,13.4,298,4,0,male,tier_1_metro,street_food
APP_14149,74486.34,60212.93,0.1916,0.0962,0.0,8.0,388,3,0,male,tier_2_urban,grocery_kirana
APP_14150,37882.02,19598.53,0.4826,0.1996,0.7035,11.4,319,2,1,male,tier_1_metro,street_food
APP_14151,27715.48,13208.03,0.5234,0.187,0.5089,13.5,250,3,1,female,tier_2_urban,street_food
APP_14152,51507.77,39294.17,0.2371,0.1253,0.6409,5.3,301,6,0,male,tier_1_metro,grocery_kirana
APP_14153,39818.31,18883.23,0.5258,0.1836,0.1256,3.6,220,4,1,female,tier_1_metro,street_food
APP_14154,34357.33,20005.84,0.4177,0.1515,0.1271,10.7,304,3,1,male,tier_2_urban,street_food
APP_14155,44670.07,23237.89,0.4798,0.1756,0.5958,32.4,435,4,1,male,tier_3_rural,street_food
APP_14156,42593.63,25557.69,0.4,0.1335,0.4732,4.9,389,12,0,female,tier_1_metro,street_food
APP_14157,28046.99,16069.76,0.427,0.3119,0.0,1.6,59,3,0,female,tier_1_metro,artisan_freelance
APP_14158,29288.36,13805.15,0.5286,0.2188,0.2397,1.2,195,9,0,male,tier_3_rural,gig_delivery
APP_14159,43651.57,18526.22,0.5756,0.3308,0.5559,4.8,25,4,0,male,tier_1_metro,artisan_freelance
APP_14160,46955.12,26404.98,0.4377,0.1581,0.0,25.7,183,6,1,male,tier_2_urban,street_food
APP_14161,50995.6,38723.77,0.2406,0.0986,0.1431,1.5,383,3,1,male,tier_2_urban,grocery_kirana
APP_14162,47181.44,38302.09,0.1882,0.1362,0.6693,5.9,162,4,0,male,tier_2_urban,grocery_kirana
APP_14163,30899.37,11090.19,0.6411,0.1552,0.6403,1.6,191,3,1,male,tier_2_urban,gig_delivery
APP_14164,32725.61,15735.12,0.5192,0.2583,0.0,1.7,404,3,1,male,tier_1_metro,street_food
APP_14165,36110.76,21939.48,0.3924,0.2194,0.0,4.6,297,4,0,female,tier_2_urban,street_food
APP_14166,49310.98,28186.34,0.4284,0.339,0.0,1.8,41,9,1,female,tier_1_metro,artisan_freelance
APP_14167,38943.15,19514.36,0.4989,0.2032,0.2724,11.4,316,4,0,male,tier_1_metro,street_food
APP_14168,59846.78,41913.05,0.2997,0.1088,0.0,3.2,206,3,0,male,tier_1_metro,grocery_kirana
APP_14169,32877.39,13304.24,0.5953,0.4698,0.0,12.7,57,12,1,female,tier_1_metro,artisan_freelance
APP_14170,26865.96,14162.82,0.4728,0.3512,0.3202,60.0,59,4,1,male,tier_2_urban,artisan_freelance
APP_14171,21182.68,8412.53,0.6029,0.2473,0.1274,4.4,97,3,1,male,tier_2_urban,gig_delivery
APP_14172,25619.34,12520.76,0.5113,0.2775,0.0,6.5,167,4,1,male,tier_1_metro,gig_delivery
APP_14173,29290.98,17022.08,0.4189,0.2459,0.2462,47.2,411,6,1,male,tier_1_metro,street_food
APP_14174,43169.21,20790.82,0.5184,0.2064,0.6102,9.1,224,2,1,female,tier_1_metro,street_food
APP_14175,22301.06,9436.91,0.5768,0.2181,0.0,31.3,144,4,1,female,tier_1_metro,gig_delivery
APP_14176,24566.4,11161.97,0.5456,0.4897,0.1435,11.7,62,2,0,male,tier_2_urban,artisan_freelance
APP_14177,50001.04,39481.84,0.2104,0.0972,0.5434,3.7,297,9,1,male,tier_3_rural,grocery_kirana
APP_14178,66950.92,54626.08,0.1841,0.1546,0.4343,11.1,292,3,1,male,tier_1_metro,grocery_kirana
APP_14179,29397.66,17093.43,0.4185,0.5143,0.4766,6.9,63,3,0,male,tier_1_metro,artisan_freelance
APP_14180,71923.75,53948.23,0.2499,0.1816,0.1885,37.0,234,9,1,female,tier_1_metro,grocery_kirana
APP_14181,26664.55,9259.43,0.6527,0.2527,0.1346,13.4,50,6,1,male,tier_3_rural,artisan_freelance
APP_14182,47429.57,30010.84,0.3673,0.1774,0.13,35.9,397,4,1,female,tier_1_metro,street_food
APP_14183,17578.35,8776.15,0.5007,0.2836,0.2218,1.0,159,2,1,male,tier_3_rural,gig_delivery
APP_14184,23749.55,10927.81,0.5399,0.1659,0.6945,17.1,103,4,0,male,tier_3_rural,gig_delivery
APP_14185,43478.02,24308.88,0.4409,0.1936,0.0,19.5,228,9,1,male,tier_1_metro,street_food
APP_14186,35385.37,18357.87,0.4812,0.2525,0.0,17.9,256,12,1,female,tier_1_metro,street_food
APP_14187,29299.89,16940.63,0.4218,0.1396,0.5948,1.0,336,9,0,male,tier_2_urban,street_food
APP_14188,32173.58,12797.7,0.6022,0.1859,0.0,14.6,88,4,1,male,tier_2_urban,gig_delivery
APP_14189,49051.65,24911.79,0.4921,0.223,0.3367,4.0,269,2,0,female,tier_2_urban,street_food
APP_14190,75333.17,61070.51,0.1893,0.2094,0.1536,31.5,186,9,0,male,tier_2_urban,grocery_kirana
APP_14191,30960.4,10777.88,0.6519,0.3258,0.0,37.0,56,6,1,female,tier_2_urban,artisan_freelance
APP_14192,20921.96,8182.31,0.6089,0.2702,0.4036,32.1,140,9,1,female,tier_2_urban,gig_delivery
APP_14193,45189.96,35406.57,0.2165,0.1351,0.5216,9.2,329,4,0,female,tier_1_metro,grocery_kirana
APP_14194,58984.48,43400.47,0.2642,0.0868,0.6087,52.0,205,4,1,male,tier_2_urban,grocery_kirana
APP_14195,45097.48,33142.67,0.2651,0.1894,0.6728,5.4,202,3,0,male,tier_3_rural,grocery_kirana
APP_14196,24162.54,10909.25,0.5485,0.3101,0.2172,9.2,106,12,1,male,tier_2_urban,gig_delivery
APP_14197,69245.02,53482.08,0.2276,0.1048,0.5626,7.0,379,6,1,male,tier_2_urban,grocery_kirana
APP_14198,28158.01,9049.09,0.6786,0.3534,0.384,2.6,54,4,1,female,tier_1_metro,artisan_freelance
APP_14199,33858.55,13949.26,0.588,0.4817,0.0,3.4,30,6,1,female,tier_2_urban,artisan_freelance
APP_14200,38010.07,17836.62,0.5307,0.4631,0.0,5.6,31,3,1,male,tier_2_urban,artisan_freelance
APP_14201,57709.95,43127.55,0.2527,0.1398,0.0,1.1,234,12,1,male,tier_3_rural,grocery_kirana
APP_14202,46386.92,29958.19,0.3542,0.1306,0.2693,5.9,325,2,1,male,tier_3_rural,street_food
APP_14203,59260.57,47706.1,0.195,0.1866,0.677,3.7,311,12,1,male,tier_1_metro,grocery_kirana
APP_14204,18272.09,9030.44,0.5058,0.4686,0.0,1.7,60,4,1,female,tier_1_metro,artisan_freelance
APP_14205,48952.83,39779.2,0.1874,0.1311,0.3197,38.2,202,4,0,male,tier_1_metro,grocery_kirana
APP_14206,32074.24,12520.85,0.6096,0.1877,0.0,24.0,153,2,1,male,tier_1_metro,gig_delivery
APP_14207,22272.86,10490.19,0.529,0.1637,0.4808,4.2,154,4,1,male,tier_1_metro,gig_delivery
APP_14208,24185.57,13303.55,0.4499,0.1798,0.662,22.4,424,6,1,male,tier_2_urban,street_food
APP_14209,44572.93,27790.83,0.3765,0.2791,0.1706,5.9,188,12,1,female,tier_3_rural,street_food
APP_14210,30639.04,16326.57,0.4671,0.5306,0.3547,22.6,43,3,0,female,tier_2_urban,artisan_freelance
APP_14211,30024.71,14055.03,0.5319,0.4598,0.2346,12.4,52,12,1,male,tier_1_metro,artisan_freelance
APP_14212,31937.08,15616.64,0.511,0.4912,0.0,8.6,71,4,0,male,tier_1_metro,artisan_freelance
APP_14213,27063.96,13687.4,0.4943,0.1893,0.7382,1.0,283,6,0,male,tier_2_urban,street_food
APP_14214,50635.82,37229.57,0.2648,0.1502,0.6973,29.6,351,9,1,male,tier_3_rural,grocery_kirana
APP_14215,27491.9,14417.24,0.4756,0.2567,0.5849,2.4,64,12,1,male,tier_3_rural,artisan_freelance
APP_14216,37578.43,23427.0,0.3766,0.1957,0.7179,30.2,382,6,1,male,tier_1_metro,street_food
APP_14217,20127.22,10287.77,0.4889,0.4182,0.0,12.7,80,12,1,female,tier_3_rural,artisan_freelance
APP_14218,27588.05,10061.93,0.6353,0.1917,0.5795,11.0,96,4,0,female,tier_2_urban,gig_delivery
APP_14219,37221.41,11284.21,0.6968,0.3114,0.5769,12.5,58,12,1,male,tier_3_rural,artisan_freelance
APP_14220,35491.09,27451.89,0.2265,0.2152,0.4633,3.7,268,12,0,male,tier_2_urban,grocery_kirana
APP_14221,34634.38,19004.96,0.4513,0.4182,0.0,15.2,65,3,1,male,tier_1_metro,artisan_freelance
APP_14222,42964.92,26966.91,0.3724,0.2464,0.1848,26.0,408,12,1,male,tier_1_metro,street_food
APP_14223,49876.14,23235.41,0.5341,0.1977,0.6878,6.8,257,4,0,female,tier_1_metro,street_food
APP_14224,18477.82,7273.95,0.6063,0.4883,0.2736,7.8,32,3,0,male,tier_2_urban,artisan_freelance
APP_14225,42264.65,19120.07,0.5476,0.1445,0.5458,14.6,438,4,1,male,tier_2_urban,street_food
APP_14226,38733.75,24403.29,0.37,0.1424,0.0,37.0,448,6,1,male,tier_3_rural,street_food
APP_14227,30121.57,11898.9,0.605,0.4466,0.1235,13.6,28,2,1,female,tier_2_urban,artisan_freelance
APP_14228,21580.69,8558.05,0.6034,0.172,0.2566,19.2,181,4,1,male,tier_1_metro,gig_delivery
APP_14229,29253.53,10326.36,0.647,0.5068,0.193,7.6,75,6,0,male,tier_1_metro,artisan_freelance
APP_14230,35028.45,13626.04,0.611,0.2367,0.3671,22.3,179,9,0,female,tier_2_urban,gig_delivery
APP_14231,44496.12,33691.7,0.2428,0.0954,0.4309,11.0,322,4,0,female,tier_2_urban,grocery_kirana
APP_14232,46825.07,34633.86,0.2604,0.2061,0.5744,20.9,161,2,1,male,tier_1_metro,grocery_kirana
APP_14233,55215.95,40260.29,0.2709,0.1079,0.3059,3.7,369,6,0,male,tier_2_urban,grocery_kirana
APP_14234,64098.94,49287.61,0.2311,0.1585,0.6258,4.4,183,6,0,male,tier_2_urban,grocery_kirana
APP_14235,18225.65,8936.29,0.5097,0.181,0.7287,1.0,143,4,1,male,tier_2_urban,gig_delivery
APP_14236,16851.07,10037.99,0.4043,0.2563,0.7062,1.2,73,2,0,female,tier_1_metro,artisan_freelance
APP_14237,41076.53,19782.47,0.5184,0.1394,0.2682,17.4,235,4,1,female,tier_2_urban,street_food
APP_14238,33394.15,19228.91,0.4242,0.48,0.0,7.0,45,4,0,male,tier_1_metro,artisan_freelance
APP_14239,40606.64,28649.39,0.2945,0.1257,0.4388,35.6,170,12,1,female,tier_3_rural,grocery_kirana
APP_14240,54904.38,43190.54,0.2133,0.1878,0.6263,38.3,189,6,1,female,tier_1_metro,grocery_kirana
APP_14241,35134.12,16739.8,0.5235,0.4869,0.6317,7.2,23,6,0,male,tier_2_urban,artisan_freelance
APP_14242,25677.15,12193.93,0.5251,0.2269,0.0,9.4,93,4,0,female,tier_2_urban,gig_delivery
APP_14243,13850.65,5931.67,0.5717,0.3028,0.285,3.7,113,12,0,male,tier_2_urban,gig_delivery
APP_14244,32462.63,14676.17,0.5479,0.2597,0.0,50.4,185,2,1,male,tier_1_metro,gig_delivery
APP_14245,29997.21,11651.35,0.6116,0.1615,0.0,12.0,111,4,1,male,tier_2_urban,gig_delivery
APP_14246,64409.08,44171.91,0.3142,0.1486,0.0,8.9,260,12,1,male,tier_2_urban,grocery_kirana
APP_14247,60378.13,43273.21,0.2833,0.0868,0.5372,21.9,267,4,0,male,tier_1_metro,grocery_kirana
APP_14248,38995.5,24945.68,0.3603,0.2043,0.0,18.8,416,4,1,male,tier_1_metro,street_food
APP_14249,38773.53,20103.05,0.4815,0.2795,0.4623,7.6,189,2,1,female,tier_1_metro,street_food
APP_14250,66273.74,46758.17,0.2945,0.1465,0.2924,14.8,198,9,1,male,tier_1_metro,grocery_kirana
APP_14251,24572.88,11200.85,0.5442,0.2523,0.0,7.0,316,9,1,female,tier_2_urban,street_food
APP_14252,44972.63,31738.92,0.2943,0.1876,0.3122,23.9,263,6,0,male,tier_1_metro,grocery_kirana
APP_14253,36047.49,22118.25,0.3864,0.129,0.3632,1.0,390,3,1,male,tier_1_metro,street_food
APP_14254,44155.07,15659.04,0.6454,0.3236,0.3985,22.8,81,4,1,male,tier_1_metro,artisan_freelance
APP_14255,21462.09,11271.75,0.4748,0.2626,0.0,4.4,60,3,1,male,tier_3_rural,artisan_freelance
APP_14256,38791.62,19941.67,0.4859,0.1292,0.402,4.1,426,9,0,male,tier_1_metro,street_food
APP_14257,29216.39,16342.29,0.4406,0.2222,0.0,40.5,417,9,1,female,tier_3_rural,street_food
APP_14258,30375.97,10748.9,0.6461,0.1911,0.0,8.2,144,3,1,female,tier_1_metro,gig_delivery
APP_14259,28942.41,10548.7,0.6355,0.2592,0.4859,49.6,81,3,1,female,tier_1_metro,artisan_freelance
APP_14260,42391.12,26156.59,0.383,0.234,0.474,19.9,298,12,1,male,tier_2_urban,street_food
APP_14261,34831.1,12329.77,0.646,0.5269,0.2308,1.0,62,4,0,male,tier_2_urban,artisan_freelance
APP_14262,17624.35,5293.0,0.6997,0.3399,0.5096,1.0,31,2,1,female,tier_1_metro,artisan_freelance
APP_14263,25280.78,13753.93,0.456,0.2059,0.0,21.0,207,3,1,male,tier_2_urban,street_food
APP_14264,21908.07,14045.75,0.3589,0.1791,0.305,5.5,436,4,1,female,tier_1_metro,street_food
APP_14265,45433.52,21227.42,0.5328,0.2413,0.5375,12.3,376,3,0,male,tier_2_urban,street_food
APP_14266,41947.86,19712.64,0.5301,0.1957,0.0,11.9,183,4,1,male,tier_1_metro,street_food
APP_14267,19656.67,8281.73,0.5787,0.2596,0.2204,9.0,179,3,1,male,tier_1_metro,gig_delivery
APP_14268,16397.58,8232.65,0.4979,0.4423,0.0,48.2,69,4,0,male,tier_1_metro,artisan_freelance
APP_14269,36273.31,16873.91,0.5348,0.3059,0.1495,3.8,139,12,0,male,tier_1_metro,gig_delivery
APP_14270,28906.35,12880.38,0.5544,0.3129,0.0,12.9,114,6,1,female,tier_2_urban,gig_delivery
APP_14271,40181.76,18680.76,0.5351,0.4528,0.3669,56.7,53,4,1,female,tier_1_metro,artisan_freelance
APP_14272,69131.78,53765.36,0.2223,0.1321,0.5807,15.1,237,6,1,male,tier_1_metro,grocery_kirana
APP_14273,52958.58,37679.31,0.2885,0.1098,0.4542,3.7,270,4,0,male,tier_2_urban,grocery_kirana
APP_14274,24428.33,11054.5,0.5475,0.2566,0.0,23.1,414,12,1,male,tier_2_urban,street_food
APP_14275,20505.98,7789.33,0.6201,0.2854,0.0,47.6,190,6,1,male,tier_3_rural,gig_delivery
APP_14276,34936.13,15917.3,0.5444,0.1953,0.0,4.7,199,3,1,male,tier_1_metro,gig_delivery
APP_14277,22159.34,9554.49,0.5688,0.2614,0.0,4.1,146,2,1,female,tier_2_urban,gig_delivery
APP_14278,30009.99,14643.72,0.512,0.2529,0.0,60.0,158,9,1,male,tier_1_metro,gig_delivery
APP_14279,28566.02,10689.51,0.6258,0.3813,0.6771,11.8,32,6,1,female,tier_2_urban,artisan_freelance
APP_14280,61078.16,29055.24,0.5243,0.2943,0.0785,1.0,22,9,1,male,tier_2_urban,artisan_freelance
APP_14281,39210.65,17580.78,0.5516,0.4305,0.5822,1.4,36,4,1,male,tier_3_rural,artisan_freelance
APP_14282,24027.93,10063.91,0.5812,0.2,0.0,1.2,109,6,1,male,tier_3_rural,gig_delivery
APP_14283,21274.66,8196.44,0.6147,0.2271,0.0,42.8,138,2,1,male,tier_2_urban,gig_delivery
APP_14284,72287.2,54911.29,0.2404,0.0828,0.251,1.0,360,4,1,male,tier_1_metro,grocery_kirana
APP_14285,31145.71,14071.71,0.5482,0.2307,0.6188,34.6,183,6,1,male,tier_1_metro,gig_delivery
APP_14286,26057.62,11226.52,0.5692,0.2878,0.3252,29.6,192,6,1,female,tier_1_metro,gig_delivery
APP_14287,37853.61,28670.55,0.2426,0.2108,0.0,6.0,385,4,0,male,tier_3_rural,grocery_kirana
APP_14288,32855.81,11672.03,0.6448,0.2271,0.0,1.0,187,4,0,male,tier_3_rural,gig_delivery
APP_14289,46308.48,24296.02,0.4753,0.2693,0.2898,12.7,446,9,1,male,tier_1_metro,street_food
APP_14290,40827.72,18813.29,0.5392,0.2102,0.0,8.4,322,9,0,male,tier_3_rural,street_food
APP_14291,59296.2,48440.86,0.1831,0.1423,0.3874,1.9,181,2,0,male,tier_1_metro,grocery_kirana
APP_14292,29194.38,13887.95,0.5243,0.2765,0.689,31.4,81,3,1,male,tier_1_metro,gig_delivery
APP_14293,33347.28,18194.69,0.4544,0.3876,0.3408,17.4,51,2,1,female,tier_3_rural,artisan_freelance
APP_14294,30542.49,11060.2,0.6379,0.3725,0.7155,10.5,44,6,1,female,tier_2_urban,artisan_freelance
APP_14295,31732.73,15211.55,0.5206,0.2588,0.5917,17.2,68,9,1,male,tier_3_rural,artisan_freelance
APP_14296,28037.89,10192.05,0.6365,0.286,0.0,14.8,105,6,0,male,tier_2_urban,gig_delivery
APP_14297,43093.98,32362.06,0.249,0.1895,0.3518,19.4,374,4,1,male,tier_1_metro,grocery_kirana
APP_14298,56090.66,40271.38,0.282,0.1702,0.0,28.9,281,3,1,male,tier_1_metro,grocery_kirana
APP_14299,25368.28,16274.06,0.3585,0.2765,0.2354,12.8,192,4,1,female,tier_1_metro,street_food
APP_14300,29000.97,17246.93,0.4053,0.128,0.0,9.6,386,6,1,male,tier_1_metro,street_food
APP_14301,25157.91,12540.46,0.5015,0.4376,0.0,16.6,52,9,1,male,tier_1_metro,artisan_freelance
APP_14302,34680.7,13503.92,0.6106,0.3016,0.1726,2.1,133,3,1,male,tier_1_metro,gig_delivery
APP_14303,26771.08,9708.83,0.6373,0.2301,0.0,4.6,149,4,1,female,tier_1_metro,gig_delivery
APP_14304,27803.06,11864.0,0.5733,0.2436,0.1367,60.0,171,6,1,male,tier_1_metro,gig_delivery
APP_14305,37854.66,21361.91,0.4357,0.144,0.1031,5.1,382,6,1,male,tier_1_metro,street_food
APP_14306,58209.25,46258.68,0.2053,0.116,0.0,1.0,336,4,0,female,tier_2_urban,grocery_kirana
APP_14307,23275.26,10401.13,0.5531,0.1697,0.0,1.1,143,9,1,male,tier_1_metro,gig_delivery
APP_14308,40932.61,28431.87,0.3054,0.1254,0.0,8.6,201,2,0,female,tier_1_metro,grocery_kirana
APP_14309,18256.43,7622.77,0.5825,0.2139,0.0,20.3,140,6,1,male,tier_2_urban,gig_delivery
APP_14310,44107.43,33214.2,0.247,0.172,0.0,2.2,251,6,1,male,tier_3_rural,grocery_kirana
APP_14311,75741.04,60151.36,0.2058,0.0888,0.4904,10.6,154,9,1,female,tier_2_urban,grocery_kirana
APP_14312,21296.27,11378.37,0.4657,0.274,0.5824,2.1,27,6,0,male,tier_1_metro,artisan_freelance
APP_14313,47554.06,27971.52,0.4118,0.127,0.0,1.0,358,4,1,female,tier_2_urban,street_food
APP_14314,23082.56,8098.39,0.6492,0.19,0.0,19.1,141,6,1,female,tier_1_metro,gig_delivery
APP_14315,22587.01,8079.85,0.6423,0.2021,0.337,29.2,181,4,1,female,tier_3_rural,gig_delivery
APP_14316,29298.11,17112.22,0.4159,0.2175,0.3381,16.6,210,9,1,female,tier_2_urban,street_food
APP_14317,24130.49,10050.16,0.5835,0.221,0.3268,6.0,107,9,0,male,tier_1_metro,gig_delivery
APP_14318,81481.39,58986.7,0.2761,0.1134,0.1088,20.2,343,6,1,male,tier_1_metro,grocery_kirana
APP_14319,15134.7,5242.26,0.6536,0.4963,0.0,17.7,70,3,1,female,tier_1_metro,artisan_freelance
APP_14320,43520.01,24356.58,0.4403,0.1455,0.0,3.3,246,12,1,female,tier_2_urban,street_food
APP_14321,65191.96,50158.55,0.2306,0.1485,0.1783,5.5,201,4,1,male,tier_3_rural,grocery_kirana
APP_14322,47006.98,19384.85,0.5876,0.3424,0.1134,10.7,21,9,1,female,tier_1_metro,artisan_freelance
APP_14323,25456.78,12254.58,0.5186,0.2875,0.1988,2.2,164,12,0,male,tier_1_metro,gig_delivery
APP_14324,29694.89,16983.61,0.4281,0.2026,0.0,19.7,353,6,1,male,tier_3_rural,street_food
APP_14325,32343.11,19799.34,0.3878,0.2714,0.4738,5.0,288,3,0,male,tier_3_rural,street_food
APP_14326,48072.25,38517.8,0.1988,0.1058,0.666,1.0,178,4,0,male,tier_2_urban,grocery_kirana
APP_14327,45508.47,16009.39,0.6482,0.4823,0.0,20.0,54,12,1,female,tier_3_rural,artisan_freelance
APP_14328,31492.73,18260.53,0.4202,0.3883,0.0,3.8,63,12,0,female,tier_1_metro,artisan_freelance
APP_14329,40824.29,24379.66,0.4028,0.1561,0.0,6.0,214,6,1,male,tier_2_urban,street_food
APP_14330,74276.85,50801.52,0.3161,0.1027,0.0,5.4,237,6,0,male,tier_3_rural,grocery_kirana
APP_14331,46250.65,35991.32,0.2218,0.1227,0.6173,12.3,278,2,0,female,tier_1_metro,grocery_kirana
APP_14332,24893.38,15838.53,0.3637,0.1839,0.0,2.4,420,6,1,female,tier_1_metro,street_food
APP_14333,39197.7,12375.94,0.6843,0.4973,0.0564,12.1,77,3,0,male,tier_2_urban,artisan_freelance
APP_14334,64441.74,45532.58,0.2934,0.193,0.4476,2.7,390,12,1,male,tier_3_rural,grocery_kirana
APP_14335,20476.99,7426.12,0.6373,0.3398,0.0,13.0,84,4,0,male,tier_1_metro,artisan_freelance
APP_14336,50119.88,37902.8,0.2438,0.1778,0.0,22.0,257,4,0,female,tier_2_urban,grocery_kirana
APP_14337,42721.75,19958.48,0.5328,0.4674,0.1347,5.8,78,6,1,male,tier_1_metro,artisan_freelance
APP_14338,41277.56,17100.12,0.5857,0.4354,0.0,1.0,79,9,0,female,tier_2_urban,artisan_freelance
APP_14339,43420.02,21386.94,0.5074,0.3277,0.6264,5.9,88,3,1,female,tier_2_urban,artisan_freelance
APP_14340,34594.93,16854.79,0.5128,0.4946,0.5788,15.5,61,4,0,male,tier_1_metro,artisan_freelance
APP_14341,22272.51,11303.8,0.4925,0.3128,0.0,13.1,68,6,1,female,tier_2_urban,artisan_freelance
APP_14342,41130.66,12486.58,0.6964,0.4573,0.2005,1.0,50,2,0,female,tier_2_urban,artisan_freelance
APP_14343,76988.33,58014.89,0.2464,0.108,0.2616,2.1,337,4,0,male,tier_1_metro,grocery_kirana
APP_14344,53685.74,28721.37,0.465,0.2392,0.2711,9.7,224,9,0,male,tier_2_urban,street_food
APP_14345,58721.57,32392.9,0.4484,0.5396,0.0,4.1,75,6,1,female,tier_1_metro,artisan_freelance
APP_14346,39433.07,21268.11,0.4607,0.1564,0.6759,18.5,425,2,1,male,tier_1_metro,street_food
APP_14347,20527.88,10199.34,0.5031,0.2173,0.0,8.7,174,3,1,male,tier_1_metro,gig_delivery
APP_14348,49731.24,19173.16,0.6145,0.4786,0.0,3.7,78,3,0,male,tier_1_metro,artisan_freelance
APP_14349,33333.68,21224.35,0.3633,0.1808,0.4835,21.3,259,4,1,female,tier_2_urban,street_food
APP_14350,31657.43,13549.72,0.572,0.3729,0.7227,5.5,57,4,1,female,tier_1_metro,artisan_freelance
APP_14351,26588.35,13008.41,0.5107,0.1997,0.1538,6.0,182,2,0,male,tier_2_urban,gig_delivery
APP_14352,40528.77,19992.09,0.5067,0.2316,0.5794,5.9,207,4,1,female,tier_1_metro,street_food
APP_14353,34822.88,13486.09,0.6127,0.3133,0.4927,5.2,183,6,0,female,tier_1_metro,gig_delivery
APP_14354,68947.13,50645.9,0.2654,0.1061,0.5561,21.5,235,6,0,female,tier_2_urban,grocery_kirana
APP_14355,71423.31,28934.91,0.5949,0.3813,0.6295,3.3,30,9,0,female,tier_3_rural,artisan_freelance
APP_14356,26828.43,12508.83,0.5337,0.157,0.0,4.8,95,6,0,male,tier_3_rural,gig_delivery
APP_14357,46557.53,22450.84,0.5178,0.2036,0.0,4.8,373,4,1,male,tier_2_urban,street_food
APP_14358,19323.6,6838.96,0.6461,0.3425,0.0,5.9,69,2,1,male,tier_1_metro,artisan_freelance
APP_14359,65670.6,51886.87,0.2099,0.2073,0.0,6.0,201,6,1,female,tier_1_metro,grocery_kirana
APP_14360,40232.95,21795.28,0.4583,0.3569,0.0,13.3,71,3,1,female,tier_2_urban,artisan_freelance
APP_14361,48087.61,27943.06,0.4189,0.1694,0.1284,27.5,272,4,1,female,tier_2_urban,street_food
APP_14362,32341.4,20305.33,0.3722,0.2502,0.338,6.6,281,9,1,male,tier_1_metro,street_food
APP_14363,31587.06,16760.22,0.4694,0.4407,0.0,14.9,21,6,0,male,tier_2_urban,artisan_freelance
APP_14364,65345.33,45723.89,0.3003,0.1266,0.1816,5.4,170,12,0,male,tier_2_urban,grocery_kirana
APP_14365,27745.35,13550.89,0.5116,0.2275,0.5079,1.0,173,12,1,female,tier_3_rural,gig_delivery
APP_14366,45815.28,27786.51,0.3935,0.1493,0.4365,3.6,212,3,0,female,tier_1_metro,street_food
APP_14367,57527.87,45532.0,0.2085,0.1388,0.0,29.0,349,3,1,male,tier_1_metro,grocery_kirana
APP_14368,18401.0,8090.62,0.5603,0.5362,0.6542,15.6,40,4,1,male,tier_1_metro,artisan_freelance
APP_14369,35564.11,15668.36,0.5594,0.1726,0.3807,2.7,130,6,1,male,tier_1_metro,gig_delivery
APP_14370,25774.67,12695.12,0.5075,0.2613,0.0,1.0,88,9,1,female,tier_3_rural,gig_delivery
APP_14371,21489.54,9180.8,0.5728,0.3128,0.0,27.3,81,6,0,male,tier_1_metro,gig_delivery
APP_14372,34427.54,17620.42,0.4882,0.2175,0.7008,8.1,279,9,1,female,tier_3_rural,street_food
APP_14373,29661.25,15387.11,0.4812,0.2982,0.6627,23.8,56,2,1,female,tier_2_urban,artisan_freelance
APP_14374,18143.34,8499.87,0.5315,0.2002,0.3745,1.0,122,6,0,male,tier_2_urban,gig_delivery
APP_14375,38856.4,19870.48,0.4886,0.1299,0.2196,1.0,332,2,0,male,tier_3_rural,street_food
APP_14376,31951.5,14010.33,0.5615,0.1958,0.4067,2.1,151,4,1,male,tier_1_metro,gig_delivery
APP_14377,57988.4,44794.25,0.2275,0.212,0.0,1.1,293,4,1,female,tier_3_rural,grocery_kirana
APP_14378,46600.02,33092.13,0.2899,0.1709,0.2671,1.1,344,6,0,male,tier_3_rural,grocery_kirana
APP_14379,73582.51,58531.1,0.2046,0.1162,0.1498,13.7,225,9,0,female,tier_1_metro,grocery_kirana
APP_14380,33882.42,10326.13,0.6952,0.5136,0.3399,1.6,84,4,1,male,tier_3_rural,artisan_freelance
APP_14381,48234.81,38865.65,0.1942,0.1852,0.0,5.7,191,6,0,male,tier_3_rural,grocery_kirana
APP_14382,38510.46,21616.31,0.4387,0.3635,0.5329,10.2,83,6,0,female,tier_1_metro,artisan_freelance
APP_14383,43828.0,14090.2,0.6785,0.3291,0.0,12.7,33,4,1,male,tier_2_urban,artisan_freelance
APP_14384,40326.57,29197.04,0.276,0.1249,0.1499,23.1,239,6,1,male,tier_3_rural,grocery_kirana
APP_14385,19662.65,8202.8,0.5828,0.1503,0.0,3.4,117,6,1,male,tier_2_urban,gig_delivery
APP_14386,35568.31,18869.68,0.4695,0.1622,0.0,3.5,418,6,1,male,tier_2_urban,street_food
APP_14387,30083.88,14090.44,0.5316,0.245,0.0,24.1,162,12,1,male,tier_1_metro,gig_delivery
APP_14388,57647.81,43205.79,0.2505,0.1181,0.0,7.9,186,6,0,male,tier_2_urban,grocery_kirana
APP_14389,72810.88,59515.4,0.1826,0.1556,0.5795,37.1,359,12,1,male,tier_1_metro,grocery_kirana
APP_14390,28254.93,13845.59,0.51,0.2223,0.2101,4.5,102,4,1,female,tier_1_metro,gig_delivery
APP_14391,33920.25,25103.77,0.2599,0.163,0.3048,17.8,334,4,1,male,tier_1_metro,grocery_kirana
APP_14392,69073.21,56518.18,0.1818,0.1217,0.5405,17.5,330,9,1,male,tier_2_urban,grocery_kirana
APP_14393,30983.59,18194.71,0.4128,0.2887,0.0,27.0,74,4,1,male,tier_2_urban,artisan_freelance
APP_14394,47121.65,25038.09,0.4686,0.2968,0.5721,9.5,46,4,0,female,tier_2_urban,artisan_freelance
APP_14395,63527.01,44968.54,0.2921,0.1296,0.3391,60.0,244,12,1,male,tier_3_rural,grocery_kirana
APP_14396,32346.48,18565.23,0.4261,0.5185,0.6687,2.9,27,4,0,male,tier_1_metro,artisan_freelance
APP_14397,50410.06,36214.72,0.2816,0.1418,0.491,6.8,398,6,1,male,tier_3_rural,grocery_kirana
APP_14398,54047.86,17301.57,0.6799,0.4288,0.0962,7.4,87,3,1,male,tier_3_rural,artisan_freelance
APP_14399,24451.06,10541.84,0.5689,0.314,0.3609,14.3,146,9,1,female,tier_1_metro,gig_delivery
APP_14400,31467.15,18075.93,0.4256,0.2791,0.0,52.2,196,4,1,female,tier_1_metro,street_food
APP_14401,26472.04,12886.12,0.5132,0.2884,0.162,11.8,121,2,0,male,tier_2_urban,gig_delivery
APP_14402,47977.51,38727.9,0.1928,0.2147,0.7484,2.4,263,2,0,male,tier_1_metro,grocery_kirana
APP_14403,51752.29,26928.32,0.4797,0.2323,0.2224,26.1,230,4,1,male,tier_2_urban,street_food
APP_14404,65742.8,45322.05,0.3106,0.1928,0.1224,1.6,293,6,1,female,tier_2_urban,grocery_kirana
APP_14405,28761.37,11962.95,0.5841,0.1625,0.0,16.8,159,4,1,male,tier_2_urban,gig_delivery
APP_14406,26096.16,11654.91,0.5534,0.167,0.4343,11.9,182,4,1,male,tier_1_metro,gig_delivery
APP_14407,32455.59,13569.23,0.5819,0.3007,0.0,37.4,69,6,1,male,tier_2_urban,artisan_freelance
APP_14408,64280.1,48310.03,0.2484,0.1029,0.4818,30.6,155,6,1,male,tier_3_rural,grocery_kirana
APP_14409,24883.11,10900.47,0.5619,0.2085,0.6915,3.1,105,6,0,male,tier_1_metro,gig_delivery
APP_14410,41123.96,32604.55,0.2072,0.1348,0.0,3.0,346,4,0,female,tier_3_rural,grocery_kirana
APP_14411,25256.95,11580.0,0.5415,0.3105,0.0,14.5,174,9,1,male,tier_1_metro,gig_delivery
APP_14412,24200.12,13742.06,0.4321,0.1573,0.5579,5.8,407,3,1,female,tier_1_metro,street_food
APP_14413,25908.82,19980.34,0.2288,0.1078,0.0,12.1,180,2,1,male,tier_1_metro,grocery_kirana
APP_14414,37142.36,17447.87,0.5302,0.2513,0.1918,14.9,221,4,1,female,tier_2_urban,street_food
APP_14415,60179.3,48633.84,0.1919,0.213,0.7067,9.3,277,2,0,female,tier_2_urban,grocery_kirana
APP_14416,29594.02,17498.63,0.4087,0.47,0.2632,12.6,29,3,1,male,tier_1_metro,artisan_freelance
APP_14417,44385.68,27425.43,0.3821,0.1504,0.2574,8.1,341,9,1,male,tier_1_metro,street_food
APP_14418,56391.46,39881.0,0.2928,0.1481,0.0947,6.4,304,6,1,male,tier_1_metro,grocery_kirana
APP_14419,43237.13,27502.61,0.3639,0.2135,0.4793,8.4,270,12,1,male,tier_1_metro,street_food
APP_14420,33000.08,21099.79,0.3606,0.242,0.201,7.4,304,9,1,male,tier_3_rural,street_food
APP_14421,31678.01,13645.82,0.5692,0.362,0.0,5.1,33,6,1,male,tier_1_metro,artisan_freelance
APP_14422,59600.11,44888.98,0.2468,0.1735,0.0,5.7,346,6,1,female,tier_3_rural,grocery_kirana
APP_14423,35519.87,17254.76,0.5142,0.2451,0.0,1.0,156,6,1,female,tier_1_metro,gig_delivery
APP_14424,37215.12,30025.65,0.1932,0.1545,0.0,28.1,295,6,1,male,tier_2_urban,grocery_kirana
APP_14425,56884.47,44388.79,0.2197,0.1314,0.6949,8.0,368,12,0,female,tier_2_urban,grocery_kirana
APP_14426,44967.41,34671.16,0.229,0.1705,0.5059,60.0,287,4,1,male,tier_2_urban,grocery_kirana
APP_14427,19532.11,7025.36,0.6403,0.2406,0.1365,7.9,193,4,1,female,tier_2_urban,gig_delivery
APP_14428,35713.88,17573.15,0.5079,0.2623,0.1681,47.6,397,6,1,male,tier_1_metro,street_food
APP_14429,29069.68,18161.18,0.3753,0.1271,0.0,12.4,223,12,1,female,tier_1_metro,street_food
APP_14430,33097.92,17114.74,0.4829,0.5317,0.3005,8.2,27,4,0,female,tier_2_urban,artisan_freelance
APP_14431,34463.26,14130.76,0.59,0.441,0.4006,37.5,57,3,1,female,tier_2_urban,artisan_freelance
APP_14432,62752.6,46195.77,0.2638,0.1329,0.41,2.7,336,3,0,male,tier_2_urban,grocery_kirana
APP_14433,44233.25,28167.68,0.3632,0.2479,0.5396,3.5,411,4,1,female,tier_1_metro,street_food
APP_14434,42865.33,15770.86,0.6321,0.4887,0.0,18.3,26,4,0,male,tier_1_metro,artisan_freelance
APP_14435,33216.2,11641.73,0.6495,0.3135,0.2186,1.0,75,4,1,male,tier_1_metro,artisan_freelance
APP_14436,27872.58,13834.19,0.5037,0.2486,0.202,34.2,147,4,1,male,tier_3_rural,gig_delivery
APP_14437,50772.34,39514.54,0.2217,0.1577,0.2281,37.2,286,9,1,male,tier_1_metro,grocery_kirana
APP_14438,29986.21,13958.45,0.5345,0.1526,0.3332,1.6,106,4,1,female,tier_1_metro,gig_delivery
APP_14439,35266.95,15356.91,0.5646,0.2836,0.6947,10.6,137,4,1,male,tier_2_urban,gig_delivery
APP_14440,44274.94,23088.04,0.4785,0.2701,0.3427,41.1,425,4,1,male,tier_1_metro,street_food
APP_14441,63553.66,44780.86,0.2954,0.1788,0.3066,11.8,208,4,0,male,tier_1_metro,grocery_kirana
APP_14442,79381.52,59577.52,0.2495,0.2082,0.5854,22.9,196,3,1,male,tier_2_urban,grocery_kirana
APP_14443,19862.74,9718.01,0.5107,0.1923,0.0,7.7,182,9,1,female,tier_1_metro,gig_delivery
APP_14444,34119.72,16365.01,0.5204,0.2864,0.3959,4.0,158,3,0,male,tier_1_metro,gig_delivery
APP_14445,41589.23,20724.66,0.5017,0.1679,0.0,3.0,438,4,0,female,tier_1_metro,street_food
APP_14446,31370.65,12643.66,0.597,0.2667,0.5302,1.0,74,6,0,female,tier_3_rural,artisan_freelance
APP_14447,38321.74,22447.81,0.4142,0.2791,0.472,21.6,219,4,1,male,tier_1_metro,street_food
APP_14448,19889.62,9379.46,0.5284,0.2973,0.0,3.4,160,4,1,male,tier_1_metro,gig_delivery
APP_14449,37858.17,15729.01,0.5845,0.3843,0.0,8.3,26,2,1,male,tier_1_metro,artisan_freelance
APP_14450,30295.08,14532.39,0.5203,0.2911,0.0,4.2,159,4,0,male,tier_1_metro,gig_delivery
APP_14451,40334.37,25970.08,0.3561,0.1401,0.0,33.9,193,3,1,male,tier_3_rural,street_food
APP_14452,29548.46,10697.94,0.638,0.4609,0.2659,5.0,59,3,1,female,tier_3_rural,artisan_freelance
APP_14453,46140.48,32680.28,0.2917,0.131,0.6178,7.4,286,4,0,male,tier_3_rural,grocery_kirana
APP_14454,40911.14,19124.9,0.5325,0.2139,0.0,1.0,205,4,1,male,tier_2_urban,street_food
APP_14455,48710.07,16066.86,0.6702,0.4589,0.0953,10.6,61,2,1,male,tier_1_metro,artisan_freelance
APP_14456,34676.67,14302.84,0.5875,0.1639,0.0,4.5,94,4,0,male,tier_1_metro,gig_delivery
APP_14457,44637.18,33060.8,0.2593,0.1425,0.0,25.9,351,4,1,male,tier_1_metro,grocery_kirana
APP_14458,75365.34,53209.92,0.294,0.1507,0.6473,11.0,270,6,0,male,tier_3_rural,grocery_kirana
APP_14459,24757.62,9445.0,0.6185,0.2139,0.5373,6.3,160,2,0,female,tier_3_rural,gig_delivery
APP_14460,41705.11,24954.64,0.4016,0.2753,0.0,1.0,257,4,0,female,tier_2_urban,street_food
APP_14461,25218.49,12051.35,0.5221,0.1819,0.0,14.1,175,2,0,female,tier_3_rural,gig_delivery
APP_14462,48643.67,39403.04,0.19,0.1769,0.3509,31.3,318,4,0,male,tier_2_urban,grocery_kirana
APP_14463,46916.42,24229.38,0.4836,0.2583,0.0,1.9,333,9,1,female,tier_2_urban,street_food
APP_14464,39908.67,23019.32,0.4232,0.2244,0.5823,6.1,239,3,0,female,tier_1_metro,street_food
APP_14465,32214.33,11330.36,0.6483,0.3127,0.0,9.3,82,12,1,female,tier_1_metro,gig_delivery
APP_14466,43079.83,13920.18,0.6769,0.5341,0.7443,1.0,78,4,0,male,tier_1_metro,artisan_freelance
APP_14467,48811.15,39019.24,0.2006,0.2152,0.0,27.4,200,4,0,male,tier_1_metro,grocery_kirana
APP_14468,72906.38,52899.4,0.2744,0.1161,0.7466,8.0,261,6,0,female,tier_2_urban,grocery_kirana
APP_14469,44996.96,32924.8,0.2683,0.104,0.0,9.0,151,6,1,female,tier_3_rural,grocery_kirana
APP_14470,64152.74,46075.31,0.2818,0.1908,0.0,22.2,192,4,1,male,tier_3_rural,grocery_kirana
APP_14471,34097.77,14991.92,0.5603,0.2631,0.0,7.5,168,6,0,male,tier_2_urban,gig_delivery
APP_14472,41460.28,33111.11,0.2014,0.1876,0.2138,9.5,301,6,1,male,tier_3_rural,grocery_kirana
APP_14473,65788.18,53560.06,0.1859,0.1069,0.3925,37.9,234,9,1,male,tier_1_metro,grocery_kirana
APP_14474,24364.24,11663.65,0.5213,0.2848,0.0,16.9,122,3,1,male,tier_1_metro,gig_delivery
APP_14475,84932.44,59398.91,0.3006,0.1084,0.0,7.3,212,3,1,female,tier_2_urban,grocery_kirana
APP_14476,45190.69,28780.59,0.3631,0.205,0.0,7.1,269,4,1,female,tier_1_metro,street_food
APP_14477,29965.02,14014.59,0.5323,0.4356,0.0,22.2,51,2,1,female,tier_2_urban,artisan_freelance
APP_14478,40289.87,30879.25,0.2336,0.214,0.0,1.0,368,6,1,male,tier_3_rural,grocery_kirana
APP_14479,36248.56,17480.98,0.5177,0.519,0.6651,8.9,38,6,1,male,tier_1_metro,artisan_freelance
APP_14480,33756.24,12595.46,0.6269,0.2608,0.0,7.4,58,6,1,male,tier_1_metro,artisan_freelance
APP_14481,38172.06,20099.16,0.4735,0.264,0.1734,25.6,227,9,0,male,tier_2_urban,street_food
APP_14482,33961.06,19175.61,0.4354,0.4455,0.7181,9.5,44,4,0,male,tier_1_metro,artisan_freelance
APP_14483,73125.95,54660.99,0.2525,0.203,0.3628,5.8,251,9,1,female,tier_2_urban,grocery_kirana
APP_14484,30254.37,16227.27,0.4636,0.3381,0.0,10.6,60,12,1,female,tier_1_metro,artisan_freelance
APP_14485,30189.38,15836.0,0.4754,0.2224,0.5523,11.1,334,3,0,male,tier_2_urban,street_food
APP_14486,27236.07,9903.32,0.6364,0.1933,0.1294,23.6,161,3,1,male,tier_1_metro,gig_delivery
APP_14487,43595.88,21657.42,0.5032,0.5241,0.5938,27.0,63,2,0,male,tier_1_metro,artisan_freelance
APP_14488,49416.97,16501.91,0.6661,0.5491,0.0,36.6,64,3,1,male,tier_1_metro,artisan_freelance
APP_14489,61404.52,47047.0,0.2338,0.093,0.7317,1.0,395,3,0,female,tier_2_urban,grocery_kirana
APP_14490,33443.83,16540.65,0.5054,0.2463,0.7277,1.0,136,6,0,female,tier_1_metro,gig_delivery
APP_14491,35354.52,19506.12,0.4483,0.3326,0.1391,5.9,33,12,1,female,tier_2_urban,artisan_freelance
APP_14492,29671.57,14007.01,0.5279,0.3187,0.6033,4.1,199,4,0,female,tier_2_urban,gig_delivery
APP_14493,35377.81,19338.88,0.4534,0.3019,0.3619,3.0,45,4,1,female,tier_1_metro,artisan_freelance
APP_14494,30621.89,14971.56,0.5111,0.2294,0.4214,14.7,435,4,0,female,tier_3_rural,street_food
APP_14495,31648.58,11663.55,0.6315,0.2157,0.6136,8.2,197,3,1,male,tier_1_metro,gig_delivery
APP_14496,55003.94,39732.67,0.2776,0.1315,0.6528,11.4,291,6,0,male,tier_1_metro,grocery_kirana
APP_14497,20610.04,14198.7,0.3111,0.0957,0.3116,13.1,234,4,1,female,tier_3_rural,grocery_kirana
APP_14498,33721.14,18650.91,0.4469,0.2299,0.3245,10.6,301,4,1,male,tier_1_metro,street_food
APP_14499,15484.6,8354.19,0.4605,0.3833,0.0,4.2,34,3,0,female,tier_2_urban,artisan_freelance
APP_14500,23979.31,10362.62,0.5679,0.2946,0.0,13.1,161,3,0,female,tier_2_urban,gig_delivery
APP_14501,22047.87,8822.13,0.5999,0.163,0.0,4.7,197,4,1,female,tier_2_urban,gig_delivery
APP_14502,40603.19,25230.84,0.3786,0.2268,0.0,21.4,429,3,0,male,tier_2_urban,street_food
APP_14503,25093.12,7533.38,0.6998,0.5053,0.0,20.4,41,2,1,male,tier_2_urban,artisan_freelance
APP_14504,56303.03,19626.74,0.6514,0.4132,0.0,21.9,89,3,1,female,tier_2_urban,artisan_freelance
APP_14505,22449.08,9496.76,0.577,0.2412,0.5448,4.3,160,2,0,male,tier_3_rural,gig_delivery
APP_14506,36646.29,21014.52,0.4266,0.2494,0.5672,1.0,290,2,0,male,tier_1_metro,street_food
APP_14507,26797.39,11556.59,0.5687,0.1615,0.7288,9.1,100,3,1,male,tier_1_metro,gig_delivery
APP_14508,30417.33,15020.79,0.5062,0.2662,0.0,3.5,83,6,0,male,tier_2_urban,gig_delivery
APP_14509,36793.66,20665.36,0.4383,0.238,0.4133,9.7,319,12,1,male,tier_3_rural,street_food
APP_14510,38279.43,20892.18,0.4542,0.2755,0.6215,14.2,311,6,1,female,tier_2_urban,street_food
APP_14511,29880.3,18444.38,0.3827,0.1654,0.3061,19.8,314,9,1,female,tier_2_urban,street_food
APP_14512,45233.2,29032.11,0.3582,0.2421,0.0,3.8,327,9,1,male,tier_2_urban,street_food
APP_14513,73836.23,51012.02,0.3091,0.1848,0.0,6.7,223,6,0,male,tier_1_metro,grocery_kirana
APP_14514,42439.18,21578.44,0.4915,0.1521,0.0,1.1,211,12,1,male,tier_2_urban,street_food
APP_14515,23930.74,7811.17,0.6736,0.3199,0.0,4.6,67,12,1,male,tier_2_urban,artisan_freelance
APP_14516,35153.09,12985.93,0.6306,0.181,0.0,4.0,132,6,1,male,tier_3_rural,gig_delivery
APP_14517,32735.95,16625.94,0.4921,0.2434,0.0,1.0,238,4,0,male,tier_1_metro,street_food
APP_14518,42681.13,19709.73,0.5382,0.4531,0.0,20.6,56,3,1,female,tier_2_urban,artisan_freelance
APP_14519,31559.0,13081.86,0.5855,0.2592,0.1312,4.4,184,3,1,male,tier_2_urban,gig_delivery
APP_14520,33350.53,23731.65,0.2884,0.1314,0.0,25.2,169,3,1,female,tier_1_metro,grocery_kirana
APP_14521,12000.0,6376.94,0.4686,0.4946,0.0,17.3,88,9,0,female,tier_3_rural,artisan_freelance
APP_14522,41306.89,12596.28,0.6951,0.451,0.0,1.4,61,6,1,male,tier_1_metro,artisan_freelance
APP_14523,25999.66,10138.23,0.6101,0.2762,0.0,13.7,190,4,0,male,tier_3_rural,gig_delivery
APP_14524,34293.5,17910.26,0.4777,0.3564,0.1175,1.0,79,4,0,female,tier_1_metro,artisan_freelance
APP_14525,34468.97,14176.33,0.5887,0.2133,0.0,30.4,122,9,1,male,tier_1_metro,gig_delivery
APP_14526,37667.03,30467.95,0.1911,0.1678,0.0,7.3,324,4,1,male,tier_3_rural,grocery_kirana
APP_14527,29093.11,13003.38,0.553,0.1675,0.2361,5.0,160,9,1,female,tier_1_metro,gig_delivery
APP_14528,20634.19,8982.59,0.5647,0.1589,0.4418,16.7,84,2,1,female,tier_2_urban,gig_delivery
APP_14529,68588.87,52858.94,0.2293,0.1949,0.0,28.6,243,4,1,female,tier_2_urban,grocery_kirana
APP_14530,30704.5,14709.92,0.5209,0.2618,0.4418,4.3,192,4,0,male,tier_3_rural,gig_delivery
APP_14531,46040.91,27814.82,0.3959,0.1298,0.3313,3.9,340,6,1,female,tier_2_urban,street_food
APP_14532,35198.88,21104.05,0.4004,0.3559,0.2115,6.4,56,3,0,male,tier_3_rural,artisan_freelance
APP_14533,45542.11,22473.9,0.5065,0.2083,0.2392,34.3,253,4,1,male,tier_3_rural,street_food
APP_14534,27218.14,11350.36,0.583,0.2064,0.4623,1.0,135,6,0,male,tier_3_rural,gig_delivery
APP_14535,66202.88,53467.98,0.1924,0.1744,0.0,14.1,232,9,0,male,tier_3_rural,grocery_kirana
APP_14536,38380.12,20514.01,0.4655,0.2388,0.7321,4.9,259,4,0,male,tier_1_metro,street_food
APP_14537,22197.92,9202.63,0.5854,0.3171,0.0,26.9,101,6,1,female,tier_3_rural,gig_delivery
APP_14538,31697.84,13341.88,0.5791,0.2108,0.0,1.0,88,3,0,male,tier_2_urban,gig_delivery
APP_14539,30175.55,13406.03,0.5557,0.3168,0.2328,3.6,176,12,0,male,tier_2_urban,gig_delivery
APP_14540,35397.14,20501.49,0.4208,0.1437,0.0,5.8,253,4,1,male,tier_3_rural,street_food
APP_14541,34850.08,17278.36,0.5042,0.1371,0.5803,24.2,300,4,1,male,tier_3_rural,street_food
APP_14542,79131.11,64048.85,0.1906,0.1617,0.53,2.2,306,2,1,male,tier_2_urban,grocery_kirana
APP_14543,43759.53,32238.02,0.2633,0.0984,0.4759,3.9,317,4,0,female,tier_2_urban,grocery_kirana
APP_14544,13593.63,5299.15,0.6102,0.4322,0.3777,3.1,36,3,0,male,tier_2_urban,artisan_freelance
APP_14545,21832.32,9350.36,0.5717,0.2257,0.713,20.5,88,3,1,female,tier_1_metro,gig_delivery
APP_14546,19012.73,7730.19,0.5934,0.1696,0.2449,11.2,112,4,1,male,tier_3_rural,gig_delivery
APP_14547,26630.34,11497.22,0.5683,0.1728,0.0,6.6,105,4,0,male,tier_1_metro,gig_delivery
APP_14548,43707.36,35583.87,0.1859,0.1228,0.3593,1.7,197,12,1,male,tier_1_metro,grocery_kirana
APP_14549,38261.57,11562.78,0.6978,0.2568,0.0,9.8,75,6,1,female,tier_1_metro,artisan_freelance
APP_14550,19261.47,8021.85,0.5835,0.2785,0.0,26.1,104,6,1,male,tier_1_metro,gig_delivery
APP_14551,28748.15,12350.7,0.5704,0.2909,0.0,18.1,105,6,1,male,tier_3_rural,gig_delivery
APP_14552,26454.68,12935.36,0.511,0.1703,0.0,22.4,156,4,0,male,tier_1_metro,gig_delivery
APP_14553,56472.38,41943.43,0.2573,0.1041,0.1878,44.6,368,6,1,female,tier_2_urban,grocery_kirana
APP_14554,23823.47,10157.34,0.5736,0.2147,0.5356,51.5,126,6,1,female,tier_1_metro,gig_delivery
APP_14555,22182.5,9073.44,0.591,0.2727,0.4483,19.3,106,6,1,male,tier_1_metro,gig_delivery
APP_14556,46134.49,20835.74,0.5484,0.2625,0.0,1.9,87,9,0,male,tier_1_metro,artisan_freelance
APP_14557,29092.55,13796.71,0.5258,0.1517,0.7358,25.4,155,4,0,female,tier_2_urban,gig_delivery
APP_14558,38891.63,21458.57,0.4482,0.2119,0.0,9.2,370,3,0,male,tier_1_metro,street_food
APP_14559,41378.95,19082.07,0.5388,0.2301,0.3818,24.5,96,4,1,female,tier_3_rural,gig_delivery
APP_14560,46575.24,32664.77,0.2987,0.2088,0.0,13.1,226,4,0,female,tier_1_metro,grocery_kirana
APP_14561,34513.64,14729.93,0.5732,0.2472,0.0,1.0,157,9,1,male,tier_1_metro,gig_delivery
APP_14562,47547.75,22126.12,0.5347,0.222,0.6188,3.1,405,6,1,male,tier_2_urban,street_food
APP_14563,30742.93,18869.62,0.3862,0.2085,0.0,21.8,223,3,0,female,tier_1_metro,street_food
APP_14564,33749.23,16099.09,0.523,0.4689,0.299,32.9,51,4,1,male,tier_2_urban,artisan_freelance
APP_14565,31269.65,13216.6,0.5773,0.2641,0.0,11.2,116,4,1,male,tier_3_rural,gig_delivery
APP_14566,29682.89,13730.15,0.5374,0.1356,0.0,6.4,239,2,1,male,tier_2_urban,street_food
APP_14567,56345.65,28788.23,0.4891,0.2689,0.5376,7.6,221,12,1,male,tier_2_urban,street_food
APP_14568,65322.21,52618.07,0.1945,0.1192,0.672,5.7,161,6,0,male,tier_2_urban,grocery_kirana
APP_14569,30851.83,11250.48,0.6353,0.2849,0.2768,1.0,40,4,0,male,tier_1_metro,artisan_freelance
APP_14570,18797.66,7929.03,0.5782,0.266,0.5927,1.0,172,2,0,female,tier_1_metro,gig_delivery
APP_14571,25360.76,12406.1,0.5108,0.1765,0.7148,11.2,127,4,0,male,tier_1_metro,gig_delivery
APP_14572,39496.45,22985.15,0.418,0.5359,0.0,21.7,21,6,1,female,tier_2_urban,artisan_freelance
APP_14573,24611.63,10395.92,0.5776,0.2232,0.5345,1.0,119,2,0,male,tier_2_urban,gig_delivery
APP_14574,47904.82,24871.73,0.4808,0.4187,0.3921,7.6,70,6,0,female,tier_2_urban,artisan_freelance
APP_14575,49436.51,40079.08,0.1893,0.12,0.0,3.0,163,2,0,female,tier_3_rural,grocery_kirana
APP_14576,34036.13,15413.88,0.5471,0.1789,0.6746,19.4,262,12,1,female,tier_2_urban,street_food
APP_14577,43653.26,13743.05,0.6852,0.3158,0.6413,17.2,73,12,1,female,tier_3_rural,artisan_freelance
APP_14578,41104.6,20504.82,0.5012,0.2576,0.0,10.8,296,4,1,female,tier_2_urban,street_food
APP_14579,73700.86,54631.07,0.2587,0.2046,0.3125,60.0,226,3,0,male,tier_2_urban,grocery_kirana
APP_14580,27928.58,11882.87,0.5745,0.2803,0.386,13.5,134,6,1,male,tier_2_urban,gig_delivery
APP_14581,59044.81,41345.5,0.2998,0.1033,0.0,22.9,349,6,1,female,tier_1_metro,grocery_kirana
APP_14582,33404.42,12706.13,0.6196,0.5186,0.0,34.6,26,3,1,male,tier_1_metro,artisan_freelance
APP_14583,35360.57,21113.49,0.4029,0.4393,0.0,6.0,21,12,1,male,tier_1_metro,artisan_freelance
APP_14584,26828.29,10035.95,0.6259,0.2513,0.4907,29.3,58,6,1,male,tier_1_metro,artisan_freelance
APP_14585,56769.51,43070.14,0.2413,0.1594,0.7257,29.0,242,4,1,male,tier_1_metro,grocery_kirana
APP_14586,32108.29,11619.05,0.6381,0.2196,0.0,4.5,193,4,1,male,tier_1_metro,gig_delivery
APP_14587,27298.27,10923.2,0.5999,0.1749,0.1025,11.5,157,6,1,male,tier_1_metro,gig_delivery
APP_14588,45918.27,36730.35,0.2001,0.145,0.0,1.0,167,4,1,female,tier_2_urban,grocery_kirana
APP_14589,28637.92,10488.45,0.6338,0.2149,0.0,13.4,159,12,1,male,tier_1_metro,gig_delivery
APP_14590,46315.53,30074.37,0.3507,0.1504,0.1518,43.4,358,6,1,male,tier_3_rural,street_food
APP_14591,58487.26,47790.98,0.1829,0.1294,0.5255,10.7,398,6,1,male,tier_3_rural,grocery_kirana
APP_14592,44130.33,13916.15,0.6847,0.4116,0.0,18.1,71,9,1,female,tier_1_metro,artisan_freelance
APP_14593,27503.45,13416.62,0.5122,0.2267,0.4082,7.5,190,2,1,male,tier_2_urban,gig_delivery
APP_14594,30754.13,19287.86,0.3728,0.235,0.0,2.4,260,12,1,male,tier_2_urban,street_food
APP_14595,51233.84,32951.41,0.3568,0.2627,0.6312,4.2,376,4,1,male,tier_1_metro,street_food
APP_14596,53614.51,39286.78,0.2672,0.2036,0.0,2.0,208,3,0,female,tier_2_urban,grocery_kirana
APP_14597,26465.69,13436.7,0.4923,0.3638,0.0,26.0,23,4,1,female,tier_2_urban,artisan_freelance
APP_14598,72741.85,54733.05,0.2476,0.1341,0.1338,48.6,289,4,1,male,tier_1_metro,grocery_kirana
APP_14599,52840.71,40796.77,0.2279,0.0972,0.2326,11.9,190,6,1,male,tier_2_urban,grocery_kirana
APP_14600,23685.05,9438.43,0.6015,0.2205,0.5349,6.0,95,12,1,male,tier_2_urban,gig_delivery
APP_14601,47935.54,33893.1,0.2929,0.1916,0.1902,19.4,286,4,1,male,tier_1_metro,grocery_kirana
APP_14602,30334.66,19580.92,0.3545,0.1459,0.618,9.0,444,3,1,male,tier_3_rural,street_food
APP_14603,66824.37,51652.09,0.227,0.1745,0.7178,18.1,378,4,0,female,tier_2_urban,grocery_kirana
APP_14604,26095.68,12747.43,0.5115,0.3958,0.6243,4.9,65,4,0,male,tier_1_metro,artisan_freelance
APP_14605,33036.4,10566.84,0.6801,0.3856,0.0,9.4,69,9,1,male,tier_3_rural,artisan_freelance
APP_14606,41535.95,17520.56,0.5782,0.5426,0.533,2.9,32,9,1,female,tier_1_metro,artisan_freelance
APP_14607,33262.67,17023.54,0.4882,0.1727,0.3248,4.4,266,6,1,female,tier_3_rural,street_food
APP_14608,50150.79,24216.73,0.5171,0.2487,0.2728,14.1,389,12,1,male,tier_3_rural,street_food
APP_14609,35892.54,18849.59,0.4748,0.1412,0.0959,22.4,448,4,1,female,tier_2_urban,street_food
APP_14610,38741.31,22106.66,0.4294,0.5492,0.0,18.6,63,3,1,male,tier_2_urban,artisan_freelance
APP_14611,68334.75,55422.14,0.189,0.1358,0.0,3.6,178,12,1,male,tier_1_metro,grocery_kirana
APP_14612,43871.27,22926.07,0.4774,0.5284,0.0,41.2,71,3,1,female,tier_2_urban,artisan_freelance
APP_14613,21430.78,8312.01,0.6121,0.2428,0.0,10.5,103,4,1,male,tier_3_rural,gig_delivery
APP_14614,21754.02,9267.05,0.574,0.4619,0.6652,1.2,36,6,0,male,tier_2_urban,artisan_freelance
APP_14615,44286.78,35140.82,0.2065,0.1768,0.1643,13.7,373,3,1,male,tier_2_urban,grocery_kirana
APP_14616,26259.35,12919.61,0.508,0.4445,0.7268,46.3,67,3,1,male,tier_1_metro,artisan_freelance
APP_14617,17817.56,7966.99,0.5529,0.2758,0.6015,26.8,194,2,1,female,tier_3_rural,gig_delivery
APP_14618,38062.56,11784.7,0.6904,0.4616,0.4642,1.0,41,4,0,female,tier_1_metro,artisan_freelance
APP_14619,20956.35,11218.05,0.4647,0.46,0.0,10.2,80,12,1,male,tier_1_metro,artisan_freelance
APP_14620,32871.07,21306.86,0.3518,0.2765,0.0,7.0,328,3,1,female,tier_1_metro,street_food
APP_14621,46707.79,32113.82,0.3125,0.1748,0.4419,3.3,221,9,0,male,tier_2_urban,grocery_kirana
APP_14622,33142.59,13781.79,0.5842,0.2283,0.2421,1.0,126,6,1,male,tier_3_rural,gig_delivery
APP_14623,20801.97,10015.8,0.5185,0.1918,0.0,13.4,194,6,1,female,tier_3_rural,gig_delivery
APP_14624,30778.15,11779.16,0.6173,0.4961,0.4003,16.6,67,4,1,male,tier_1_metro,artisan_freelance
APP_14625,67908.32,53345.5,0.2144,0.1305,0.4314,2.9,270,4,0,female,tier_1_metro,grocery_kirana
APP_14626,28258.26,16077.43,0.4311,0.404,0.0,2.2,46,6,0,female,tier_3_rural,artisan_freelance
APP_14627,26190.23,14587.69,0.443,0.3416,0.0,1.3,40,4,0,male,tier_1_metro,artisan_freelance
APP_14628,60291.49,49183.86,0.1842,0.0917,0.6141,1.0,187,12,1,male,tier_2_urban,grocery_kirana
APP_14629,32075.01,16062.64,0.4992,0.1557,0.2447,44.6,372,4,1,female,tier_1_metro,street_food
APP_14630,36916.92,17039.64,0.5384,0.1892,0.2625,38.3,431,12,1,male,tier_1_metro,street_food
APP_14631,65950.1,50180.35,0.2391,0.1932,0.7373,13.1,256,3,1,male,tier_3_rural,grocery_kirana
APP_14632,30481.01,17976.1,0.4103,0.2378,0.2473,3.6,306,9,1,male,tier_2_urban,street_food
APP_14633,29628.57,13457.61,0.5458,0.2654,0.0,1.1,125,9,1,male,tier_2_urban,gig_delivery
APP_14634,31252.68,17944.46,0.4258,0.1481,0.2312,11.3,345,6,1,male,tier_2_urban,street_food
APP_14635,38267.26,22364.91,0.4156,0.1553,0.0,22.7,378,4,1,male,tier_2_urban,street_food
APP_14636,65666.07,44789.08,0.3179,0.1213,0.0,6.7,247,4,0,male,tier_2_urban,grocery_kirana
APP_14637,65829.9,52418.11,0.2037,0.1977,0.4826,7.5,205,9,0,male,tier_1_metro,grocery_kirana
APP_14638,25873.93,7872.65,0.6957,0.49,0.5216,12.0,42,12,1,male,tier_3_rural,artisan_freelance
APP_14639,27623.81,10920.07,0.6047,0.1576,0.0,7.1,84,6,1,male,tier_3_rural,gig_delivery
APP_14640,29140.07,12730.28,0.5631,0.2608,0.5552,11.6,99,6,1,female,tier_1_metro,gig_delivery
APP_14641,24889.65,11219.27,0.5492,0.1609,0.2578,19.9,325,3,0,female,tier_2_urban,street_food
APP_14642,23350.19,10000.6,0.5717,0.536,0.2971,14.3,41,3,1,male,tier_1_metro,artisan_freelance
APP_14643,27907.89,9937.73,0.6439,0.2857,0.1642,49.6,159,4,1,male,tier_2_urban,gig_delivery
APP_14644,37041.66,17704.03,0.5221,0.3581,0.1385,34.5,82,9,1,male,tier_1_metro,artisan_freelance
APP_14645,25910.85,12229.62,0.528,0.4461,0.0,7.5,53,4,1,male,tier_2_urban,artisan_freelance
APP_14646,24898.8,10196.7,0.5905,0.1857,0.0,3.9,160,4,1,male,tier_2_urban,gig_delivery
APP_14647,32929.54,11899.73,0.6386,0.2973,0.2185,32.5,83,6,1,male,tier_2_urban,gig_delivery
APP_14648,30387.83,12573.23,0.5862,0.3707,0.6152,9.1,21,9,1,male,tier_2_urban,artisan_freelance
APP_14649,27255.7,12738.24,0.5326,0.4771,0.1724,4.1,88,4,1,female,tier_1_metro,artisan_freelance
APP_14650,40174.86,18421.87,0.5415,0.3511,0.6581,6.5,33,4,1,male,tier_2_urban,artisan_freelance
APP_14651,15820.89,4877.23,0.6917,0.3199,0.0,11.7,67,3,0,male,tier_2_urban,artisan_freelance
APP_14652,62948.19,45482.19,0.2775,0.2136,0.2462,11.3,320,9,1,female,tier_1_metro,grocery_kirana
APP_14653,12000.0,9414.5,0.2155,0.085,0.6703,31.8,343,2,0,male,tier_2_urban,grocery_kirana
APP_14654,60404.94,43264.35,0.2838,0.105,0.0,7.7,167,4,1,male,tier_3_rural,grocery_kirana
APP_14655,26703.92,9934.14,0.628,0.5013,0.5298,8.7,77,2,0,male,tier_1_metro,artisan_freelance
APP_14656,40946.27,20754.9,0.4931,0.4323,0.3776,3.0,72,3,0,male,tier_1_metro,artisan_freelance
APP_14657,36791.4,14670.18,0.6013,0.2021,0.5761,1.3,163,6,0,male,tier_1_metro,gig_delivery
APP_14658,27757.43,16642.38,0.4004,0.3202,0.0,15.8,34,3,1,female,tier_3_rural,artisan_freelance
APP_14659,44461.12,26067.32,0.4137,0.1382,0.299,38.2,268,4,1,male,tier_1_metro,street_food
APP_14660,12000.0,5636.58,0.5303,0.4578,0.0,8.2,43,6,1,male,tier_2_urban,artisan_freelance
APP_14661,47542.15,24887.98,0.4765,0.1735,0.262,1.0,384,4,0,male,tier_1_metro,street_food
APP_14662,27934.85,13062.77,0.5324,0.1746,0.4404,14.7,89,3,0,female,tier_2_urban,gig_delivery
APP_14663,29916.11,16927.58,0.4342,0.2739,0.7305,2.5,423,2,0,male,tier_1_metro,street_food
APP_14664,32684.92,16830.63,0.4851,0.1284,0.0,16.9,325,2,1,male,tier_2_urban,street_food
APP_14665,34013.34,15980.14,0.5302,0.1815,0.0,8.3,96,4,1,female,tier_1_metro,gig_delivery
APP_14666,15974.09,7748.98,0.5149,0.3358,0.5694,1.0,61,12,1,male,tier_1_metro,artisan_freelance
APP_14667,26560.93,10568.52,0.6021,0.2659,0.5788,31.3,88,9,1,female,tier_2_urban,gig_delivery
APP_14668,40452.1,24566.47,0.3927,0.2169,0.0,1.5,184,3,1,female,tier_3_rural,street_food
APP_14669,22527.78,9295.61,0.5874,0.2661,0.3204,5.8,114,4,0,male,tier_2_urban,gig_delivery
APP_14670,33009.39,15913.1,0.5179,0.3592,0.1305,14.9,78,6,1,male,tier_1_metro,artisan_freelance
APP_14671,48605.97,35862.83,0.2622,0.1018,0.0,4.5,207,6,0,male,tier_1_metro,grocery_kirana
APP_14672,29514.65,15266.39,0.4828,0.3413,0.602,9.9,29,6,1,female,tier_1_metro,artisan_freelance
APP_14673,66761.85,51437.1,0.2295,0.1706,0.2761,5.5,176,12,0,male,tier_2_urban,grocery_kirana
APP_14674,38873.73,14227.43,0.634,0.2723,0.2687,60.0,78,6,1,female,tier_2_urban,artisan_freelance
APP_14675,46375.47,25389.87,0.4525,0.5044,0.0,4.7,89,3,0,male,tier_1_metro,artisan_freelance
APP_14676,21519.56,10823.06,0.4971,0.2166,0.3829,6.2,228,4,1,male,tier_3_rural,street_food
APP_14677,31067.87,15116.6,0.5134,0.1343,0.0,23.6,183,4,1,female,tier_1_metro,street_food
APP_14678,39098.4,22226.09,0.4315,0.2768,0.1558,15.5,415,3,1,male,tier_2_urban,street_food
APP_14679,38366.87,15617.34,0.5929,0.5208,0.1423,6.8,72,9,1,female,tier_1_metro,artisan_freelance
APP_14680,27444.3,15563.36,0.4329,0.2184,0.3724,10.7,395,6,1,male,tier_1_metro,street_food
APP_14681,27993.01,10286.79,0.6325,0.2264,0.7113,2.3,166,4,1,male,tier_3_rural,gig_delivery
APP_14682,34423.76,22231.58,0.3542,0.1389,0.406,13.1,241,4,1,male,tier_2_urban,street_food
APP_14683,56843.12,44540.81,0.2164,0.1818,0.7078,41.2,381,2,1,female,tier_1_metro,grocery_kirana
APP_14684,23832.25,13970.84,0.4138,0.5396,0.6951,9.0,42,3,1,male,tier_3_rural,artisan_freelance
APP_14685,38954.61,22109.82,0.4324,0.2879,0.1583,21.6,65,3,1,male,tier_1_metro,artisan_freelance
APP_14686,25501.44,10919.12,0.5718,0.2882,0.4909,2.2,140,6,0,male,tier_2_urban,gig_delivery
APP_14687,25995.97,9910.07,0.6188,0.2291,0.5354,18.9,176,4,0,female,tier_2_urban,gig_delivery
APP_14688,44917.29,33157.69,0.2618,0.1261,0.2858,10.9,351,4,0,male,tier_3_rural,grocery_kirana
APP_14689,52546.13,35863.18,0.3175,0.1938,0.2169,5.8,323,3,1,female,tier_1_metro,grocery_kirana
APP_14690,17284.53,6328.81,0.6338,0.2246,0.4283,14.4,103,4,0,female,tier_2_urban,gig_delivery
APP_14691,33281.9,14968.56,0.5502,0.521,0.2566,2.5,48,6,1,male,tier_1_metro,artisan_freelance
APP_14692,54268.73,41056.13,0.2435,0.1899,0.2933,10.0,248,4,1,female,tier_1_metro,grocery_kirana
APP_14693,47413.1,25718.64,0.4576,0.1593,0.0,60.0,285,6,1,female,tier_2_urban,street_food
APP_14694,44131.98,35159.36,0.2033,0.1253,0.0,13.6,178,4,1,male,tier_2_urban,grocery_kirana
APP_14695,38320.72,21478.13,0.4395,0.1971,0.0,17.1,241,9,1,female,tier_2_urban,street_food
APP_14696,55340.42,41763.52,0.2453,0.1913,0.6877,1.0,370,4,1,female,tier_3_rural,grocery_kirana
APP_14697,18388.5,7301.24,0.6029,0.2328,0.1434,20.1,159,3,1,male,tier_2_urban,gig_delivery
APP_14698,23696.17,8157.64,0.6557,0.376,0.0,2.3,46,3,1,female,tier_1_metro,artisan_freelance
APP_14699,21676.54,9992.78,0.539,0.4697,0.0,2.3,66,3,1,female,tier_2_urban,artisan_freelance
APP_14700,25550.32,14132.25,0.4469,0.2771,0.409,15.7,80,12,1,female,tier_1_metro,artisan_freelance
APP_14701,33647.16,14980.7,0.5548,0.2351,0.0,10.8,106,6,0,male,tier_1_metro,gig_delivery
APP_14702,34148.87,13356.12,0.6089,0.1574,0.551,16.2,122,6,1,male,tier_2_urban,gig_delivery
APP_14703,61993.94,45882.99,0.2599,0.0862,0.2205,13.3,255,2,1,female,tier_3_rural,grocery_kirana
APP_14704,25686.02,11550.03,0.5503,0.2096,0.0,22.2,142,9,1,male,tier_2_urban,gig_delivery
APP_14705,20846.81,9825.32,0.5287,0.2706,0.0,20.3,64,12,1,female,tier_1_metro,artisan_freelance
APP_14706,30372.9,13930.13,0.5414,0.296,0.0,3.3,95,6,1,male,tier_1_metro,gig_delivery
APP_14707,64611.6,43999.54,0.319,0.1599,0.5557,10.6,342,6,0,female,tier_1_metro,grocery_kirana
APP_14708,38969.27,17900.69,0.5406,0.3875,0.0992,8.5,40,3,0,female,tier_2_urban,artisan_freelance
APP_14709,40611.27,31319.88,0.2288,0.2147,0.734,2.3,312,12,0,female,tier_1_metro,grocery_kirana
APP_14710,46284.52,28970.19,0.3741,0.2636,0.0942,13.2,405,3,1,male,tier_1_metro,street_food
APP_14711,40757.04,21932.06,0.4619,0.1354,0.4339,4.0,374,6,0,male,tier_3_rural,street_food
APP_14712,20861.9,7552.2,0.638,0.1895,0.6065,15.7,119,6,1,female,tier_3_rural,gig_delivery
APP_14713,23140.27,11313.82,0.5111,0.3071,0.2889,5.5,60,2,1,female,tier_2_urban,artisan_freelance
APP_14714,44150.0,28609.2,0.352,0.1829,0.4233,1.3,411,9,1,female,tier_1_metro,street_food
APP_14715,33717.0,11012.49,0.6734,0.3662,0.1626,3.2,37,12,1,female,tier_1_metro,artisan_freelance
APP_14716,80569.75,57996.94,0.2802,0.1951,0.4801,1.0,316,3,0,male,tier_1_metro,grocery_kirana
APP_14717,18886.24,7095.21,0.6243,0.2198,0.0,11.9,100,3,0,male,tier_1_metro,gig_delivery
APP_14718,46364.83,18445.48,0.6022,0.4238,0.0,1.0,72,3,1,female,tier_3_rural,artisan_freelance
APP_14719,23473.86,8280.88,0.6472,0.3007,0.1491,5.8,79,9,0,female,tier_1_metro,artisan_freelance
APP_14720,27923.69,9660.18,0.6541,0.4016,0.493,5.2,33,4,1,female,tier_3_rural,artisan_freelance
APP_14721,39770.25,21466.72,0.4602,0.4923,0.0,9.6,72,4,1,female,tier_2_urban,artisan_freelance
APP_14722,36540.05,15478.69,0.5764,0.2209,0.1343,3.6,173,4,0,male,tier_1_metro,gig_delivery
APP_14723,58112.61,41246.9,0.2902,0.1774,0.0,16.3,369,4,1,female,tier_1_metro,grocery_kirana
APP_14724,28583.05,14817.51,0.4816,0.5054,0.1204,17.3,48,6,1,female,tier_1_metro,artisan_freelance
APP_14725,64543.36,51590.49,0.2007,0.1858,0.0,27.9,248,6,1,female,tier_1_metro,grocery_kirana
APP_14726,32263.81,19316.79,0.4013,0.4869,0.7405,40.6,46,12,0,male,tier_2_urban,artisan_freelance
APP_14727,24871.95,8794.41,0.6464,0.302,0.4441,8.9,162,4,1,male,tier_3_rural,gig_delivery
APP_14728,61102.29,48894.66,0.1998,0.1355,0.3299,33.2,351,3,1,female,tier_1_metro,grocery_kirana
APP_14729,57506.53,39922.74,0.3058,0.1085,0.0,5.4,392,3,0,male,tier_1_metro,grocery_kirana
APP_14730,27610.46,9897.21,0.6415,0.1634,0.0,42.8,150,6,1,female,tier_1_metro,gig_delivery
APP_14731,33035.13,12892.82,0.6097,0.2992,0.5074,50.2,92,4,1,male,tier_2_urban,gig_delivery
APP_14732,21828.1,9323.9,0.5728,0.2422,0.1561,24.1,89,9,1,female,tier_1_metro,gig_delivery
APP_14733,45012.6,31785.49,0.2939,0.0994,0.3679,7.0,337,12,0,female,tier_2_urban,grocery_kirana
APP_14734,47572.27,37811.67,0.2052,0.1924,0.0,28.9,345,6,1,female,tier_2_urban,grocery_kirana
APP_14735,24725.5,10335.97,0.582,0.2455,0.4225,53.1,154,2,0,female,tier_3_rural,gig_delivery
APP_14736,37463.89,20354.41,0.4567,0.4808,0.1236,1.3,65,3,0,male,tier_2_urban,artisan_freelance
APP_14737,64362.35,44290.95,0.3119,0.22,0.0,18.2,315,6,0,male,tier_1_metro,grocery_kirana
APP_14738,33725.9,18836.95,0.4415,0.2262,0.5925,11.8,234,6,0,female,tier_1_metro,street_food
APP_14739,28000.76,12768.11,0.544,0.1912,0.1187,60.0,80,9,1,female,tier_1_metro,gig_delivery
APP_14740,58177.27,41651.83,0.2841,0.0819,0.0,31.0,374,3,1,female,tier_1_metro,grocery_kirana
APP_14741,13918.83,6047.33,0.5655,0.2814,0.4075,12.6,88,3,0,male,tier_1_metro,artisan_freelance
APP_14742,25986.7,13576.95,0.4775,0.2595,0.1803,24.3,72,2,1,female,tier_3_rural,artisan_freelance
APP_14743,34563.82,24574.86,0.289,0.15,0.5647,2.8,301,3,0,female,tier_1_metro,grocery_kirana
APP_14744,24533.45,9662.27,0.6062,0.2923,0.318,31.0,164,3,1,male,tier_1_metro,gig_delivery
APP_14745,33058.93,13588.34,0.589,0.2416,0.0,4.3,170,2,0,female,tier_1_metro,gig_delivery
APP_14746,23080.63,9803.76,0.5752,0.1712,0.0,14.1,191,6,1,male,tier_1_metro,gig_delivery
APP_14747,31433.23,17956.08,0.4288,0.3619,0.4127,60.0,20,4,1,female,tier_3_rural,artisan_freelance
APP_14748,24144.15,11593.15,0.5198,0.2533,0.5637,4.1,132,9,0,male,tier_1_metro,gig_delivery
APP_14749,19173.03,6119.01,0.6809,0.3404,0.3223,10.8,38,4,1,female,tier_2_urban,artisan_freelance
APP_14750,50923.03,38654.26,0.2409,0.2176,0.4008,23.6,357,2,1,female,tier_3_rural,grocery_kirana
APP_14751,28524.5,14481.03,0.4923,0.1299,0.204,8.8,198,6,0,female,tier_1_metro,street_food
APP_14752,29835.46,12502.78,0.5809,0.4219,0.3478,5.8,61,3,0,male,tier_2_urban,artisan_freelance
APP_14753,29517.28,17310.27,0.4136,0.1618,0.0,13.9,388,2,0,male,tier_1_metro,street_food
APP_14754,24181.47,9466.13,0.6085,0.264,0.2072,37.3,99,3,1,female,tier_3_rural,gig_delivery
APP_14755,27534.06,13495.17,0.5099,0.276,0.0,11.6,131,4,1,male,tier_3_rural,gig_delivery
APP_14756,33307.37,26850.85,0.1938,0.1043,0.668,10.2,331,6,1,male,tier_1_metro,grocery_kirana
APP_14757,48307.91,22353.92,0.5373,0.2458,0.684,3.8,407,4,1,male,tier_2_urban,street_food
APP_14758,24728.85,9471.2,0.617,0.3064,0.1032,4.9,135,3,0,male,tier_2_urban,gig_delivery
APP_14759,38737.11,23279.61,0.399,0.2782,0.0,26.0,201,4,1,male,tier_3_rural,street_food
APP_14760,42656.63,30009.93,0.2965,0.0927,0.198,12.1,185,3,1,female,tier_2_urban,grocery_kirana
APP_14761,23339.34,12918.13,0.4465,0.2055,0.0,19.8,435,2,1,male,tier_2_urban,street_food
APP_14762,27374.58,20872.36,0.2375,0.1894,0.7266,12.1,317,4,1,male,tier_3_rural,grocery_kirana
APP_14763,36779.64,18660.67,0.4926,0.1299,0.0,7.3,202,12,0,male,tier_2_urban,street_food
APP_14764,26096.4,10877.16,0.5832,0.2653,0.0,3.4,168,6,0,male,tier_3_rural,gig_delivery
APP_14765,57082.77,40031.46,0.2987,0.1956,0.2734,2.4,202,3,0,female,tier_3_rural,grocery_kirana
APP_14766,33286.17,16508.5,0.504,0.1654,0.0,4.6,112,9,1,male,tier_3_rural,gig_delivery
APP_14767,49428.66,24592.19,0.5025,0.3155,0.3614,46.8,46,3,0,female,tier_1_metro,artisan_freelance
APP_14768,50977.61,41431.12,0.1873,0.186,0.4094,8.7,232,12,1,male,tier_1_metro,grocery_kirana
APP_14769,41496.48,20150.42,0.5144,0.1511,0.3424,6.9,321,3,0,male,tier_2_urban,street_food
APP_14770,23139.18,10698.95,0.5376,0.266,0.2704,13.8,97,12,1,male,tier_1_metro,gig_delivery
APP_14771,24949.32,11335.61,0.5457,0.2959,0.3819,4.0,181,4,0,male,tier_1_metro,gig_delivery
APP_14772,49784.69,37814.26,0.2404,0.1602,0.0,22.8,366,4,1,male,tier_1_metro,grocery_kirana
APP_14773,32196.53,11515.33,0.6423,0.4616,0.0,46.1,20,3,1,female,tier_1_metro,artisan_freelance
APP_14774,55711.67,42818.82,0.2314,0.1006,0.0,13.4,276,12,1,male,tier_2_urban,grocery_kirana
APP_14775,23598.41,8658.74,0.6331,0.2561,0.0,1.5,88,6,1,male,tier_2_urban,gig_delivery
APP_14776,41107.06,23599.0,0.4259,0.2383,0.0,5.1,207,2,1,male,tier_3_rural,street_food
APP_14777,31506.39,10815.3,0.6567,0.4204,0.5791,1.0,30,2,0,male,tier_2_urban,artisan_freelance
APP_14778,48356.24,39282.55,0.1876,0.1927,0.0,2.0,342,4,0,female,tier_3_rural,grocery_kirana
APP_14779,28566.12,12092.32,0.5767,0.2444,0.0,10.4,193,3,1,male,tier_2_urban,gig_delivery
APP_14780,54701.67,39671.07,0.2748,0.1514,0.0,7.5,350,6,1,male,tier_1_metro,grocery_kirana
APP_14781,37993.98,16141.47,0.5752,0.285,0.3141,9.6,65,9,1,male,tier_1_metro,artisan_freelance
APP_14782,62603.07,50166.83,0.1987,0.0808,0.0,19.8,370,6,1,male,tier_1_metro,grocery_kirana
APP_14783,16568.0,7945.14,0.5205,0.3141,0.1846,36.6,148,12,1,male,tier_3_rural,gig_delivery
APP_14784,34683.28,16953.15,0.5112,0.1598,0.0,40.2,172,3,1,male,tier_2_urban,gig_delivery
APP_14785,24192.44,11508.87,0.5243,0.2595,0.0,14.6,156,6,1,female,tier_1_metro,gig_delivery
APP_14786,31093.12,13623.12,0.5619,0.1787,0.4383,35.1,164,4,1,male,tier_2_urban,gig_delivery
APP_14787,12000.0,5102.87,0.5748,0.5259,0.6854,12.8,34,6,0,male,tier_2_urban,artisan_freelance
APP_14788,26189.47,12849.86,0.5094,0.1785,0.493,12.8,150,9,1,male,tier_1_metro,gig_delivery
APP_14789,27964.26,10789.68,0.6142,0.267,0.6787,16.5,82,2,0,male,tier_1_metro,artisan_freelance
APP_14790,45328.71,20976.01,0.5372,0.158,0.1461,1.4,408,12,0,male,tier_1_metro,street_food
APP_14791,41396.86,17478.75,0.5778,0.3686,0.4438,2.6,47,6,0,female,tier_3_rural,artisan_freelance
APP_14792,69700.49,54570.62,0.2171,0.1452,0.4155,1.0,155,3,1,female,tier_1_metro,grocery_kirana
APP_14793,73410.94,49946.13,0.3196,0.1532,0.0,1.0,184,4,1,female,tier_2_urban,grocery_kirana
APP_14794,24309.97,7845.69,0.6773,0.2622,0.216,36.4,50,6,1,male,tier_2_urban,artisan_freelance
APP_14795,30423.62,15598.29,0.4873,0.3809,0.0,2.9,23,3,1,female,tier_1_metro,artisan_freelance
APP_14796,29956.6,13151.31,0.561,0.2829,0.0,5.6,173,4,1,male,tier_1_metro,gig_delivery
APP_14797,22259.38,10099.28,0.5463,0.1621,0.4249,14.0,182,3,0,male,tier_1_metro,gig_delivery
APP_14798,46940.59,27364.76,0.417,0.4694,0.3072,41.3,68,12,1,male,tier_1_metro,artisan_freelance
APP_14799,62483.66,45056.49,0.2789,0.202,0.7183,9.2,207,12,0,male,tier_2_urban,grocery_kirana
APP_14800,47378.01,22312.06,0.5291,0.2371,0.6454,4.9,309,6,1,male,tier_3_rural,street_food
APP_14801,61837.4,49423.14,0.2008,0.1442,0.2535,35.6,304,4,1,male,tier_1_metro,grocery_kirana
APP_14802,45174.64,33797.54,0.2518,0.1851,0.5528,14.1,257,12,1,male,tier_2_urban,grocery_kirana
APP_14803,45523.41,34445.13,0.2434,0.1655,0.6813,1.1,231,2,0,female,tier_1_metro,grocery_kirana
APP_14804,29581.86,17291.43,0.4155,0.1815,0.7158,6.2,213,6,1,male,tier_1_metro,street_food
APP_14805,31741.51,14270.95,0.5504,0.2348,0.0,14.2,105,9,1,male,tier_1_metro,gig_delivery
APP_14806,33013.23,17655.88,0.4652,0.2283,0.0,1.4,388,3,0,female,tier_1_metro,street_food
APP_14807,42100.7,19832.24,0.5289,0.2283,0.287,11.9,260,6,0,male,tier_2_urban,street_food
APP_14808,41186.85,20553.66,0.501,0.1358,0.0,44.1,297,4,1,male,tier_3_rural,street_food
APP_14809,49974.31,23926.81,0.5212,0.1218,0.3022,10.2,342,9,0,female,tier_1_metro,street_food
APP_14810,63436.28,43726.66,0.3107,0.1252,0.7415,20.6,157,4,0,female,tier_2_urban,grocery_kirana
APP_14811,46078.62,37063.85,0.1956,0.1375,0.5266,3.0,184,9,1,male,tier_1_metro,grocery_kirana
APP_14812,33220.58,19913.5,0.4006,0.1308,0.3989,1.7,222,4,1,male,tier_1_metro,street_food
APP_14813,54661.39,38146.07,0.3021,0.2103,0.7399,52.6,356,4,0,female,tier_2_urban,grocery_kirana
APP_14814,58943.83,45029.34,0.2361,0.1876,0.0,6.6,183,4,0,female,tier_2_urban,grocery_kirana
APP_14815,19630.24,8104.32,0.5872,0.2376,0.3214,4.6,151,4,1,female,tier_1_metro,gig_delivery
APP_14816,40346.17,24982.33,0.3808,0.2497,0.0,18.8,442,4,0,male,tier_1_metro,street_food
APP_14817,34224.32,24874.55,0.2732,0.1704,0.22,9.0,247,3,1,male,tier_3_rural,grocery_kirana
APP_14818,73551.45,50498.91,0.3134,0.1855,0.2856,38.4,371,9,1,male,tier_2_urban,grocery_kirana
APP_14819,23503.84,10369.42,0.5588,0.2306,0.2197,19.9,101,4,1,male,tier_2_urban,gig_delivery
APP_14820,29963.26,13460.61,0.5508,0.178,0.5985,4.9,96,3,0,female,tier_1_metro,gig_delivery
APP_14821,73649.84,53365.38,0.2754,0.1785,0.0,3.9,282,4,1,female,tier_1_metro,grocery_kirana
APP_14822,22989.9,11667.86,0.4925,0.4674,0.0,8.1,43,3,0,male,tier_1_metro,artisan_freelance
APP_14823,25431.08,12156.06,0.522,0.1237,0.3874,5.0,359,2,1,male,tier_1_metro,street_food
APP_14824,28105.91,12830.66,0.5435,0.2378,0.4176,15.3,153,6,0,female,tier_1_metro,gig_delivery
APP_14825,29184.85,14074.55,0.5177,0.2523,0.1495,36.2,187,4,1,female,tier_2_urban,gig_delivery
APP_14826,42252.08,33519.13,0.2067,0.163,0.4113,15.7,389,9,1,male,tier_2_urban,grocery_kirana
APP_14827,24454.48,11763.35,0.519,0.1474,0.0,17.2,348,4,1,female,tier_3_rural,street_food
APP_14828,64963.9,45715.75,0.2963,0.1917,0.0,13.0,258,4,0,male,tier_3_rural,grocery_kirana
APP_14829,46420.51,36638.96,0.2107,0.1122,0.0,6.3,274,3,1,male,tier_1_metro,grocery_kirana
APP_14830,23920.23,10536.18,0.5595,0.1689,0.1978,2.5,164,6,1,male,tier_1_metro,gig_delivery
APP_14831,70431.89,56184.36,0.2023,0.0813,0.5152,7.4,255,3,0,male,tier_1_metro,grocery_kirana
APP_14832,46937.63,37303.12,0.2053,0.1074,0.3611,15.9,243,4,0,male,tier_3_rural,grocery_kirana
APP_14833,31491.59,16523.61,0.4753,0.2482,0.0,11.6,396,4,0,female,tier_3_rural,street_food
APP_14834,50737.58,23366.0,0.5395,0.1472,0.0,1.0,224,9,1,male,tier_2_urban,street_food
APP_14835,20383.71,9079.42,0.5546,0.2074,0.0,17.9,177,4,0,male,tier_1_metro,gig_delivery
APP_14836,42386.14,24282.3,0.4271,0.1817,0.2066,7.1,274,12,1,male,tier_3_rural,street_food
APP_14837,31388.92,11536.14,0.6325,0.1687,0.0,1.2,186,12,1,male,tier_3_rural,gig_delivery
APP_14838,26277.79,14291.92,0.4561,0.304,0.6169,2.1,21,2,0,male,tier_2_urban,artisan_freelance
APP_14839,12705.83,5258.1,0.5862,0.4017,0.3346,3.4,67,12,1,male,tier_2_urban,artisan_freelance
APP_14840,58034.18,44925.7,0.2259,0.1088,0.6694,18.7,266,4,0,male,tier_3_rural,grocery_kirana
APP_14841,50786.3,27273.27,0.463,0.1511,0.6422,12.6,320,6,1,male,tier_1_metro,street_food
APP_14842,35556.11,17853.13,0.4979,0.4118,0.1173,10.1,50,2,1,male,tier_1_metro,artisan_freelance
APP_14843,52798.9,27583.79,0.4776,0.2069,0.0,6.9,385,3,1,male,tier_1_metro,street_food
APP_14844,67838.71,55187.69,0.1865,0.1819,0.0,12.1,262,4,1,male,tier_1_metro,grocery_kirana
APP_14845,25194.77,16241.22,0.3554,0.2799,0.2502,1.6,289,3,0,male,tier_1_metro,street_food
APP_14846,27309.16,11909.83,0.5639,0.2862,0.0,5.5,82,4,1,female,tier_1_metro,gig_delivery
APP_14847,26575.46,12359.84,0.5349,0.1958,0.2155,23.6,119,9,1,female,tier_2_urban,gig_delivery
APP_14848,12000.0,3695.11,0.6921,0.285,0.4977,43.3,51,3,1,male,tier_1_metro,artisan_freelance
APP_14849,31169.48,19338.56,0.3796,0.256,0.0,1.0,201,4,0,female,tier_1_metro,street_food
APP_14850,40170.18,19562.73,0.513,0.2034,0.5358,16.9,339,4,0,female,tier_2_urban,street_food
APP_14851,41481.5,13589.19,0.6724,0.2775,0.0,13.8,71,3,1,male,tier_3_rural,artisan_freelance
APP_14852,39633.77,28851.68,0.272,0.0963,0.4958,1.8,342,4,1,female,tier_2_urban,grocery_kirana
APP_14853,25082.95,8982.04,0.6419,0.2238,0.26,6.3,141,3,1,female,tier_1_metro,gig_delivery
APP_14854,19999.07,11791.7,0.4104,0.5378,0.527,5.8,34,6,1,male,tier_1_metro,artisan_freelance
APP_14855,30936.69,14772.59,0.5225,0.2528,0.427,1.6,193,6,0,male,tier_1_metro,gig_delivery
APP_14856,25858.39,19568.1,0.2433,0.2153,0.62,2.4,276,6,0,male,tier_3_rural,grocery_kirana
APP_14857,60096.08,40872.59,0.3199,0.1213,0.0,4.4,306,12,1,male,tier_2_urban,grocery_kirana
APP_14858,20568.86,9449.09,0.5406,0.2635,0.7013,3.6,81,12,1,female,tier_3_rural,gig_delivery
APP_14859,27109.89,14131.09,0.4787,0.2676,0.5982,3.1,189,4,0,female,tier_2_urban,street_food
APP_14860,66668.87,50221.88,0.2467,0.1028,0.5845,8.6,253,4,0,male,tier_3_rural,grocery_kirana
APP_14861,24053.77,9369.41,0.6105,0.4073,0.2602,1.1,36,4,0,male,tier_2_urban,artisan_freelance
APP_14862,42133.23,16611.92,0.6057,0.3644,0.6983,18.1,41,4,1,female,tier_1_metro,artisan_freelance
APP_14863,58190.51,43427.86,0.2537,0.1736,0.1662,7.4,157,4,1,female,tier_1_metro,grocery_kirana
APP_14864,70103.6,56666.18,0.1917,0.1542,0.3895,14.7,318,4,1,male,tier_3_rural,grocery_kirana
APP_14865,32084.8,9959.12,0.6896,0.4604,0.15,12.6,85,3,1,male,tier_2_urban,artisan_freelance
APP_14866,41530.88,23154.53,0.4425,0.4707,0.5152,4.9,21,3,0,female,tier_3_rural,artisan_freelance
APP_14867,19821.97,11014.53,0.4443,0.2889,0.3761,1.0,41,6,1,male,tier_3_rural,artisan_freelance
APP_14868,46776.43,30148.07,0.3555,0.1396,0.0,5.8,377,6,1,female,tier_1_metro,street_food
APP_14869,48566.42,18818.9,0.6125,0.4135,0.0,5.7,54,6,1,male,tier_2_urban,artisan_freelance
APP_14870,32021.05,14385.23,0.5508,0.527,0.3214,5.4,28,4,0,male,tier_3_rural,artisan_freelance
APP_14871,43098.58,21576.64,0.4994,0.2374,0.0,12.0,378,2,1,female,tier_1_metro,street_food
APP_14872,27763.22,12926.52,0.5344,0.2421,0.5163,24.9,188,6,1,female,tier_3_rural,gig_delivery
APP_14873,32526.48,15613.86,0.52,0.2846,0.7456,4.1,167,3,1,female,tier_2_urban,gig_delivery
APP_14874,37838.95,13927.72,0.6319,0.2792,0.5662,16.3,100,6,1,male,tier_3_rural,gig_delivery
APP_14875,26417.29,14325.94,0.4577,0.3768,0.0,28.9,84,3,0,male,tier_3_rural,artisan_freelance
APP_14876,33808.12,12933.47,0.6174,0.2205,0.0,5.2,193,4,0,female,tier_3_rural,gig_delivery
APP_14877,26031.12,10879.93,0.582,0.1719,0.0,20.6,103,3,0,male,tier_3_rural,gig_delivery
APP_14878,43258.39,20032.4,0.5369,0.4709,0.0,19.7,88,3,1,male,tier_1_metro,artisan_freelance
APP_14879,23245.16,9788.68,0.5789,0.205,0.716,4.9,145,4,0,male,tier_2_urban,gig_delivery
APP_14880,66020.36,45805.02,0.3062,0.0949,0.3466,8.3,250,3,0,male,tier_2_urban,grocery_kirana
APP_14881,42461.91,21921.33,0.4837,0.2407,0.5343,3.5,181,4,0,female,tier_2_urban,street_food
APP_14882,13548.62,4907.5,0.6378,0.2112,0.4514,6.7,133,9,0,female,tier_1_metro,gig_delivery
APP_14883,29277.78,15008.66,0.4874,0.4832,0.0,14.3,43,4,1,male,tier_1_metro,artisan_freelance
APP_14884,49096.34,39701.71,0.1914,0.1781,0.0,18.1,243,4,1,female,tier_1_metro,grocery_kirana
APP_14885,53718.67,34496.15,0.3578,0.205,0.3023,26.2,382,9,1,male,tier_1_metro,street_food
APP_14886,42824.27,29248.64,0.317,0.1141,0.3587,12.0,319,2,1,female,tier_1_metro,grocery_kirana
APP_14887,47736.12,16709.16,0.65,0.3154,0.1944,16.7,43,4,1,male,tier_2_urban,artisan_freelance
APP_14888,31799.65,17559.82,0.4478,0.2465,0.0,1.6,186,9,1,male,tier_1_metro,street_food
APP_14889,39390.05,31453.68,0.2015,0.1106,0.2888,13.9,260,12,1,male,tier_1_metro,grocery_kirana
APP_14890,60468.73,41524.75,0.3133,0.1722,0.4496,19.6,309,2,1,female,tier_2_urban,grocery_kirana
APP_14891,27844.51,10920.45,0.6078,0.1586,0.5478,12.9,134,4,1,male,tier_3_rural,gig_delivery
APP_14892,25437.16,9539.79,0.625,0.2901,0.1964,41.8,97,4,1,female,tier_1_metro,gig_delivery
APP_14893,33821.12,18042.31,0.4665,0.1364,0.1579,30.7,428,2,1,male,tier_1_metro,street_food
APP_14894,43700.59,31522.44,0.2787,0.1838,0.0,29.3,169,12,0,male,tier_3_rural,grocery_kirana
APP_14895,37059.34,16145.44,0.5643,0.4238,0.2439,7.9,52,3,0,male,tier_3_rural,artisan_freelance
APP_14896,36339.79,16063.84,0.558,0.3199,0.3996,20.2,178,9,1,male,tier_3_rural,gig_delivery
APP_14897,22791.96,8089.61,0.6451,0.1561,0.2591,2.2,120,6,1,male,tier_3_rural,gig_delivery
APP_14898,14050.13,5622.04,0.5999,0.1593,0.0,4.6,185,6,0,female,tier_1_metro,gig_delivery
APP_14899,25254.19,10155.41,0.5979,0.4475,0.3947,7.1,61,3,1,male,tier_2_urban,artisan_freelance
APP_14900,51118.79,38816.41,0.2407,0.1038,0.2462,1.0,311,4,0,male,tier_1_metro,grocery_kirana
APP_14901,71931.42,57263.54,0.2039,0.0943,0.5399,18.1,231,6,1,male,tier_1_metro,grocery_kirana
APP_14902,46445.51,17420.66,0.6249,0.309,0.0,15.1,33,6,1,male,tier_1_metro,artisan_freelance
APP_14903,62552.89,49313.22,0.2117,0.0827,0.6431,18.2,154,9,1,male,tier_2_urban,grocery_kirana
APP_14904,84685.73,59353.56,0.2991,0.193,0.409,9.0,340,4,0,male,tier_3_rural,grocery_kirana
APP_14905,49537.64,26550.97,0.464,0.4766,0.3687,25.7,49,6,0,female,tier_3_rural,artisan_freelance
APP_14906,39245.51,30863.53,0.2136,0.2006,0.0,2.6,315,4,1,male,tier_2_urban,grocery_kirana
APP_14907,29796.49,13728.06,0.5393,0.288,0.5305,2.9,85,2,1,female,tier_1_metro,gig_delivery
APP_14908,53948.62,28965.92,0.4631,0.2675,0.6159,1.0,240,4,1,male,tier_1_metro,street_food
APP_14909,25324.77,11923.14,0.5292,0.1711,0.7426,49.8,174,3,1,male,tier_1_metro,gig_delivery
APP_14910,26131.42,13372.36,0.4883,0.2255,0.0,2.7,391,4,1,male,tier_1_metro,street_food
APP_14911,72606.68,55040.18,0.2419,0.1783,0.0,21.2,398,2,1,male,tier_1_metro,grocery_kirana
APP_14912,28688.03,13083.64,0.5439,0.1657,0.2434,46.6,174,9,1,female,tier_2_urban,gig_delivery
APP_14913,31656.92,13716.88,0.5667,0.4076,0.0,14.0,43,2,0,female,tier_1_metro,artisan_freelance
APP_14914,39084.38,19050.01,0.5126,0.4204,0.0,4.2,53,4,1,female,tier_1_metro,artisan_freelance
APP_14915,44059.86,23799.76,0.4598,0.2191,0.712,24.5,422,6,0,male,tier_3_rural,street_food
APP_14916,30747.93,9616.51,0.6872,0.3334,0.0,20.7,84,4,1,female,tier_1_metro,artisan_freelance
APP_14917,42178.59,20365.35,0.5172,0.1987,0.5187,28.6,438,12,1,male,tier_1_metro,street_food
APP_14918,22450.36,9438.18,0.5796,0.4073,0.0,7.8,64,6,1,male,tier_1_metro,artisan_freelance
APP_14919,32736.99,24110.52,0.2635,0.1905,0.7401,5.3,398,4,1,male,tier_3_rural,grocery_kirana
APP_14920,22469.76,11399.98,0.4927,0.4609,0.7049,1.0,71,2,0,male,tier_1_metro,artisan_freelance
APP_14921,29248.11,12170.71,0.5839,0.2592,0.3139,4.1,152,6,0,male,tier_3_rural,gig_delivery
APP_14922,22227.31,6710.56,0.6981,0.2996,0.0,26.1,58,2,1,male,tier_1_metro,artisan_freelance
APP_14923,26489.81,11714.48,0.5578,0.2549,0.2587,29.0,122,2,1,female,tier_1_metro,gig_delivery
APP_14924,23443.45,9538.94,0.5931,0.2488,0.0,2.3,145,9,1,male,tier_2_urban,gig_delivery
APP_14925,54601.06,41228.27,0.2449,0.1213,0.679,1.0,177,9,0,male,tier_2_urban,grocery_kirana
APP_14926,25882.7,13578.9,0.4754,0.4666,0.6541,12.4,44,3,0,male,tier_3_rural,artisan_freelance
APP_14927,28138.77,12841.46,0.5436,0.189,0.644,1.0,119,3,1,female,tier_1_metro,gig_delivery
APP_14928,34662.67,13280.53,0.6169,0.2167,0.0,4.9,146,6,1,male,tier_2_urban,gig_delivery
APP_14929,18409.34,5727.79,0.6889,0.5451,0.0,3.7,66,4,1,male,tier_2_urban,artisan_freelance
APP_14930,35758.26,22714.11,0.3648,0.1969,0.0,16.1,380,3,1,female,tier_2_urban,street_food
APP_14931,42486.28,24602.17,0.4209,0.2352,0.7149,21.4,333,4,0,female,tier_1_metro,street_food
APP_14932,20125.09,8057.17,0.5996,0.2801,0.3755,11.1,110,6,1,male,tier_1_metro,gig_delivery
APP_14933,32689.19,12806.89,0.6082,0.207,0.0,24.2,179,2,1,female,tier_3_rural,gig_delivery
APP_14934,24641.79,10157.76,0.5878,0.2896,0.0,12.8,105,6,1,male,tier_2_urban,gig_delivery
APP_14935,34201.1,13447.45,0.6068,0.474,0.5467,1.0,77,9,1,female,tier_2_urban,artisan_freelance
APP_14936,51651.74,27350.97,0.4705,0.224,0.0,2.5,234,12,0,male,tier_1_metro,street_food
APP_14937,43555.47,20570.47,0.5277,0.2607,0.0,14.1,35,4,1,male,tier_2_urban,artisan_freelance
APP_14938,21138.07,8672.53,0.5897,0.2408,0.0,8.7,118,3,1,male,tier_1_metro,gig_delivery
APP_14939,43947.19,20570.58,0.5319,0.1883,0.3653,1.0,261,2,1,male,tier_1_metro,street_food
APP_14940,32863.22,19865.08,0.3955,0.2396,0.4152,8.3,350,6,1,female,tier_3_rural,street_food
APP_14941,43930.95,17345.05,0.6052,0.3218,0.0,12.3,42,4,1,male,tier_1_metro,artisan_freelance
APP_14942,21287.82,7262.0,0.6589,0.5154,0.4248,31.1,87,2,0,female,tier_2_urban,artisan_freelance
APP_14943,15772.93,6742.17,0.5725,0.5026,0.0,5.5,60,4,1,male,tier_1_metro,artisan_freelance
APP_14944,28162.29,12175.99,0.5676,0.3028,0.2801,4.4,70,4,1,male,tier_3_rural,artisan_freelance
APP_14945,47841.32,28267.03,0.4092,0.2013,0.6148,1.0,376,4,0,male,tier_2_urban,street_food
APP_14946,39724.12,19445.99,0.5105,0.1836,0.0,6.5,366,4,1,female,tier_2_urban,street_food
APP_14947,21178.64,10785.83,0.4907,0.1738,0.6262,19.6,201,3,1,female,tier_1_metro,street_food
APP_14948,37741.54,26966.11,0.2855,0.1427,0.2591,2.0,231,12,1,male,tier_2_urban,grocery_kirana
APP_14949,29402.27,11183.73,0.6196,0.1889,0.4671,16.0,118,3,0,female,tier_2_urban,gig_delivery
APP_14950,25629.59,12064.89,0.5293,0.2055,0.0,38.9,153,6,1,male,tier_2_urban,gig_delivery
APP_14951,46722.92,21279.49,0.5446,0.3396,0.0,20.3,88,4,1,male,tier_2_urban,artisan_freelance
APP_14952,59429.13,44298.59,0.2546,0.1955,0.4455,3.4,388,4,0,male,tier_1_metro,grocery_kirana
APP_14953,34635.56,16047.07,0.5367,0.2609,0.0,10.2,235,6,0,male,tier_1_metro,street_food
APP_14954,66080.98,53671.68,0.1878,0.1953,0.2725,14.9,267,2,0,male,tier_2_urban,grocery_kirana
APP_14955,28055.35,11054.89,0.606,0.2701,0.2987,10.4,148,4,0,male,tier_2_urban,gig_delivery
APP_14956,44272.63,25367.05,0.427,0.2704,0.0,14.7,328,4,0,male,tier_1_metro,street_food
APP_14957,34893.61,16919.27,0.5151,0.2938,0.0,19.0,174,3,0,male,tier_2_urban,gig_delivery
APP_14958,39173.3,18319.15,0.5324,0.2162,0.0,13.7,392,4,1,female,tier_1_metro,street_food
APP_14959,45873.08,33781.5,0.2636,0.2138,0.6706,1.5,161,4,0,male,tier_3_rural,grocery_kirana
APP_14960,35890.36,19680.67,0.4516,0.1412,0.4602,1.0,336,12,0,female,tier_1_metro,street_food
APP_14961,37579.38,19450.09,0.4824,0.2959,0.2163,2.9,72,9,0,male,tier_3_rural,artisan_freelance
APP_14962,36929.37,19518.96,0.4715,0.2682,0.3003,7.2,363,3,1,male,tier_3_rural,street_food
APP_14963,31587.02,24129.2,0.2361,0.1204,0.0,27.8,253,3,1,male,tier_3_rural,grocery_kirana
APP_14964,50768.71,30019.15,0.4087,0.1734,0.0,60.0,291,4,1,female,tier_1_metro,street_food
APP_14965,26554.72,11112.95,0.5815,0.5061,0.0,3.0,48,12,1,male,tier_1_metro,artisan_freelance
APP_14966,29404.22,13781.96,0.5313,0.1547,0.0,5.0,196,3,1,male,tier_1_metro,street_food
APP_14967,33701.78,15387.44,0.5434,0.1662,0.1159,22.3,252,9,1,male,tier_1_metro,street_food
APP_14968,62114.62,42618.75,0.3139,0.1435,0.5177,7.0,314,4,1,male,tier_1_metro,grocery_kirana
APP_14969,34471.96,12679.22,0.6322,0.5215,0.0,6.1,25,2,0,female,tier_1_metro,artisan_freelance
APP_14970,34318.88,16798.69,0.5105,0.2474,0.6532,6.5,262,9,0,male,tier_1_metro,street_food
APP_14971,30220.59,12627.29,0.5822,0.2016,0.6855,41.8,170,4,1,female,tier_3_rural,gig_delivery
APP_14972,31586.53,12204.0,0.6136,0.2766,0.4208,8.2,117,4,0,female,tier_1_metro,gig_delivery
APP_14973,40885.84,18508.61,0.5473,0.451,0.32,6.8,64,3,0,female,tier_1_metro,artisan_freelance
APP_14974,35527.52,19987.98,0.4374,0.2158,0.2197,1.0,267,3,1,female,tier_1_metro,street_food
APP_14975,38655.17,22662.01,0.4137,0.1325,0.593,1.0,200,6,1,male,tier_3_rural,street_food
APP_14976,30850.53,14854.62,0.5185,0.1938,0.5476,17.7,197,9,1,male,tier_1_metro,gig_delivery
APP_14977,32189.05,16147.84,0.4983,0.1647,0.2836,19.4,250,3,0,female,tier_2_urban,street_food
APP_14978,38365.91,21529.08,0.4388,0.1698,0.2707,26.8,211,12,1,male,tier_2_urban,street_food
APP_14979,21521.34,11502.71,0.4655,0.2674,0.6313,3.6,76,3,0,male,tier_2_urban,artisan_freelance
APP_14980,58694.23,43524.55,0.2585,0.1509,0.6962,9.7,311,3,1,male,tier_2_urban,grocery_kirana
APP_14981,40090.61,14298.12,0.6434,0.4464,0.1625,52.7,27,4,0,female,tier_3_rural,artisan_freelance
APP_14982,36800.3,17593.55,0.5219,0.2655,0.3546,24.9,271,2,1,female,tier_1_metro,street_food
APP_14983,30395.96,13344.13,0.561,0.177,0.2238,20.4,104,9,1,male,tier_3_rural,gig_delivery
APP_14984,53463.39,39608.03,0.2592,0.1645,0.0,2.0,341,4,0,male,tier_2_urban,grocery_kirana
APP_14985,16257.9,8350.71,0.4864,0.4369,0.306,25.1,83,4,0,male,tier_2_urban,artisan_freelance
APP_14986,44982.71,31052.25,0.3097,0.1771,0.0,4.0,314,4,0,female,tier_1_metro,grocery_kirana
APP_14987,23599.93,10971.86,0.5351,0.1987,0.0,1.8,145,4,0,male,tier_1_metro,gig_delivery
APP_14988,16919.85,7093.64,0.5808,0.2579,0.2917,1.0,109,6,0,male,tier_3_rural,gig_delivery
APP_14989,12000.0,5364.0,0.553,0.2715,0.0,13.8,55,6,1,male,tier_2_urban,artisan_freelance
APP_14990,23295.26,11420.22,0.5098,0.2069,0.6407,50.2,352,3,1,female,tier_1_metro,street_food
APP_14991,71850.59,57432.41,0.2007,0.1353,0.1978,6.5,241,2,0,male,tier_1_metro,grocery_kirana
APP_14992,68880.96,48829.51,0.2911,0.1776,0.2843,10.4,346,6,1,female,tier_2_urban,grocery_kirana
APP_14993,44098.6,20604.92,0.5328,0.4119,0.0914,4.1,67,4,1,male,tier_3_rural,artisan_freelance
APP_14994,27434.05,17093.66,0.3769,0.2161,0.4513,6.6,288,4,1,male,tier_2_urban,street_food
APP_14995,28520.99,16381.72,0.4256,0.4708,0.0,8.6,32,4,1,female,tier_2_urban,artisan_freelance
APP_14996,42787.99,34330.12,0.1977,0.189,0.441,4.6,335,2,0,male,tier_1_metro,grocery_kirana
APP_14997,78365.42,54220.74,0.3081,0.1432,0.3832,5.5,338,2,0,male,tier_1_metro,grocery_kirana
APP_14998,35192.81,14868.32,0.5775,0.3153,0.4966,6.9,34,6,0,female,tier_1_metro,artisan_freelance
APP_14999,33939.02,12481.07,0.6323,0.2888,0.7399,16.8,62,3,0,male,tier_3_rural,artisan_freelance
